/*
*---------------------------------------------------------------
*                        Lvgl Font Tool                         
*                                                               
* 注:使用unicode编码                                              
* 注:本字体文件由Lvgl Font Tool V0.5测试版 生成                     
* 作者:阿里(qq:617622104)                                         
*---------------------------------------------------------------
*/


#include "lvgl.h"


static const uint8_t glyph_bitmap[] = {
/* 个 */
0x00,0x00,0x00,0x00,0x00,0x00,0x00,0x17,0x10,0x00,0x00,0x00,0x00,0x00,0x00,0x00,0x00,0x00,  //..............+*+...................
0x00,0x00,0x00,0x00,0x00,0x00,0x00,0x1f,0xf8,0x00,0x00,0x00,0x00,0x00,0x00,0x00,0x00,0x00,  //..............+@@%..................
0x00,0x00,0x00,0x00,0x00,0x00,0x00,0x0f,0xff,0x60,0x00,0x00,0x00,0x00,0x00,0x00,0x00,0x00,  //...............@@@*.................
0x00,0x00,0x00,0x00,0x00,0x00,0x00,0x4f,0xfe,0x10,0x00,0x00,0x00,0x00,0x00,0x00,0x00,0x00,  //..............*@@#+.................
0x00,0x00,0x00,0x00,0x00,0x00,0x00,0x9f,0xf8,0x00,0x00,0x00,0x00,0x00,0x00,0x00,0x00,0x00,  //..............%@@%..................
0x00,0x00,0x00,0x00,0x00,0x00,0x00,0xef,0xbe,0x50,0x00,0x00,0x00,0x00,0x00,0x00,0x00,0x00,  //..............#@%#*.................
0x00,0x00,0x00,0x00,0x00,0x00,0x05,0xff,0x12,0xf5,0x00,0x00,0x00,0x00,0x00,0x00,0x00,0x00,  //.............*@@++@*................
0x00,0x00,0x00,0x00,0x00,0x00,0x0d,0xf7,0x00,0x5f,0x50,0x00,0x00,0x00,0x00,0x00,0x00,0x00,  //.............#@*..*@*...............
0x00,0x00,0x00,0x00,0x00,0x00,0x7f,0xd0,0x00,0x08,0xf5,0x00,0x00,0x00,0x00,0x00,0x00,0x00,  //............*@#....%@*..............
0x00,0x00,0x00,0x00,0x00,0x01,0xef,0x40,0x00,0x00,0xbf,0x50,0x00,0x00,0x00,0x00,0x00,0x00,  //...........+#@*.....%@*.............
0x00,0x00,0x00,0x00,0x00,0x0b,0xfa,0x00,0x00,0x00,0x0d,0xf5,0x00,0x00,0x00,0x00,0x00,0x00,  //...........%@%.......#@*............
0x00,0x00,0x00,0x00,0x00,0x6f,0xd0,0x00,0x00,0x00,0x02,0xef,0x60,0x00,0x00,0x00,0x00,0x00,  //..........*@#........+#@*...........
0x00,0x00,0x00,0x00,0x02,0xff,0x20,0x13,0x10,0x00,0x00,0x5f,0xf9,0x00,0x00,0x00,0x00,0x00,  //.........+@@+.+*+.....*@@%..........
0x00,0x00,0x00,0x00,0x0d,0xf5,0x00,0x4f,0xfb,0x00,0x00,0x09,0xff,0xd3,0x00,0x00,0x00,0x00,  //.........#@*..*@@%.....%@@#*........
0x00,0x00,0x00,0x00,0xbf,0x80,0x00,0x0c,0xff,0x50,0x00,0x00,0xcf,0xff,0x91,0x00,0x00,0x00,  //........%@%....#@@*.....#@@@%+......
0x00,0x00,0x00,0x09,0xf9,0x00,0x00,0x07,0xff,0x00,0x00,0x00,0x2e,0xff,0xff,0x92,0x00,0x00,  //.......%@%.....*@@......+#@@@@%+....
0x00,0x00,0x00,0x9f,0x90,0x00,0x00,0x04,0xff,0x00,0x00,0x00,0x05,0xff,0xff,0xff,0xc6,0x10,  //......%@%......*@@.......*@@@@@@#*+.
0x00,0x00,0x05,0xf9,0x00,0x00,0x00,0x03,0xff,0x00,0x00,0x00,0x00,0x19,0xbd,0xfe,0xbb,0x50,  //.....*@%.......*@@........+%%#@#%%*.
0x00,0x00,0x9f,0x80,0x00,0x00,0x00,0x00,0xff,0x00,0x00,0x00,0x00,0x00,0x00,0x00,0x00,0x00,  //....%@%.........@@..................
0x00,0x09,0xe4,0x00,0x00,0x00,0x00,0x00,0xff,0x00,0x00,0x00,0x00,0x00,0x00,0x00,0x00,0x00,  //...%#*..........@@..................
0x00,0xb8,0x00,0x00,0x00,0x00,0x00,0x00,0xff,0x00,0x00,0x00,0x00,0x00,0x00,0x00,0x00,0x00,  //..%%............@@..................
0x03,0x10,0x00,0x00,0x00,0x00,0x00,0x00,0xff,0x00,0x00,0x00,0x00,0x00,0x00,0x00,0x00,0x00,  //.*+.............@@..................
0x00,0x00,0x00,0x00,0x00,0x00,0x00,0x00,0xff,0x00,0x00,0x00,0x00,0x00,0x00,0x00,0x00,0x00,  //................@@..................
0x00,0x00,0x00,0x00,0x00,0x00,0x00,0x00,0xff,0x00,0x00,0x00,0x00,0x00,0x00,0x00,0x00,0x00,  //................@@..................
0x00,0x00,0x00,0x00,0x00,0x00,0x00,0x00,0xff,0x00,0x00,0x00,0x00,0x00,0x00,0x00,0x00,0x00,  //................@@..................
0x00,0x00,0x00,0x00,0x00,0x00,0x00,0x01,0xff,0x00,0x00,0x00,0x00,0x00,0x00,0x00,0x00,0x00,  //...............+@@..................
0x00,0x00,0x00,0x00,0x00,0x00,0x00,0x03,0xff,0x00,0x00,0x00,0x00,0x00,0x00,0x00,0x00,0x00,  //...............*@@..................
0x00,0x00,0x00,0x00,0x00,0x00,0x00,0x03,0xff,0x00,0x00,0x00,0x00,0x00,0x00,0x00,0x00,0x00,  //...............*@@..................
0x00,0x00,0x00,0x00,0x00,0x00,0x00,0x07,0xff,0x00,0x00,0x00,0x00,0x00,0x00,0x00,0x00,0x00,  //...............*@@..................
0x00,0x00,0x00,0x00,0x00,0x00,0x00,0x08,0xfc,0x00,0x00,0x00,0x00,0x00,0x00,0x00,0x00,0x00,  //...............%@#..................
0x00,0x00,0x00,0x00,0x00,0x00,0x00,0x08,0xfb,0x00,0x00,0x00,0x00,0x00,0x00,0x00,0x00,0x00,  //...............%@%..................
0x00,0x00,0x00,0x00,0x00,0x00,0x00,0x05,0xfa,0x00,0x00,0x00,0x00,0x00,0x00,0x00,0x00,0x00,  //...............*@%..................
0x00,0x00,0x00,0x00,0x00,0x00,0x00,0x00,0xd6,0x00,0x00,0x00,0x00,0x00,0x00,0x00,0x00,0x00,  //................#*..................
0x00,0x00,0x00,0x00,0x00,0x00,0x00,0x00,0x10,0x00,0x00,0x00,0x00,0x00,0x00,0x00,0x00,0x00,  //................+...................


/* 于 */
0x00,0x00,0x00,0x00,0x00,0x00,0x00,0x00,0x02,0x69,0xee,0x70,0x00,0x00,0x00,0x00,  //.................+*%##*........
0x00,0x00,0x00,0x00,0x00,0x00,0x36,0x9b,0xff,0xff,0xff,0xe3,0x00,0x00,0x00,0x00,  //............**%%@@@@@@#*.......
0x00,0x00,0x00,0x05,0xbb,0xff,0xff,0xff,0xeb,0x97,0x31,0x00,0x00,0x00,0x00,0x00,  //.......*%%@@@@@@#%%**+.........
0x00,0x00,0x00,0x01,0x9e,0xdb,0x76,0xf9,0x00,0x00,0x00,0x00,0x00,0x00,0x00,0x00,  //.......+%##%**@%...............
0x00,0x00,0x00,0x00,0x00,0x00,0x00,0xef,0xc0,0x00,0x00,0x00,0x00,0x00,0x00,0x00,  //..............#@#..............
0x00,0x00,0x00,0x00,0x00,0x00,0x00,0xbf,0xd0,0x00,0x00,0x00,0x00,0x00,0x00,0x00,  //..............%@#..............
0x00,0x00,0x00,0x00,0x00,0x00,0x00,0x7f,0xb0,0x00,0x00,0x00,0x00,0x00,0x00,0x00,  //..............*@%..............
0x00,0x00,0x00,0x00,0x00,0x00,0x00,0x7f,0xb0,0x00,0x00,0x00,0x00,0x00,0x00,0x00,  //..............*@%..............
0x00,0x00,0x00,0x00,0x00,0x00,0x00,0x6f,0xb0,0x00,0x00,0x34,0x79,0xbb,0x71,0x00,  //..............*@%.....***%%%*+.
0x00,0x00,0x00,0x00,0x00,0x00,0x00,0x5f,0xd8,0xbc,0xff,0xff,0xff,0xff,0xff,0x60,  //..............*@#%%#@@@@@@@@@@*
0x00,0x00,0x00,0x00,0x35,0x7a,0xcf,0xff,0xff,0xfd,0xbb,0xbb,0xbb,0xcf,0xff,0xb0,  //........***%#@@@@@@#%%%%%%#@@@%
0x17,0x79,0xbc,0xff,0xff,0xfd,0xa7,0x6f,0xb0,0x00,0x00,0x00,0x00,0x00,0x00,0x00,  //+**%%#@@@@@#%**@%..............
0x07,0xff,0xff,0xc9,0x63,0x00,0x00,0x3f,0xb0,0x00,0x00,0x00,0x00,0x00,0x00,0x00,  //.*@@@@#%**....*@%..............
0x00,0x14,0x30,0x00,0x00,0x00,0x00,0x0f,0xd0,0x00,0x00,0x00,0x00,0x00,0x00,0x00,  //..+**..........@#..............
0x00,0x00,0x00,0x00,0x00,0x00,0x00,0x0f,0xf0,0x00,0x00,0x00,0x00,0x00,0x00,0x00,  //...............@@..............
0x00,0x00,0x00,0x00,0x00,0x00,0x00,0x0f,0xf0,0x00,0x00,0x00,0x00,0x00,0x00,0x00,  //...............@@..............
0x00,0x00,0x00,0x00,0x00,0x00,0x00,0x0f,0xf0,0x00,0x00,0x00,0x00,0x00,0x00,0x00,  //...............@@..............
0x00,0x00,0x00,0x00,0x00,0x00,0x00,0x0f,0xf0,0x00,0x00,0x00,0x00,0x00,0x00,0x00,  //...............@@..............
0x00,0x00,0x00,0x00,0x00,0x00,0x00,0x0f,0xf0,0x00,0x00,0x00,0x00,0x00,0x00,0x00,  //...............@@..............
0x00,0x00,0x00,0x00,0x00,0x00,0x00,0x0f,0xf0,0x00,0x00,0x00,0x00,0x00,0x00,0x00,  //...............@@..............
0x00,0x00,0x00,0x00,0x00,0x00,0x00,0x0f,0xf3,0x00,0x00,0x00,0x00,0x00,0x00,0x00,  //...............@@*.............
0x00,0x00,0x00,0x00,0x00,0x00,0x00,0x0f,0xf3,0x00,0x00,0x00,0x00,0x00,0x00,0x00,  //...............@@*.............
0x00,0x00,0x00,0x00,0x00,0x00,0x00,0x2f,0xf3,0x00,0x00,0x00,0x00,0x00,0x00,0x00,  //..............+@@*.............
0x00,0x00,0x00,0x00,0x00,0x00,0x00,0x3f,0xf3,0x00,0x00,0x00,0x00,0x00,0x00,0x00,  //..............*@@*.............
0x00,0x00,0x00,0x00,0x00,0x00,0x00,0x5f,0xf0,0x00,0x00,0x00,0x00,0x00,0x00,0x00,  //..............*@@..............
0x00,0x00,0x00,0x00,0x02,0x33,0x04,0xcf,0xf0,0x00,0x00,0x00,0x00,0x00,0x00,0x00,  //.........+**.*#@@..............
0x00,0x00,0x00,0x00,0x02,0xbf,0xff,0xff,0xa0,0x00,0x00,0x00,0x00,0x00,0x00,0x00,  //.........+%@@@@@%..............
0x00,0x00,0x00,0x00,0x00,0x06,0xff,0xff,0x50,0x00,0x00,0x00,0x00,0x00,0x00,0x00,  //...........*@@@@*..............
0x00,0x00,0x00,0x00,0x00,0x00,0x2f,0xfb,0x00,0x00,0x00,0x00,0x00,0x00,0x00,0x00,  //............+@@%...............
0x00,0x00,0x00,0x00,0x00,0x00,0x05,0xa0,0x00,0x00,0x00,0x00,0x00,0x00,0x00,0x00,  //.............*%................
0x00,0x00,0x00,0x00,0x00,0x00,0x00,0x00,0x00,0x00,0x00,0x00,0x00,0x00,0x00,0x00,  //...............................


/* 亮 */
0x00,0x00,0x00,0x00,0x00,0x0a,0xd8,0x10,0x00,0x00,0x00,0x00,0x00,0x00,0x00,  //...........%#%+..............
0x00,0x00,0x00,0x00,0x00,0x01,0xef,0xe1,0x00,0x00,0x00,0x00,0x00,0x00,0x00,  //...........+#@#+.............
0x00,0x00,0x00,0x00,0x00,0x00,0x2e,0xf7,0x00,0x00,0x00,0x00,0x00,0x00,0x00,  //............+#@*.............
0x00,0x00,0x00,0x00,0x00,0x00,0x02,0xb4,0x00,0x00,0x00,0x32,0x00,0x00,0x00,  //.............+%*......*+.....
0x00,0x00,0x00,0x00,0x00,0x00,0x00,0x02,0x37,0x8b,0xdf,0xff,0xb0,0x00,0x00,  //...............+**%%#@@@%....
0x00,0x00,0x00,0x01,0x34,0x79,0xbd,0xff,0xff,0xcb,0xbb,0xb7,0x70,0x00,0x00,  //.......+***%%#@@@@#%%%%**....
0x00,0x04,0xff,0xff,0xff,0xdb,0x87,0x33,0x00,0x00,0x00,0x00,0x00,0x00,0x00,  //...*@@@@@@#%%***.............
0x00,0x00,0x37,0x76,0x30,0x00,0x00,0x00,0x3b,0x70,0x00,0x00,0x00,0x00,0x00,  //....*****.......*%*..........
0x00,0x00,0x00,0x01,0x10,0x00,0x35,0x9d,0xff,0xfc,0x20,0x00,0x00,0x00,0x00,  //.......++...**%#@@@#+........
0x00,0x00,0x00,0x05,0xff,0xff,0xb8,0x63,0x7f,0xff,0x60,0x00,0x00,0x00,0x00,  //.......*@@@@%%***@@@*........
0x00,0x00,0x00,0x00,0xdf,0x70,0x00,0x00,0x3f,0xf5,0x00,0x00,0x00,0x00,0x00,  //........#@*.....*@@*.........
0x00,0x00,0x00,0x00,0x5f,0x70,0x00,0x00,0x7f,0x70,0x00,0x00,0x00,0x00,0x00,  //........*@*.....*@*..........
0x00,0x00,0x00,0x00,0x0f,0xa0,0x03,0x69,0xdf,0x80,0x00,0x00,0x00,0x00,0x00,  //.........@%..**%#@%..........
0x00,0x00,0x00,0x00,0x09,0xee,0xca,0x76,0x33,0x00,0x00,0x01,0x20,0x00,0x00,  //.........%###%****.....++....
0x00,0x00,0x00,0x00,0x03,0xb0,0x00,0x00,0x00,0x03,0x69,0xcf,0xfc,0x20,0x00,  //.........*%........**%#@@#+..
0x00,0x06,0x00,0x00,0x00,0x00,0x34,0x79,0xbe,0xff,0xfc,0xbd,0xff,0xf5,0x00,  //...*........***%%#@@@#%#@@@*.
0x00,0x2e,0x03,0x47,0x9b,0xdf,0xeb,0xa7,0x73,0x30,0x00,0x04,0xff,0xff,0x30,  //..+#.***%%#@#%%****....*@@@@*
0x00,0x9f,0xfb,0xb7,0x63,0x20,0x00,0x00,0x00,0x00,0x00,0x0b,0xfd,0x84,0x00,  //..%@@%%***+............%@#%*.
0x02,0xff,0x00,0x00,0x00,0x00,0x00,0x26,0x00,0x00,0x00,0x3e,0x60,0x00,0x00,  //.+@@..........+*......*#*....
0x0c,0xfa,0x00,0x00,0x18,0x41,0x38,0xef,0xe5,0x00,0x00,0x20,0x00,0x00,0x00,  //.#@%....+%*+*%#@#*....+......
0x3f,0xf3,0x00,0x00,0x0d,0xfd,0xb7,0xbf,0xd2,0x00,0x00,0x00,0x00,0x00,0x00,  //*@@*.....#@#%*%@#+...........
0x1f,0xb0,0x00,0x00,0x0b,0xf3,0x00,0x7f,0x50,0x00,0x00,0x00,0x00,0x00,0x00,  //+@%......%@*..*@*............
0x02,0x00,0x00,0x00,0x0b,0xf0,0x00,0x7f,0x00,0x00,0x00,0x00,0x00,0x00,0x00,  //.+.......%@...*@.............
0x00,0x00,0x00,0x00,0x0f,0xd0,0x00,0x7d,0x00,0x00,0x00,0x00,0x00,0x00,0x00,  //.........@#...*#.............
0x00,0x00,0x00,0x00,0x5f,0x90,0x00,0x7b,0x00,0x00,0x00,0x00,0x00,0x03,0x00,  //........*@%...*%...........*.
0x00,0x00,0x00,0x00,0xbf,0x30,0x00,0x7b,0x00,0x00,0x00,0x00,0x00,0x09,0x00,  //........%@*...*%...........%.
0x00,0x00,0x00,0x03,0xfb,0x00,0x00,0x7c,0x00,0x00,0x00,0x00,0x00,0x5d,0x00,  //.......*@%....*#..........*#.
0x00,0x00,0x00,0x0e,0xf2,0x00,0x00,0x6f,0x10,0x00,0x00,0x00,0x00,0xcf,0x00,  //.......#@+....*@+.........#@.
0x00,0x00,0x00,0xcf,0x50,0x00,0x00,0x2f,0xd4,0x00,0x00,0x00,0x3c,0xff,0x20,  //......#@*.....+@#*......*#@@+
0x00,0x00,0x2d,0xe4,0x00,0x00,0x00,0x09,0xff,0xfb,0xbb,0xbe,0xff,0xff,0x30,  //....+##*.......%@@@%%%%#@@@@*
0x00,0x08,0xf9,0x10,0x00,0x00,0x00,0x00,0x8f,0xff,0xff,0xff,0xff,0xf8,0x00,  //...%@%+.........%@@@@@@@@@@%.
0x03,0xa6,0x10,0x00,0x00,0x00,0x00,0x00,0x00,0x58,0xbb,0xbb,0x76,0x10,0x00,  //.*%*+.............*%%%%%**+..


/* 储 */
0x00,0x00,0x00,0x00,0x00,0x00,0x00,0x00,0x00,0x00,0x84,0x00,0x00,0x00,0x00,0x00,0x00,  //....................%*...........
0x00,0x00,0x00,0x00,0x60,0x00,0x00,0x00,0x00,0x00,0xcf,0xc0,0x00,0x00,0x00,0x00,0x00,  //........*...........#@#..........
0x00,0x00,0x00,0x00,0xfd,0x20,0x00,0x00,0x00,0x00,0x6f,0xf2,0x00,0x00,0x00,0x00,0x00,  //........@#+.........*@@+.........
0x00,0x00,0x00,0x00,0xff,0xe0,0x00,0x00,0x00,0x00,0x3f,0xe0,0x00,0x00,0x00,0x00,0x00,  //........@@#.........*@#..........
0x00,0x00,0x00,0x01,0xff,0x90,0x20,0x00,0x00,0x00,0x1f,0xb0,0x00,0x0a,0x50,0x00,0x00,  //.......+@@%.+.......+@%....%*....
0x00,0x00,0x00,0x07,0xfd,0x01,0xfd,0x30,0x00,0x00,0x0f,0xb0,0x00,0x0b,0xfc,0x00,0x00,  //.......*@#.+@#*......@%....%@#...
0x00,0x00,0x00,0x0d,0xf5,0x00,0x8f,0xe1,0x00,0x00,0x0f,0xb0,0x00,0x0d,0xfc,0x00,0x00,  //.......#@*..%@#+.....@%....#@#...
0x00,0x00,0x00,0x5f,0xb0,0x00,0x0c,0xf3,0x00,0x00,0x0f,0xd7,0x73,0x1f,0xf1,0x00,0x00,  //......*@%....#@*.....@#***+@@+...
0x00,0x00,0x00,0xdf,0x30,0x00,0x00,0x71,0x00,0x6a,0xef,0xff,0xc2,0x8f,0x70,0x00,0x00,  //......#@*.....*+..*%#@@@#+%@*....
0x00,0x00,0x04,0xf9,0x00,0x00,0x00,0x00,0x00,0x6a,0xbf,0xc1,0x00,0xee,0x00,0x00,0x00,  //.....*@%..........*%%@#+..##.....
0x00,0x00,0x0c,0xe0,0x00,0x00,0x00,0x00,0x00,0x00,0x0f,0xb0,0x07,0xf7,0x00,0x00,0x00,  //.....##..............@%..*@*.....
0x00,0x00,0x5f,0x60,0x00,0x00,0x00,0x00,0x00,0x00,0x0f,0xa0,0x0e,0xe1,0x49,0xb6,0x00,  //....*@*..............@%..##+*%%*.
0x00,0x00,0xee,0xe2,0x00,0x00,0x5a,0x50,0x00,0x00,0x0f,0x94,0xaf,0xff,0xff,0xff,0x70,  //....###+....*%*......@%*%@@@@@@@*
0x00,0x08,0xe2,0xfa,0x00,0x07,0xff,0xf3,0x03,0x58,0xcf,0xff,0xfd,0x74,0x33,0x00,0x00,  //...%#+@%...*@@@*.**%#@@@@#****...
0x00,0x4f,0x40,0xfb,0x49,0xed,0xff,0xa0,0xbf,0xff,0xc8,0x5b,0xf5,0x00,0x00,0x00,0x00,  //..*@*.@%*%##@@%.%@@@#%*%@*.......
0x00,0xe6,0x00,0xfb,0x06,0x50,0xbf,0x10,0x03,0x30,0x00,0x1f,0xb0,0x00,0x00,0x00,0x00,  //..#*..@%.**.%@+..**...+@%........
0x0a,0x90,0x00,0xfb,0x00,0x00,0xbd,0x00,0x00,0x00,0x00,0xaf,0x20,0x00,0x00,0x00,0x00,  //.%%...@%....%#........%@+........
0x65,0x00,0x00,0xf9,0x00,0x00,0xbb,0x00,0x00,0x00,0x04,0xf8,0x00,0x31,0x00,0x00,0x00,  //**....@%....%%.......*@%..*+.....
0x00,0x00,0x00,0xf7,0x00,0x00,0xc7,0x00,0x00,0x00,0x0e,0xd3,0x6c,0xff,0x90,0x00,0x00,  //......@*....#*.......##**#@@%....
0x00,0x00,0x00,0xf7,0x00,0x00,0xf6,0x00,0x40,0x08,0xef,0xca,0x77,0xaf,0xf7,0x00,0x00,  //......@*....@*..*..%#@#%**%@@*...
0x00,0x00,0x00,0xf7,0x00,0x00,0xf3,0x2d,0x00,0x07,0xf6,0x00,0x00,0x0f,0xf2,0x00,0x00,  //......@*....@*+#...*@*.....@@+...
0x00,0x00,0x01,0xf7,0x00,0x04,0xf4,0xe5,0x00,0x2f,0xf3,0x00,0x00,0x0f,0xf0,0x00,0x00,  //.....+@*...*@*#*..+@@*.....@@....
0x00,0x00,0x03,0xf7,0x00,0x08,0xfe,0x90,0x00,0xde,0xf3,0x00,0x00,0x0f,0xd0,0x00,0x00,  //.....*@*...%@#%...##@*.....@#....
0x00,0x00,0x03,0xf7,0x00,0x0e,0xfc,0x00,0x09,0xf2,0xf8,0x7a,0xd7,0x0f,0xd0,0x00,0x00,  //.....*@*...#@#...%@+@%*%#*.@#....
0x00,0x00,0x07,0xf7,0x00,0x6f,0xf2,0x00,0x5f,0x50,0xf9,0x77,0x40,0x0f,0xf0,0x00,0x00,  //.....*@*..*@@+..*@*.@%***..@@....
0x00,0x00,0x08,0xf7,0x00,0x1e,0x90,0x03,0xf5,0x00,0xf3,0x00,0x00,0x0f,0xf0,0x00,0x00,  //.....%@*..+#%..*@*..@*.....@@....
0x00,0x00,0x0b,0xf7,0x00,0x01,0x00,0x2e,0x50,0x00,0xf3,0x00,0x00,0x1f,0xf0,0x00,0x00,  //.....%@*...+..+#*...@*....+@@....
0x00,0x00,0x0f,0xf4,0x00,0x00,0x02,0xb2,0x00,0x03,0xf3,0x00,0x33,0x3f,0xf0,0x00,0x00,  //.....@@*.....+%+...*@*..***@@....
0x00,0x00,0x0e,0xf3,0x00,0x00,0x01,0x00,0x00,0x03,0xfc,0xdf,0xff,0xff,0xb0,0x00,0x00,  //.....#@*.....+.....*@##@@@@@%....
0x00,0x00,0x0a,0xf0,0x00,0x00,0x00,0x00,0x00,0x03,0xf8,0x32,0x00,0x7f,0x90,0x00,0x00,  //.....%@............*@%*+..*@%....
0x00,0x00,0x03,0x70,0x00,0x00,0x00,0x00,0x00,0x00,0x90,0x00,0x00,0x0e,0x30,0x00,0x00,  //.....**.............%......#*....
0x00,0x00,0x00,0x00,0x00,0x00,0x00,0x00,0x00,0x00,0x00,0x00,0x00,0x01,0x00,0x00,0x00,  //...........................+.....


/* 全 */
0x00,0x00,0x00,0x00,0x00,0x00,0x00,0x61,0x00,0x00,0x00,0x00,0x00,0x00,0x00,0x00,0x00,  //..............*+..................
0x00,0x00,0x00,0x00,0x00,0x00,0x01,0xff,0x80,0x00,0x00,0x00,0x00,0x00,0x00,0x00,0x00,  //.............+@@%.................
0x00,0x00,0x00,0x00,0x00,0x00,0x00,0xff,0xf6,0x00,0x00,0x00,0x00,0x00,0x00,0x00,0x00,  //..............@@@*................
0x00,0x00,0x00,0x00,0x00,0x00,0x03,0xff,0xe0,0x00,0x00,0x00,0x00,0x00,0x00,0x00,0x00,  //.............*@@#.................
0x00,0x00,0x00,0x00,0x00,0x00,0x08,0xff,0x40,0x00,0x00,0x00,0x00,0x00,0x00,0x00,0x00,  //.............%@@*.................
0x00,0x00,0x00,0x00,0x00,0x00,0x0e,0xfe,0x90,0x00,0x00,0x00,0x00,0x00,0x00,0x00,0x00,  //.............#@#%.................
0x00,0x00,0x00,0x00,0x00,0x00,0x7f,0xf2,0x99,0x00,0x00,0x00,0x00,0x00,0x00,0x00,0x00,  //............*@@+%%................
0x00,0x00,0x00,0x00,0x00,0x00,0xef,0x70,0x0b,0xc0,0x00,0x00,0x00,0x00,0x00,0x00,0x00,  //............#@*..%#...............
0x00,0x00,0x00,0x00,0x00,0x08,0xfc,0x00,0x00,0xce,0x20,0x00,0x00,0x00,0x00,0x00,0x00,  //...........%@#....##+.............
0x00,0x00,0x00,0x00,0x00,0x3f,0xf2,0x00,0x00,0x0d,0xf6,0x00,0x00,0x00,0x00,0x00,0x00,  //..........*@@+.....#@*............
0x00,0x00,0x00,0x00,0x00,0xdf,0x70,0x00,0x00,0x02,0xef,0xa0,0x00,0x00,0x00,0x00,0x00,  //..........#@*......+#@%...........
0x00,0x00,0x00,0x00,0x0a,0xfb,0x00,0x00,0x00,0x00,0x3f,0xfe,0x30,0x00,0x00,0x00,0x00,  //.........%@%........*@@#*.........
0x00,0x00,0x00,0x00,0x8f,0xd0,0x00,0x00,0x00,0x00,0x06,0xff,0xf9,0x00,0x00,0x00,0x00,  //........%@#..........*@@@%........
0x00,0x00,0x00,0x05,0xfe,0x20,0x00,0x00,0x00,0x00,0x00,0x9f,0xff,0xe7,0x00,0x00,0x00,  //.......*@#+...........%@@@#*......
0x00,0x00,0x00,0x5f,0xe2,0x00,0x00,0x37,0xbe,0xff,0xd0,0x09,0xff,0xff,0xe7,0x10,0x00,  //......*@#+....**%#@@#..%@@@@#*+...
0x00,0x00,0x05,0xfc,0x11,0x69,0xcf,0xff,0xff,0xd8,0x30,0x00,0x7e,0xff,0xff,0xfc,0x50,  //.....*@#++*%#@@@@@#%*...*#@@@@@#*.
0x00,0x00,0x7f,0xa0,0x00,0x57,0x77,0xef,0x71,0x00,0x00,0x00,0x00,0x47,0x77,0x63,0x20,  //....*@%...****#@*+........******+.
0x00,0x09,0xe4,0x00,0x00,0x00,0x00,0xbf,0xd0,0x00,0x00,0x00,0x00,0x00,0x00,0x00,0x00,  //...%#*........%@#.................
0x00,0xa7,0x00,0x00,0x00,0x00,0x00,0x8f,0xb0,0x00,0x00,0x00,0x00,0x00,0x00,0x00,0x00,  //..%*..........%@%.................
0x01,0x00,0x00,0x00,0x00,0x00,0x00,0x7f,0x72,0x57,0x82,0x00,0x00,0x00,0x00,0x00,0x00,  //.+............*@*+**%+............
0x00,0x00,0x00,0x00,0x00,0x23,0x67,0xcf,0xff,0xff,0xf8,0x00,0x00,0x00,0x00,0x00,0x00,  //..........+***#@@@@@@%............
0x00,0x00,0x00,0x00,0x0c,0xff,0xff,0xff,0xeb,0x96,0x10,0x00,0x00,0x00,0x00,0x00,0x00,  //.........#@@@@@@#%%*+.............
0x00,0x00,0x00,0x00,0x00,0x56,0x30,0x7f,0x70,0x00,0x00,0x00,0x00,0x00,0x00,0x00,0x00,  //..........***.*@*.................
0x00,0x00,0x00,0x00,0x00,0x00,0x00,0x7f,0x70,0x00,0x00,0x00,0x00,0x00,0x00,0x00,0x00,  //..............*@*.................
0x00,0x00,0x00,0x00,0x00,0x00,0x00,0x7f,0x70,0x00,0x00,0x00,0x00,0x00,0x00,0x00,0x00,  //..............*@*.................
0x00,0x00,0x00,0x00,0x00,0x00,0x00,0x7f,0x50,0x00,0x00,0x00,0x00,0x00,0x00,0x00,0x00,  //..............*@*.................
0x00,0x00,0x00,0x00,0x00,0x00,0x00,0x7f,0x63,0x37,0x77,0x9b,0xbb,0x81,0x00,0x00,0x00,  //..............*@******%%%%%+......
0x00,0x00,0x00,0x02,0x35,0x79,0xbe,0xff,0xff,0xff,0xff,0xff,0xff,0xfe,0x20,0x00,0x00,  //.......+***%%#@@@@@@@@@@@@@#+.....
0x00,0x03,0xff,0xff,0xff,0xfe,0xba,0x77,0x43,0x33,0x33,0x33,0x47,0x9b,0x70,0x00,0x00,  //...*@@@@@@@#%%************%%*.....
0x00,0x00,0x3a,0xba,0x63,0x00,0x00,0x00,0x00,0x00,0x00,0x00,0x00,0x00,0x00,0x00,0x00,  //....*%%%**........................


/* 关 */
0x00,0x00,0x00,0x00,0x00,0x00,0x00,0x00,0x00,0x00,0x51,0x00,0x00,0x00,0x00,0x00,  //....................*+..........
0x00,0x00,0x00,0x00,0x00,0x00,0x00,0x00,0x00,0x00,0xfe,0x70,0x00,0x00,0x00,0x00,  //....................@#*.........
0x00,0x00,0x00,0x00,0x00,0x00,0x00,0x00,0x00,0x00,0xff,0xf8,0x00,0x00,0x00,0x00,  //....................@@@%........
0x00,0x00,0x00,0x00,0x11,0x00,0x00,0x00,0x00,0x02,0xff,0xe3,0x00,0x00,0x00,0x00,  //........++.........+@@#*........
0x00,0x00,0x00,0x00,0x6f,0x91,0x00,0x00,0x00,0x09,0xfe,0x20,0x00,0x00,0x00,0x00,  //........*@%+.......%@#+.........
0x00,0x00,0x00,0x00,0x0e,0xfe,0x20,0x00,0x00,0x0e,0xf5,0x00,0x00,0x00,0x00,0x00,  //.........#@#+......#@*..........
0x00,0x00,0x00,0x00,0x06,0xff,0xa0,0x00,0x00,0x7f,0x60,0x00,0x00,0x00,0x00,0x00,  //.........*@@%.....*@*...........
0x00,0x00,0x00,0x00,0x00,0xbf,0xa0,0x00,0x01,0xf9,0x00,0x00,0x00,0x00,0x00,0x00,  //..........%@%....+@%............
0x00,0x00,0x00,0x00,0x00,0x1d,0x40,0x00,0x0a,0xc0,0x00,0x00,0x00,0x00,0x00,0x00,  //..........+#*....%#.............
0x00,0x00,0x00,0x00,0x00,0x00,0x00,0x00,0x4d,0x02,0x57,0x50,0x00,0x00,0x00,0x00,  //................*#.+***.........
0x00,0x00,0x00,0x00,0x00,0x00,0x23,0x78,0xee,0xff,0xff,0xf8,0x00,0x00,0x00,0x00,  //............+**%##@@@@@%........
0x00,0x00,0x00,0x0b,0xbb,0xff,0xff,0xff,0xff,0xff,0xcb,0x73,0x00,0x00,0x00,0x00,  //.......%%%@@@@@@@@@@#%**........
0x00,0x00,0x00,0x04,0xdf,0xeb,0x9d,0xf9,0x30,0x00,0x00,0x00,0x00,0x00,0x00,0x00,  //.......*#@#%%#@%*...............
0x00,0x00,0x00,0x00,0x00,0x00,0x0b,0xfe,0x00,0x00,0x00,0x00,0x00,0x00,0x00,0x00,  //.............%@#................
0x00,0x00,0x00,0x00,0x00,0x00,0x0b,0xfe,0x00,0x00,0x00,0x00,0x00,0x00,0x00,0x00,  //.............%@#................
0x00,0x00,0x00,0x00,0x00,0x00,0x0b,0xf9,0x00,0x00,0x00,0x02,0x33,0x30,0x00,0x00,  //.............%@%.......+***.....
0x00,0x00,0x00,0x00,0x00,0x00,0x0c,0xf4,0x23,0x67,0xbc,0xff,0xff,0xfe,0x50,0x00,  //.............#@*+***%#@@@@@#*...
0x00,0x00,0x01,0x33,0x77,0x9b,0xbf,0xff,0xff,0xff,0xff,0xff,0xff,0xff,0xa0,0x00,  //.....+****%%%@@@@@@@@@@@@@@@%...
0x07,0xff,0xff,0xff,0xff,0xfd,0xcf,0xfa,0x43,0x33,0x30,0x00,0x00,0x00,0x00,0x00,  //.*@@@@@@@@@##@@%*****...........
0x00,0x4a,0xbb,0x87,0x32,0x00,0x6f,0xee,0x20,0x00,0x00,0x00,0x00,0x00,0x00,0x00,  //..*%%%%**+..*@##+...............
0x00,0x00,0x00,0x00,0x00,0x00,0xaf,0x68,0xc0,0x00,0x00,0x00,0x00,0x00,0x00,0x00,  //............%@*%#...............
0x00,0x00,0x00,0x00,0x00,0x00,0xff,0x10,0xdc,0x00,0x00,0x00,0x00,0x00,0x00,0x00,  //............@@+.##..............
0x00,0x00,0x00,0x00,0x00,0x07,0xfb,0x00,0x3f,0x90,0x00,0x00,0x00,0x00,0x00,0x00,  //...........*@%..*@%.............
0x00,0x00,0x00,0x00,0x00,0x0e,0xf3,0x00,0x08,0xf9,0x00,0x00,0x00,0x00,0x00,0x00,  //...........#@*...%@%............
0x00,0x00,0x00,0x00,0x00,0xaf,0xa0,0x00,0x00,0xcf,0x90,0x00,0x00,0x00,0x00,0x00,  //..........%@%.....#@%...........
0x00,0x00,0x00,0x00,0x05,0xfe,0x00,0x00,0x00,0x2f,0xf9,0x00,0x00,0x00,0x00,0x00,  //.........*@#......+@@%..........
0x00,0x00,0x00,0x00,0x5f,0xe2,0x00,0x00,0x00,0x07,0xff,0x90,0x00,0x00,0x00,0x00,  //........*@#+.......*@@%.........
0x00,0x00,0x00,0x07,0xfe,0x20,0x00,0x00,0x00,0x00,0xcf,0xfc,0x20,0x00,0x00,0x00,  //.......*@#+.........#@@#+.......
0x00,0x00,0x01,0xbf,0xa0,0x00,0x00,0x00,0x00,0x00,0x3f,0xff,0xf7,0x00,0x00,0x00,  //.....+%@%...........*@@@@*......
0x00,0x02,0x9f,0xa3,0x00,0x00,0x00,0x00,0x00,0x00,0x08,0xff,0xff,0xe9,0x20,0x00,  //...+%@%*.............%@@@@#%+...
0x00,0x57,0x50,0x00,0x00,0x00,0x00,0x00,0x00,0x00,0x00,0xcf,0xff,0xff,0xfc,0x60,  //..***.................#@@@@@@#*.
0x00,0x00,0x00,0x00,0x00,0x00,0x00,0x00,0x00,0x00,0x00,0x05,0x9b,0xbb,0x97,0x50,  //.......................*%%%%%**.


/* 务 */
0x00,0x00,0x00,0x00,0x00,0x00,0x07,0x50,0x00,0x00,0x00,0x00,0x00,0x00,0x00,0x00,0x00,  //.............**...................
0x00,0x00,0x00,0x00,0x00,0x00,0x0b,0xfd,0x20,0x00,0x00,0x00,0x00,0x00,0x00,0x00,0x00,  //.............%@#+.................
0x00,0x00,0x00,0x00,0x00,0x00,0x0c,0xff,0x70,0x00,0x00,0x00,0x00,0x00,0x00,0x00,0x00,  //.............#@@*.................
0x00,0x00,0x00,0x00,0x00,0x00,0x1f,0xfc,0x00,0x00,0x00,0x00,0x00,0x00,0x00,0x00,0x00,  //............+@@#..................
0x00,0x00,0x00,0x00,0x00,0x00,0x9f,0xe1,0x00,0x17,0x60,0x00,0x00,0x00,0x00,0x00,0x00,  //............%@#+..+**.............
0x00,0x00,0x00,0x00,0x00,0x03,0xff,0x65,0x7b,0xff,0xfd,0x20,0x00,0x00,0x00,0x00,0x00,  //...........*@@***%@@@#+...........
0x00,0x00,0x00,0x00,0x00,0x0d,0xf8,0xdf,0xd9,0x8f,0xff,0xa0,0x00,0x00,0x00,0x00,0x00,  //...........#@%#@#%%@@@%...........
0x00,0x00,0x00,0x00,0x00,0x8f,0xa0,0x00,0x00,0x5f,0xf9,0x00,0x00,0x00,0x00,0x00,0x00,  //..........%@%.....*@@%............
0x00,0x00,0x00,0x00,0x05,0xff,0xb3,0x00,0x00,0xdf,0x90,0x00,0x00,0x00,0x00,0x00,0x00,  //.........*@@%*....#@%.............
0x00,0x00,0x00,0x00,0x2e,0xc0,0x6e,0xa0,0x0a,0xfc,0x00,0x00,0x00,0x00,0x00,0x00,0x00,  //........+##.*#%..%@#..............
0x00,0x00,0x00,0x02,0xe9,0x00,0x02,0xce,0xbf,0xc0,0x00,0x00,0x00,0x00,0x00,0x00,0x00,  //.......+#%...+##%@#...............
0x00,0x00,0x00,0x5d,0x40,0x00,0x00,0x1f,0xff,0x60,0x00,0x00,0x00,0x00,0x00,0x00,0x00,  //......*#*.....+@@@*...............
0x00,0x00,0x00,0x50,0x00,0x00,0x00,0xcf,0xdf,0xf9,0x00,0x00,0x00,0x00,0x00,0x00,0x00,  //......*.......#@#@@%..............
0x00,0x00,0x00,0x00,0x00,0x00,0x2c,0xf9,0x04,0xef,0xe7,0x00,0x00,0x00,0x00,0x00,0x00,  //............+#@%.*#@#*............
0x00,0x00,0x00,0x00,0x00,0x05,0xef,0x70,0x00,0x1c,0xff,0xd5,0x00,0x00,0x00,0x00,0x00,  //...........*#@*...+#@@#*..........
0x00,0x00,0x00,0x00,0x00,0x9f,0xe6,0x10,0x00,0x00,0x9f,0xff,0xd5,0x00,0x00,0x00,0x00,  //..........%@#*+.....%@@@#*........
0x00,0x00,0x00,0x00,0x4d,0xfb,0x15,0xfd,0x40,0x00,0x05,0xef,0xff,0xf9,0x50,0x00,0x00,  //........*#@%+*@#*....*#@@@@%*.....
0x00,0x00,0x00,0x1b,0xfd,0x50,0x03,0xff,0xc0,0x00,0x00,0x2e,0xff,0xff,0xff,0xc8,0x40,  //......+%@#*..*@@#.....+#@@@@@@#%*.
0x00,0x00,0x19,0xfd,0x50,0x00,0x03,0xff,0x30,0x5a,0xd7,0x00,0xbf,0xff,0xff,0xeb,0x82,  //....+%@#*....*@@*.*%#*..%@@@@@#%%+
0x00,0x19,0xe9,0x40,0x00,0x00,0x06,0xff,0xcf,0xff,0xff,0xe2,0x00,0x33,0x20,0x00,0x00,  //..+%#%*......*@@#@@@@@#+..**+.....
0x00,0x52,0x00,0x02,0x7a,0xbd,0xff,0xfc,0x63,0x00,0xdf,0xfa,0x00,0x00,0x00,0x00,0x00,  //..*+...+*%%#@@@#**..#@@%..........
0x00,0x00,0x00,0x00,0x5b,0x84,0x1d,0xf5,0x00,0x00,0x9f,0xf1,0x00,0x00,0x00,0x00,0x00,  //........*%%*+#@*....%@@+..........
0x00,0x00,0x00,0x00,0x00,0x00,0x2f,0xe0,0x00,0x00,0x9f,0xc0,0x00,0x00,0x00,0x00,0x00,  //............+@#.....%@#...........
0x00,0x00,0x00,0x00,0x00,0x00,0x8f,0x80,0x00,0x00,0xbf,0x80,0x00,0x00,0x00,0x00,0x00,  //............%@%.....%@%...........
0x00,0x00,0x00,0x00,0x00,0x00,0xef,0x10,0x00,0x00,0xcf,0x60,0x00,0x00,0x00,0x00,0x00,  //............#@+.....#@*...........
0x00,0x00,0x00,0x00,0x00,0x07,0xf9,0x00,0x00,0x00,0xff,0x30,0x00,0x00,0x00,0x00,0x00,  //...........*@%......@@*...........
0x00,0x00,0x00,0x00,0x00,0x1e,0xe0,0x00,0x00,0x02,0xff,0x10,0x00,0x00,0x00,0x00,0x00,  //..........+##......+@@+...........
0x00,0x00,0x00,0x00,0x00,0xbf,0x60,0x00,0x00,0x07,0xfd,0x00,0x00,0x00,0x00,0x00,0x00,  //..........%@*......*@#............
0x00,0x00,0x00,0x00,0x06,0xfa,0x00,0x00,0x00,0x0d,0xf9,0x00,0x00,0x00,0x00,0x00,0x00,  //.........*@%.......#@%............
0x00,0x00,0x00,0x00,0x4f,0xc0,0x00,0x0a,0x63,0xaf,0xf5,0x00,0x00,0x00,0x00,0x00,0x00,  //........*@#....%**%@@*............
0x00,0x00,0x00,0x02,0xeb,0x00,0x00,0x00,0xcf,0xff,0xe0,0x00,0x00,0x00,0x00,0x00,0x00,  //.......+#%......#@@@#.............
0x00,0x00,0x00,0x5e,0x60,0x00,0x00,0x00,0x2f,0xff,0x60,0x00,0x00,0x00,0x00,0x00,0x00,  //......*#*.......+@@@*.............
0x00,0x00,0x06,0x50,0x00,0x00,0x00,0x00,0x09,0xfb,0x00,0x00,0x00,0x00,0x00,0x00,0x00,  //.....**..........%@%..............
0x00,0x00,0x00,0x00,0x00,0x00,0x00,0x00,0x03,0x90,0x00,0x00,0x00,0x00,0x00,0x00,0x00,  //.................*%...............


/* 动 */
0x00,0x00,0x00,0x00,0x00,0x00,0x00,0x00,0x00,0x00,0x05,0xa5,0x00,0x00,0x00,0x00,  //.....................*%*........
0x00,0x00,0x00,0x00,0x00,0x00,0x00,0x00,0x00,0x00,0x04,0xff,0xc0,0x00,0x00,0x00,  //.....................*@@#.......
0x00,0x00,0x00,0x00,0x00,0x00,0x00,0x00,0x00,0x00,0x00,0xff,0xd0,0x00,0x00,0x00,  //......................@@#.......
0x00,0x00,0x00,0x00,0x00,0x00,0x00,0x00,0x00,0x00,0x00,0xff,0x60,0x00,0x00,0x00,  //......................@@*.......
0x00,0x00,0x00,0x00,0x00,0x00,0x00,0x00,0x00,0x00,0x00,0xff,0x30,0x00,0x00,0x00,  //......................@@*.......
0x00,0x00,0x00,0x00,0x00,0x00,0x03,0x10,0x00,0x00,0x00,0xff,0x00,0x00,0x00,0x00,  //.............*+.......@@........
0x00,0x00,0x00,0x01,0x47,0xbe,0xff,0xf7,0x00,0x00,0x03,0xfe,0x00,0x00,0x00,0x00,  //.......+**%#@@@*.....*@#........
0x00,0x00,0x04,0xff,0xff,0xfd,0xa7,0x30,0x00,0x00,0x04,0xfb,0x00,0x00,0x00,0x00,  //.....*@@@@@#%**......*@%........
0x00,0x00,0x00,0x23,0x33,0x00,0x00,0x00,0x00,0x00,0x07,0xf7,0x01,0x8e,0xd7,0x00,  //......+***...........*@*.+%##*..
0x00,0x00,0x00,0x00,0x00,0x00,0x00,0x00,0x00,0x00,0x0b,0xfb,0xdf,0xff,0xff,0xe2,  //.....................%@%#@@@@@#+
0x00,0x00,0x00,0x00,0x00,0x00,0x00,0x00,0x1b,0xbe,0xff,0xfb,0x51,0x02,0xff,0xf5,  //................+%%#@@@%*+.+@@@*
0x00,0x00,0x00,0x00,0x00,0x00,0x04,0x88,0x34,0xb8,0x6f,0xf0,0x00,0x00,0xff,0xd0,  //.............*%%**%%*@@.....@@#.
0x00,0x00,0x00,0x00,0x36,0x9c,0xff,0xff,0xd0,0x00,0x5f,0xb0,0x00,0x00,0xff,0x60,  //........**%#@@@@#...*@%.....@@*.
0x03,0x36,0x7b,0xdf,0xff,0xb9,0x73,0x30,0x00,0x00,0x9f,0x80,0x00,0x00,0xff,0x20,  //.****%#@@@%%***.....%@%.....@@+.
0x7f,0xff,0xfd,0x99,0xe7,0x00,0x00,0x00,0x00,0x00,0xef,0x40,0x00,0x00,0xff,0x00,  //*@@@@#%%#*..........#@*.....@@..
0x02,0x33,0x00,0x04,0xff,0x10,0x00,0x00,0x00,0x02,0xff,0x00,0x00,0x02,0xfd,0x00,  //.+**...*@@+........+@@.....+@#..
0x00,0x00,0x00,0x09,0xf7,0x00,0x00,0x00,0x00,0x08,0xfa,0x00,0x00,0x03,0xfb,0x00,  //.......%@*.........%@%.....*@%..
0x00,0x00,0x00,0x0e,0xc0,0x00,0xd3,0x00,0x00,0x0d,0xf5,0x00,0x00,0x06,0xf9,0x00,  //.......##...#*.....#@*.....*@%..
0x00,0x00,0x00,0x7e,0x10,0x00,0x9f,0x50,0x00,0x2f,0xe0,0x00,0x00,0x08,0xf7,0x00,  //......*#+...%@*...+@#......%@*..
0x00,0x00,0x00,0xe7,0x00,0x16,0xcf,0xf5,0x00,0x9f,0x90,0x00,0x00,0x0b,0xf3,0x00,  //......#*..+*#@@*..%@%......%@*..
0x00,0x00,0x0a,0xf2,0x6c,0xf9,0x17,0xfe,0x00,0xef,0x10,0x00,0x00,0x0f,0xf1,0x00,  //.....%@+*#@%+*@#..#@+......@@+..
0x00,0x00,0x9f,0xff,0xe7,0x10,0x00,0xcf,0x07,0xf9,0x00,0x00,0x00,0x3f,0xe0,0x00,  //....%@@@#*+...#@.*@%......*@#...
0x00,0x08,0xff,0xf8,0x00,0x00,0x00,0x16,0x0e,0xf1,0x00,0x00,0x00,0x8f,0xa0,0x00,  //...%@@@%......+*.#@+......%@%...
0x00,0x06,0xfc,0x20,0x00,0x00,0x00,0x00,0x7f,0x80,0x00,0x00,0x00,0xdf,0x60,0x00,  //...*@#+.........*@%.......#@*...
0x00,0x00,0x60,0x00,0x00,0x00,0x00,0x03,0xfd,0x00,0x00,0x00,0x03,0xff,0x20,0x00,  //....*..........*@#.......*@@+...
0x00,0x00,0x00,0x00,0x00,0x00,0x00,0x0d,0xe2,0x00,0x0c,0x50,0x0c,0xfd,0x00,0x00,  //...............##+...#*..#@#....
0x00,0x00,0x00,0x00,0x00,0x00,0x00,0xcf,0x50,0x00,0x02,0xff,0xff,0xf5,0x00,0x00,  //..............#@*....+@@@@@*....
0x00,0x00,0x00,0x00,0x00,0x00,0x09,0xe4,0x00,0x00,0x00,0x7f,0xff,0xc0,0x00,0x00,  //.............%#*......*@@@#.....
0x00,0x00,0x00,0x00,0x00,0x00,0x9c,0x20,0x00,0x00,0x00,0x0f,0xfe,0x20,0x00,0x00,  //............%#+........@@#+.....
0x00,0x00,0x00,0x00,0x00,0x0b,0x70,0x00,0x00,0x00,0x00,0x0d,0xd2,0x00,0x00,0x00,  //...........%*..........##+......
0x00,0x00,0x00,0x00,0x00,0x20,0x00,0x00,0x00,0x00,0x00,0x00,0x00,0x00,0x00,0x00,  //..........+.....................


/* 化 */
0x00,0x00,0x00,0x00,0x0d,0x70,0x00,0x00,0x89,0x40,0x00,0x00,0x00,0x00,0x00,0x00,0x00,  //.........#*.....%%*...............
0x00,0x00,0x00,0x00,0x0b,0xfc,0x00,0x00,0x5f,0xfb,0x00,0x00,0x00,0x00,0x00,0x00,0x00,  //.........%@#....*@@%..............
0x00,0x00,0x00,0x00,0x0c,0xff,0x50,0x00,0x0e,0xff,0x20,0x00,0x00,0x00,0x00,0x00,0x00,  //.........#@@*....#@@+.............
0x00,0x00,0x00,0x00,0x0f,0xfb,0x00,0x00,0x0b,0xfd,0x00,0x00,0x00,0x00,0x00,0x00,0x00,  //.........@@%.....%@#..............
0x00,0x00,0x00,0x00,0x5f,0xf1,0x00,0x00,0x09,0xfb,0x00,0x00,0x47,0x00,0x00,0x00,0x00,  //........*@@+.....%@%....**........
0x00,0x00,0x00,0x00,0xaf,0x90,0x00,0x00,0x07,0xf7,0x00,0x00,0x7f,0xc0,0x00,0x00,0x00,  //........%@%......*@*....*@#.......
0x00,0x00,0x00,0x01,0xff,0x10,0x00,0x00,0x07,0xf7,0x00,0x00,0x9f,0xf9,0x00,0x00,0x00,  //.......+@@+......*@*....%@@%......
0x00,0x00,0x00,0x09,0xf9,0x00,0x00,0x00,0x07,0xf7,0x00,0x02,0xff,0xe5,0x00,0x00,0x00,  //.......%@%.......*@*...+@@#*......
0x00,0x00,0x00,0x1f,0xf1,0x00,0x00,0x00,0x07,0xf3,0x00,0x0c,0xfe,0x20,0x00,0x00,0x00,  //......+@@+.......*@*...#@#+.......
0x00,0x00,0x00,0x9f,0x70,0x00,0x00,0x00,0x07,0xf3,0x00,0x9f,0xf2,0x00,0x00,0x00,0x00,  //......%@*........*@*..%@@+........
0x00,0x00,0x03,0xff,0xb0,0x00,0x00,0x00,0x07,0xf3,0x05,0xff,0x50,0x00,0x00,0x00,0x00,  //.....*@@%........*@*.*@@*.........
0x00,0x00,0x0b,0xf3,0xeb,0x00,0x00,0x00,0x07,0xf3,0x4f,0xf5,0x00,0x00,0x00,0x00,0x00,  //.....%@*#%.......*@**@@*..........
0x00,0x00,0x6f,0x50,0xbf,0x10,0x00,0x00,0x07,0xf4,0xef,0x50,0x00,0x00,0x00,0x00,0x00,  //....*@*.%@+......*@*#@*...........
0x00,0x01,0xe9,0x00,0x7f,0x10,0x00,0x00,0x07,0xfe,0xf5,0x00,0x00,0x00,0x00,0x00,0x00,  //...+#%..*@+......*@#@*............
0x00,0x0c,0x90,0x00,0x7f,0x00,0x00,0x00,0x09,0xff,0x50,0x00,0x00,0x00,0x00,0x00,0x00,  //...#%...*@.......%@@*.............
0x00,0x99,0x00,0x00,0x7f,0x00,0x00,0x00,0x2e,0xf5,0x00,0x00,0x00,0x00,0x00,0x00,0x00,  //..%%....*@......+#@*..............
0x06,0x60,0x00,0x00,0x7f,0x00,0x00,0x02,0xef,0xf0,0x00,0x00,0x00,0x00,0x00,0x00,0x00,  //.**.....*@.....+#@@...............
0x00,0x00,0x00,0x00,0x7f,0x00,0x00,0x2e,0xee,0xf0,0x00,0x00,0x00,0x00,0x00,0x00,0x00,  //........*@....+###@...............
0x00,0x00,0x00,0x00,0x7f,0x00,0x05,0xfc,0x2b,0xf0,0x00,0x00,0x00,0x00,0x00,0x00,0x20,  //........*@...*@#+%@.............+.
0x00,0x00,0x00,0x00,0x8f,0x00,0x8d,0x50,0x0b,0xf2,0x00,0x00,0x00,0x00,0x00,0x00,0x70,  //........%@..%#*..%@+............*.
0x00,0x00,0x00,0x00,0xbf,0x04,0x20,0x00,0x09,0xf3,0x00,0x00,0x00,0x00,0x00,0x00,0xa0,  //........%@.*+....%@*............%.
0x00,0x00,0x00,0x00,0xbf,0x00,0x00,0x00,0x07,0xf6,0x00,0x00,0x00,0x00,0x00,0x03,0xe0,  //........%@.......*@*...........*#.
0x00,0x00,0x00,0x00,0xef,0x00,0x00,0x00,0x06,0xfd,0x00,0x00,0x00,0x00,0x00,0x0b,0xf0,  //........#@.......*@#...........%@.
0x00,0x00,0x00,0x01,0xfb,0x00,0x00,0x00,0x01,0xff,0x90,0x00,0x00,0x00,0x00,0x7f,0xf3,  //.......+@%.......+@@%.........*@@*
0x00,0x00,0x00,0x06,0xfb,0x00,0x00,0x00,0x00,0xaf,0xfb,0x52,0x00,0x23,0x7d,0xff,0xf7,  //.......*@%........%@@%*+..+**#@@@*
0x00,0x00,0x00,0x0b,0xfb,0x00,0x00,0x00,0x00,0x0c,0xff,0xff,0xff,0xff,0xff,0xff,0xf3,  //.......%@%.........#@@@@@@@@@@@@@*
0x00,0x00,0x00,0x09,0xf7,0x00,0x00,0x00,0x00,0x00,0x7e,0xff,0xff,0xff,0xff,0xe9,0x20,  //.......%@*..........*#@@@@@@@@#%+.
0x00,0x00,0x00,0x05,0xf5,0x00,0x00,0x00,0x00,0x00,0x00,0x23,0x67,0x77,0x32,0x00,0x00,  //.......*@*............+******+....
0x00,0x00,0x00,0x00,0xb0,0x00,0x00,0x00,0x00,0x00,0x00,0x00,0x00,0x00,0x00,0x00,0x00,  //........%.........................
0x00,0x00,0x00,0x00,0x00,0x00,0x00,0x00,0x00,0x00,0x00,0x00,0x00,0x00,0x00,0x00,0x00,  //..................................


/* 和 */
0x00,0x00,0x00,0x00,0x00,0x00,0x00,0x7f,0xe6,0x00,0x00,0x00,0x00,0x00,0x00,0x00,0x00,0x00,  //..............*@#*.................
0x00,0x00,0x00,0x00,0x00,0x00,0x02,0xef,0xff,0x60,0x00,0x00,0x00,0x00,0x00,0x00,0x00,0x00,  //.............+#@@@*................
0x00,0x00,0x00,0x00,0x00,0x00,0x6f,0xff,0xb6,0x10,0x00,0x00,0x00,0x00,0x00,0x00,0x00,0x00,  //............*@@@%*+................
0x00,0x00,0x00,0x00,0x00,0x1b,0xfd,0x81,0x00,0x00,0x00,0x00,0x00,0x00,0x00,0x00,0x00,0x00,  //..........+%@#%+...................
0x00,0x00,0x00,0x00,0x19,0xfd,0x40,0x00,0x00,0x00,0x00,0x00,0x00,0x00,0x00,0x00,0x00,0x00,  //........+%@#*......................
0x00,0x00,0x00,0x02,0xb8,0x7f,0xb0,0x00,0x00,0x00,0x00,0x00,0x00,0x00,0x00,0x00,0x00,0x00,  //.......+%%*@%......................
0x00,0x00,0x00,0x00,0x00,0x0e,0xf6,0x00,0x00,0x00,0x00,0x00,0x00,0x00,0x00,0x00,0x00,0x00,  //...........#@*.....................
0x00,0x00,0x00,0x00,0x00,0x0b,0xf3,0x00,0x00,0x00,0x00,0x00,0x00,0x00,0x00,0x00,0x00,0x00,  //...........%@*.....................
0x00,0x00,0x00,0x00,0x00,0x08,0xf3,0x00,0x33,0x00,0x00,0x00,0x00,0x00,0x00,0x00,0x00,0x00,  //...........%@*..**.................
0x00,0x00,0x00,0x00,0x00,0x07,0xf9,0xae,0xff,0x60,0x00,0x00,0x00,0x00,0x00,0x00,0x00,0x00,  //...........*@%%#@@*................
0x00,0x00,0x00,0x00,0x02,0x7d,0xff,0xc9,0x63,0x00,0x00,0x00,0x00,0x00,0x5b,0x93,0x00,0x00,  //.........+*#@@#%**..........*%%*...
0x00,0x00,0x02,0x6a,0xef,0xff,0xf3,0x00,0x00,0x46,0x10,0x00,0x36,0xae,0xff,0xff,0xb2,0x00,  //.....+*%#@@@@*....**+...**%#@@@@%+.
0x09,0xbc,0xff,0xfe,0x93,0x5f,0xf3,0x00,0x00,0x7f,0xff,0xff,0xfc,0xb7,0x7d,0xff,0xff,0x00,  //.%%#@@@#%**@@*....*@@@@@@#%**#@@@@.
0x03,0xdf,0xfa,0x50,0x00,0xcf,0xf3,0x00,0x00,0x0f,0xfa,0x31,0x00,0x00,0x07,0xff,0xf9,0x00,  //.*#@@%*...#@@*.....@@%*+.....*@@@%.
0x00,0x00,0x00,0x00,0x03,0xff,0xf3,0x00,0x00,0x0c,0xf7,0x00,0x00,0x00,0x07,0xff,0xa0,0x00,  //.........*@@@*.....#@*.......*@@%..
0x00,0x00,0x00,0x00,0x0d,0xfc,0xf7,0x10,0x00,0x08,0xf7,0x00,0x00,0x00,0x07,0xff,0x10,0x00,  //.........#@#@*+....%@*.......*@@+..
0x00,0x00,0x00,0x00,0x7f,0xb7,0xfc,0xfc,0x50,0x05,0xf7,0x00,0x00,0x00,0x0b,0xf9,0x00,0x00,  //........*@%*@#@#*..*@*.......%@%...
0x00,0x00,0x00,0x02,0xfe,0x17,0xf3,0xbf,0xf8,0x03,0xfb,0x00,0x00,0x00,0x0b,0xf1,0x00,0x00,  //.......+@#+*@*%@@%.*@%.......%@+...
0x00,0x00,0x00,0x0c,0xf4,0x07,0xf3,0x0a,0xfe,0x00,0xfb,0x00,0x00,0x00,0x0f,0xb0,0x00,0x00,  //.......#@*.*@*.%@#..@%.......@%....
0x00,0x00,0x00,0x9f,0x80,0x07,0xf3,0x00,0x59,0x00,0xeb,0x01,0x34,0x79,0xbf,0xe2,0x00,0x00,  //......%@%..*@*..*%..#%.+***%%@#+...
0x00,0x00,0x05,0xf9,0x00,0x07,0xf3,0x00,0x00,0x00,0xbf,0xff,0xff,0xff,0xff,0xe8,0x00,0x00,  //.....*@%...*@*......%@@@@@@@@@#%...
0x00,0x00,0x2f,0x90,0x00,0x07,0xf3,0x00,0x00,0x00,0xad,0x73,0x32,0x00,0x00,0x00,0x00,0x00,  //....+@%....*@*......%#***+.........
0x00,0x02,0xe9,0x00,0x00,0x09,0xf3,0x00,0x00,0x00,0x7b,0x00,0x00,0x00,0x00,0x00,0x00,0x00,  //...+#%.....%@*......*%.............
0x00,0x0c,0x50,0x00,0x00,0x0b,0xf3,0x00,0x00,0x00,0x26,0x00,0x00,0x00,0x00,0x00,0x00,0x00,  //...#*......%@*......+*.............
0x00,0x81,0x00,0x00,0x00,0x0c,0xf3,0x00,0x00,0x00,0x00,0x00,0x00,0x00,0x00,0x00,0x00,0x00,  //..%+.......#@*.....................
0x00,0x00,0x00,0x00,0x00,0x0f,0xf3,0x00,0x00,0x00,0x00,0x00,0x00,0x00,0x00,0x00,0x00,0x00,  //...........@@*.....................
0x00,0x00,0x00,0x00,0x00,0x2f,0xf3,0x00,0x00,0x00,0x00,0x00,0x00,0x00,0x00,0x00,0x00,0x00,  //..........+@@*.....................
0x00,0x00,0x00,0x00,0x00,0x1f,0xf0,0x00,0x00,0x00,0x00,0x00,0x00,0x00,0x00,0x00,0x00,0x00,  //..........+@@......................
0x00,0x00,0x00,0x00,0x00,0x0b,0xe0,0x00,0x00,0x00,0x00,0x00,0x00,0x00,0x00,0x00,0x00,0x00,  //...........%#......................
0x00,0x00,0x00,0x00,0x00,0x02,0x70,0x00,0x00,0x00,0x00,0x00,0x00,0x00,0x00,0x00,0x00,0x00,  //...........+*......................
0x00,0x00,0x00,0x00,0x00,0x00,0x00,0x00,0x00,0x00,0x00,0x00,0x00,0x00,0x00,0x00,0x00,0x00,  //...................................


/* 声 */
0x00,0x00,0x00,0x00,0x00,0x00,0x00,0x06,0xea,0x30,0x00,0x00,0x00,0x00,  //...............*#%*.........
0x00,0x00,0x00,0x00,0x00,0x00,0x00,0x03,0xff,0x90,0x00,0x00,0x00,0x00,  //...............*@@%.........
0x00,0x00,0x00,0x00,0x00,0x00,0x00,0x00,0xff,0x30,0x00,0x00,0x00,0x00,  //................@@*.........
0x00,0x00,0x00,0x00,0x00,0x00,0x00,0x00,0xff,0x20,0x00,0x00,0x00,0x00,  //................@@+.........
0x00,0x00,0x00,0x00,0x00,0x00,0x00,0x00,0xff,0x00,0x03,0x68,0xbe,0x90,  //................@@...**%%#%.
0x00,0x00,0x00,0x00,0x00,0x00,0x00,0x34,0xff,0xbf,0xff,0xff,0xff,0xf8,  //..............**@@%@@@@@@@@%
0x00,0x00,0x00,0x07,0x79,0xbb,0xff,0xff,0xff,0xba,0x75,0x33,0x00,0x00,  //.......**%%%@@@@@@%%****....
0x00,0x00,0x00,0x04,0xef,0xff,0xcb,0x75,0xfe,0x00,0x00,0x00,0x00,0x00,  //.......*#@@@#%**@#..........
0x00,0x00,0x00,0x00,0x03,0x20,0x00,0x00,0xfb,0x00,0x00,0x00,0x00,0x00,  //.........*+.....@%..........
0x00,0x00,0x00,0x00,0x00,0x00,0x00,0x00,0xfb,0x00,0x03,0x20,0x00,0x00,  //................@%...*+.....
0x00,0x00,0x00,0x00,0x00,0x00,0x00,0x02,0xfe,0xbe,0xff,0xf9,0x00,0x00,  //...............+@#%#@@@%....
0x00,0x00,0x00,0x00,0x00,0x37,0x8b,0xef,0xff,0xfb,0xa7,0x61,0x00,0x00,  //..........**%%#@@@@%%**+....
0x00,0x00,0x00,0x00,0x00,0x6d,0xfb,0x97,0x30,0x00,0x00,0x00,0x00,0x00,  //..........*#@%%**...........
0x00,0x00,0x00,0x00,0x00,0x00,0x00,0x00,0x00,0x00,0x00,0x29,0xb5,0x00,  //......................+%%*..
0x00,0x00,0x00,0x00,0x00,0x00,0x00,0x00,0x00,0x37,0xbe,0xff,0xff,0xb1,  //..................**%#@@@@%+
0x00,0x00,0x00,0x00,0x35,0x00,0x13,0x7a,0xdf,0xfb,0x87,0x37,0xff,0xfb,  //........**..+**%#@@%%***@@@%
0x00,0x00,0x00,0x00,0x5f,0xff,0xdb,0x79,0xf5,0x00,0x00,0x03,0xff,0xe2,  //........*@@@#%*%@*.....*@@#+
0x00,0x00,0x00,0x00,0x0f,0xf3,0x00,0x00,0xff,0x10,0x00,0x05,0xff,0x20,  //.........@@*....@@+....*@@+.
0x00,0x00,0x00,0x00,0x0f,0xf1,0x00,0x00,0xfe,0x00,0x00,0x07,0xf8,0x00,  //.........@@+....@#.....*@%..
0x00,0x00,0x00,0x00,0x0f,0xf0,0x00,0x00,0xfa,0x00,0x00,0x0b,0xe0,0x00,  //.........@@.....@%.....%#...
0x00,0x00,0x00,0x00,0x0f,0xf0,0x00,0x00,0xf7,0x02,0x47,0xae,0xd2,0x00,  //.........@@.....@*.+**%##+..
0x00,0x00,0x00,0x00,0x0f,0xf0,0x00,0x36,0xfe,0xff,0xff,0xeb,0xa4,0x00,  //.........@@...**@#@@@@#%%*..
0x00,0x00,0x00,0x00,0x3f,0xeb,0xff,0xff,0xca,0x74,0x20,0x00,0x00,0x00,  //........*@#%@@@@#%**+.......
0x00,0x00,0x00,0x00,0x6f,0xb7,0x53,0x10,0x00,0x00,0x00,0x00,0x00,0x00,  //........*@%***+.............
0x00,0x00,0x00,0x00,0x9f,0x30,0x00,0x00,0x00,0x00,0x00,0x00,0x00,0x00,  //........%@*.................
0x00,0x00,0x00,0x00,0xee,0x00,0x00,0x00,0x00,0x00,0x00,0x00,0x00,0x00,  //........##..................
0x00,0x00,0x00,0x05,0xf9,0x00,0x00,0x00,0x00,0x00,0x00,0x00,0x00,0x00,  //.......*@%..................
0x00,0x00,0x00,0x0d,0xf1,0x00,0x00,0x00,0x00,0x00,0x00,0x00,0x00,0x00,  //.......#@+..................
0x00,0x00,0x00,0x9f,0x70,0x00,0x00,0x00,0x00,0x00,0x00,0x00,0x00,0x00,  //......%@*...................
0x00,0x00,0x05,0xfb,0x00,0x00,0x00,0x00,0x00,0x00,0x00,0x00,0x00,0x00,  //.....*@%....................
0x00,0x00,0x5f,0xc0,0x00,0x00,0x00,0x00,0x00,0x00,0x00,0x00,0x00,0x00,  //....*@#.....................
0x00,0x09,0xf8,0x00,0x00,0x00,0x00,0x00,0x00,0x00,0x00,0x00,0x00,0x00,  //...%@%......................
0x02,0xca,0x30,0x00,0x00,0x00,0x00,0x00,0x00,0x00,0x00,0x00,0x00,0x00,  //.+#%*.......................
0x05,0x10,0x00,0x00,0x00,0x00,0x00,0x00,0x00,0x00,0x00,0x00,0x00,0x00,  //.*+.........................


/* 存 */
0x00,0x00,0x00,0x00,0x00,0x00,0x00,0x00,0x97,0x00,0x00,0x00,0x00,0x00,0x00,0x00,0x00,  //................%*................
0x00,0x00,0x00,0x00,0x00,0x00,0x00,0x00,0xbf,0xe1,0x00,0x00,0x00,0x00,0x00,0x00,0x00,  //................%@#+..............
0x00,0x00,0x00,0x00,0x00,0x00,0x00,0x00,0xbf,0xe1,0x00,0x00,0x00,0x00,0x00,0x00,0x00,  //................%@#+..............
0x00,0x00,0x00,0x00,0x00,0x00,0x00,0x00,0xdf,0x50,0x00,0x00,0x00,0x00,0x00,0x00,0x00,  //................#@*...............
0x00,0x00,0x00,0x00,0x00,0x00,0x00,0x02,0xfd,0x00,0x00,0x03,0x30,0x00,0x00,0x00,0x00,  //...............+@#.....**.........
0x00,0x00,0x00,0x00,0x00,0x00,0x00,0x09,0xf6,0x36,0x8c,0xff,0xfd,0x20,0x00,0x00,0x00,  //...............%@***%#@@@#+.......
0x00,0x00,0x00,0x00,0x00,0x00,0x34,0x7f,0xff,0xff,0xff,0xff,0xba,0x20,0x00,0x00,0x00,  //............***@@@@@@@@@%%+.......
0x00,0x00,0x00,0x04,0xbb,0xff,0xff,0xff,0xff,0xc9,0x73,0x10,0x00,0x00,0x00,0x00,0x00,  //.......*%%@@@@@@@@#%**+...........
0x00,0x00,0x00,0x00,0x7d,0xfe,0xb9,0xff,0x50,0x00,0x00,0x00,0x00,0x00,0x00,0x00,0x00,  //........*#@#%%@@*.................
0x00,0x00,0x00,0x00,0x00,0x00,0x07,0xfb,0x00,0x00,0x00,0x00,0x00,0x00,0x00,0x00,0x00,  //.............*@%..................
0x00,0x00,0x00,0x00,0x00,0x00,0x1e,0xe1,0x00,0x00,0x00,0x03,0x00,0x00,0x00,0x00,0x00,  //............+##+.......*..........
0x00,0x00,0x00,0x00,0x00,0x00,0xbf,0x70,0x00,0x00,0x29,0xff,0xe4,0x00,0x00,0x00,0x00,  //............%@*.....+%@@#*........
0x00,0x00,0x00,0x00,0x00,0x06,0xfc,0x01,0x33,0x7c,0xfb,0x79,0xff,0x80,0x00,0x00,0x00,  //...........*@#.+***#@%*%@@%.......
0x00,0x00,0x00,0x00,0x20,0x2e,0xf2,0x00,0x9f,0xd7,0x10,0x0d,0xff,0xa0,0x00,0x00,0x00,  //........+.+#@+..%@#*+..#@@%.......
0x00,0x00,0x00,0x00,0x9d,0xcf,0x70,0x00,0x00,0x00,0x00,0x5f,0xb1,0x00,0x00,0x00,0x00,  //........%##@*.........*@%+........
0x00,0x00,0x00,0x00,0x5f,0xfb,0x00,0x00,0x00,0x00,0x00,0xe7,0x00,0x00,0x00,0x00,0x00,  //........*@@%..........#*..........
0x00,0x00,0x00,0x00,0x5f,0xd0,0x00,0x00,0x00,0x10,0x07,0x50,0x00,0x00,0x00,0x00,0x00,  //........*@#.......+..**...........
0x00,0x00,0x00,0x01,0xef,0x40,0x00,0x00,0x00,0x1a,0xfc,0x00,0x00,0x36,0x8b,0xb7,0x00,  //.......+#@*.......+%@#....**%%%*..
0x00,0x00,0x00,0x0c,0xff,0x30,0x00,0x00,0x00,0x00,0xaf,0xcb,0xdf,0xff,0xff,0xff,0xa0,  //.......#@@*.........%@#%#@@@@@@@%.
0x00,0x00,0x00,0x9f,0xcf,0x30,0x00,0x02,0x47,0xbe,0xff,0xfb,0xa7,0x63,0x33,0x33,0x20,  //......%@#@*....+**%#@@@%%*******+.
0x00,0x00,0x05,0xfc,0x3f,0x5b,0xbc,0xff,0xfe,0xb7,0x5d,0xf1,0x00,0x00,0x00,0x00,0x00,  //.....*@#*@*%%#@@@#%**#@+..........
0x00,0x00,0x5f,0xc0,0x4f,0x34,0xab,0x73,0x00,0x00,0x09,0xf5,0x00,0x00,0x00,0x00,0x00,  //....*@#.*@**%%**.....%@*..........
0x00,0x05,0xfb,0x00,0x7f,0x30,0x00,0x00,0x00,0x00,0x07,0xf7,0x00,0x00,0x00,0x00,0x00,  //...*@%..*@*..........*@*..........
0x00,0x5f,0x90,0x00,0x7f,0x30,0x00,0x00,0x00,0x00,0x07,0xfb,0x00,0x00,0x00,0x00,0x00,  //..*@%...*@*..........*@%..........
0x05,0xd4,0x00,0x00,0x7f,0x30,0x00,0x00,0x00,0x00,0x05,0xfc,0x00,0x00,0x00,0x00,0x00,  //.*#*....*@*..........*@#..........
0x05,0x00,0x00,0x00,0xbf,0x10,0x00,0x00,0x00,0x00,0x03,0xff,0x00,0x00,0x00,0x00,0x00,  //.*......%@+..........*@@..........
0x00,0x00,0x00,0x00,0xdf,0x00,0x00,0x00,0x00,0x00,0x07,0xff,0x00,0x00,0x00,0x00,0x00,  //........#@...........*@@..........
0x00,0x00,0x00,0x02,0xff,0x00,0x00,0x00,0x00,0x00,0x08,0xfe,0x00,0x00,0x00,0x00,0x00,  //.......+@@...........%@#..........
0x00,0x00,0x00,0x03,0xfc,0x00,0x00,0x00,0x00,0x00,0x0d,0xfb,0x00,0x00,0x00,0x00,0x00,  //.......*@#...........#@%..........
0x00,0x00,0x00,0x00,0xf9,0x00,0x00,0x00,0x7d,0xbb,0xef,0xf9,0x00,0x00,0x00,0x00,0x00,  //........@%......*#%%#@@%..........
0x00,0x00,0x00,0x00,0xa5,0x00,0x00,0x00,0x00,0xaf,0xff,0xf5,0x00,0x00,0x00,0x00,0x00,  //........%*........%@@@@*..........
0x00,0x00,0x00,0x00,0x00,0x00,0x00,0x00,0x00,0x09,0xff,0xc0,0x00,0x00,0x00,0x00,0x00,  //...................%@@#...........
0x00,0x00,0x00,0x00,0x00,0x00,0x00,0x00,0x00,0x00,0xee,0x20,0x00,0x00,0x00,0x00,0x00,  //....................##+...........
0x00,0x00,0x00,0x00,0x00,0x00,0x00,0x00,0x00,0x00,0x20,0x00,0x00,0x00,0x00,0x00,0x00,  //....................+.............


/* 安 */
0x00,0x00,0x00,0x00,0x00,0x00,0x02,0xff,0xe9,0x10,0x00,0x00,0x00,0x00,0x00,0x00,0x00,  //.............+@@#%+..............
0x00,0x00,0x00,0x00,0x00,0x00,0x00,0x5f,0xff,0xb0,0x00,0x00,0x00,0x00,0x00,0x00,0x00,  //..............*@@@%..............
0x00,0x00,0x00,0x00,0x00,0x00,0x00,0x03,0xdf,0xf0,0x00,0x00,0x00,0x00,0x00,0x00,0x00,  //...............*#@@..............
0x00,0x00,0x00,0x00,0x00,0x00,0x00,0x00,0x07,0xa0,0x00,0x00,0x00,0x00,0x00,0x00,0x00,  //.................*%..............
0x00,0x00,0x00,0x00,0x00,0x00,0x00,0x00,0x00,0x00,0x00,0x04,0x75,0x00,0x00,0x00,0x00,  //.......................***.......
0x00,0x00,0x00,0x00,0xd0,0x00,0x00,0x00,0x00,0x35,0x8b,0xff,0xff,0xd3,0x00,0x00,0x00,  //........#.........**%%@@@@#*.....
0x00,0x00,0x00,0x02,0xf2,0x02,0x36,0x8b,0xdf,0xba,0x76,0x33,0xef,0xff,0x50,0x00,0x00,  //.......+@+.+**%%#@%%****#@@@*....
0x00,0x00,0x00,0x09,0xff,0xdb,0x97,0x53,0x00,0x00,0x00,0x03,0xff,0xff,0xa0,0x00,0x00,  //.......%@@#%%***.......*@@@@%....
0x00,0x00,0x00,0x2f,0xf0,0x00,0x00,0x00,0x00,0x00,0x00,0x0c,0xfa,0x40,0x00,0x00,0x00,  //......+@@..............#@%*......
0x00,0x00,0x00,0xdf,0xc0,0x00,0x00,0x01,0x00,0x00,0x00,0x69,0x10,0x00,0x00,0x00,0x00,  //......#@#......+......*%+........
0x00,0x00,0x03,0xff,0x40,0x00,0x00,0x0f,0x80,0x00,0x00,0x00,0x00,0x00,0x00,0x00,0x00,  //.....*@@*......@%................
0x00,0x00,0x03,0xfb,0x00,0x00,0x00,0x0f,0xf6,0x00,0x00,0x00,0x00,0x00,0x00,0x00,0x00,  //.....*@%.......@@*...............
0x00,0x00,0x00,0x60,0x00,0x00,0x00,0x1f,0xf3,0x00,0x00,0x00,0x00,0x00,0x00,0x00,0x00,  //......*.......+@@*...............
0x00,0x00,0x00,0x00,0x00,0x00,0x00,0x6f,0x90,0x00,0x00,0x00,0x00,0x00,0x00,0x00,0x00,  //..............*@%................
0x00,0x00,0x00,0x00,0x00,0x00,0x00,0xcf,0x10,0x07,0x30,0x00,0x00,0x33,0x67,0x75,0x00,  //..............#@+..**.....******.
0x00,0x00,0x00,0x00,0x00,0x00,0x01,0xfb,0x33,0x4d,0xfb,0xbf,0xff,0xff,0xff,0xff,0xc0,  //.............+@%***#@%%@@@@@@@@@#
0x10,0x00,0x13,0x33,0x77,0x9b,0xdf,0xff,0xff,0xff,0xfd,0xb9,0x77,0x77,0x77,0x7b,0xc0,  //+...+*****%%#@@@@@@@@#%%*******%#
0x7f,0xff,0xff,0xff,0xff,0xbb,0xaf,0x83,0x00,0x0f,0xf2,0x00,0x00,0x00,0x00,0x00,0x00,  //*@@@@@@@@@%%%@%*...@@+...........
0x04,0xab,0x75,0x31,0x00,0x00,0x5e,0x00,0x00,0x5f,0xd0,0x00,0x00,0x00,0x00,0x00,0x00,  //.*%%***+....*#....*@#............
0x00,0x00,0x00,0x00,0x00,0x00,0xd8,0x00,0x00,0xbf,0x70,0x00,0x00,0x00,0x00,0x00,0x00,  //............#%....%@*............
0x00,0x00,0x00,0x00,0x00,0x03,0xf7,0x10,0x03,0xff,0x10,0x00,0x00,0x00,0x00,0x00,0x00,  //...........*@*+..*@@+............
0x00,0x00,0x00,0x00,0x00,0x00,0x39,0xfc,0x6b,0xf9,0x00,0x00,0x00,0x00,0x00,0x00,0x00,  //............*%@#*%@%.............
0x00,0x00,0x00,0x00,0x00,0x00,0x00,0x07,0xef,0xf5,0x00,0x00,0x00,0x00,0x00,0x00,0x00,  //...............*#@@*.............
0x00,0x00,0x00,0x00,0x00,0x00,0x00,0x02,0xef,0xef,0xb3,0x00,0x00,0x00,0x00,0x00,0x00,  //...............+#@#@%*...........
0x00,0x00,0x00,0x00,0x00,0x00,0x00,0x4e,0xf5,0x1c,0xff,0xb1,0x00,0x00,0x00,0x00,0x00,  //..............*#@*+#@@%+.........
0x00,0x00,0x00,0x00,0x00,0x00,0x08,0xfe,0x50,0x00,0x7f,0xff,0x70,0x00,0x00,0x00,0x00,  //.............%@#*...*@@@*........
0x00,0x00,0x00,0x00,0x00,0x05,0xdf,0xb2,0x00,0x00,0x03,0xef,0xf9,0x00,0x00,0x00,0x00,  //...........*#@%+.....*#@@%.......
0x00,0x00,0x00,0x00,0x38,0xee,0x93,0x00,0x00,0x00,0x00,0x0c,0xff,0x70,0x00,0x00,0x00,  //........*%##%*.........#@@*......
0x00,0x00,0x00,0x05,0x74,0x10,0x00,0x00,0x00,0x00,0x00,0x00,0xcf,0xd0,0x00,0x00,0x00,  //.......***+.............#@#......
0x00,0x00,0x00,0x00,0x00,0x00,0x00,0x00,0x00,0x00,0x00,0x00,0x0b,0xe0,0x00,0x00,0x00,  //.........................%#......
0x00,0x00,0x00,0x00,0x00,0x00,0x00,0x00,0x00,0x00,0x00,0x00,0x00,0x20,0x00,0x00,0x00,  //..........................+......


/* 应 */
0x00,0x00,0x00,0x00,0x00,0x00,0x00,0x05,0xfb,0x81,0x00,0x00,0x00,0x00,0x00,0x00,0x00,  //...............*@%%+.............
0x00,0x00,0x00,0x00,0x00,0x00,0x00,0x00,0xaf,0xff,0x30,0x00,0x00,0x00,0x00,0x00,0x00,  //................%@@@*............
0x00,0x00,0x00,0x00,0x00,0x00,0x00,0x00,0x09,0xff,0xa0,0x00,0x00,0x00,0x00,0x00,0x00,  //.................%@@%............
0x00,0x00,0x00,0x00,0x00,0x00,0x00,0x00,0x00,0x7e,0x90,0x00,0x00,0x00,0x00,0x00,0x00,  //..................*#%............
0x00,0x00,0x00,0x00,0x00,0x00,0x00,0x00,0x00,0x00,0x00,0x00,0x00,0x00,0x00,0x00,0x00,  //.................................
0x00,0x00,0x00,0x00,0x00,0x00,0x00,0x00,0x00,0x00,0x00,0x48,0xcf,0xe7,0x00,0x00,0x00,  //......................*%#@#*.....
0x00,0x00,0x00,0x00,0x11,0x00,0x00,0x00,0x02,0x59,0xdf,0xff,0xff,0xf9,0x00,0x00,0x00,  //........++.......+*%#@@@@@@%.....
0x00,0x00,0x00,0x00,0x5f,0x93,0x67,0xbc,0xff,0xff,0xff,0xba,0x74,0x00,0x00,0x00,0x00,  //........*@%***%#@@@@@@%%**.......
0x00,0x00,0x00,0x00,0x2f,0xfc,0xbb,0xbb,0x77,0x33,0x00,0x00,0x00,0x00,0x00,0x00,0x00,  //........+@@#%%%%****.............
0x00,0x00,0x00,0x00,0x0f,0xf0,0x00,0x00,0x00,0x00,0x00,0x00,0x00,0x00,0x00,0x00,0x00,  //.........@@......................
0x00,0x00,0x00,0x00,0x0f,0xf0,0x00,0x00,0x00,0x00,0x00,0x00,0x09,0x40,0x00,0x00,0x00,  //.........@@..............%*......
0x00,0x00,0x00,0x00,0x0f,0xf0,0x00,0x00,0x00,0x00,0x00,0x00,0x0f,0xfb,0x00,0x00,0x00,  //.........@@..............@@%.....
0x00,0x00,0x00,0x00,0x2f,0xc0,0x00,0x00,0x00,0x00,0x00,0x00,0x0f,0xff,0xa0,0x00,0x00,  //........+@#..............@@@%....
0x00,0x00,0x00,0x00,0x3f,0xb0,0x00,0x00,0x3b,0x20,0x00,0x00,0x2f,0xfe,0x20,0x00,0x00,  //........*@%.....*%+.....+@@#+....
0x00,0x00,0x00,0x00,0x6f,0x90,0x00,0x00,0x0e,0xe5,0x00,0x00,0x5f,0xf6,0x00,0x00,0x00,  //........*@%......##*....*@@*.....
0x00,0x00,0x00,0x00,0x7f,0x70,0x00,0x00,0x09,0xff,0x20,0x00,0xaf,0xd0,0x00,0x00,0x00,  //........*@*......%@@+...%@#......
0x00,0x00,0x00,0x00,0xbf,0x44,0x70,0x00,0x02,0xff,0xa0,0x00,0xff,0x30,0x00,0x00,0x00,  //........%@***....+@@%...@@*......
0x00,0x00,0x00,0x00,0xef,0x11,0xfd,0x20,0x00,0xaf,0xb0,0x05,0xfb,0x00,0x00,0x00,0x00,  //........#@++@#+...%@%..*@%.......
0x00,0x00,0x00,0x01,0xfe,0x00,0x9f,0xe2,0x00,0x1e,0x90,0x0c,0xf3,0x00,0x00,0x00,0x00,  //.......+@#..%@#+..+#%..#@*.......
0x00,0x00,0x00,0x05,0xfa,0x00,0x1f,0xfe,0x00,0x01,0x00,0x3f,0xb0,0x00,0x00,0x00,0x00,  //.......*@%..+@@#...+..*@%........
0x00,0x00,0x00,0x0a,0xf5,0x00,0x09,0xff,0x40,0x00,0x00,0x9f,0x30,0x00,0x00,0x00,0x00,  //.......%@*...%@@*.....%@*........
0x00,0x00,0x00,0x0f,0xf0,0x00,0x01,0xef,0x50,0x00,0x01,0xfa,0x00,0x00,0x00,0x00,0x00,  //.......@@....+#@*....+@%.........
0x00,0x00,0x00,0x6f,0xa0,0x00,0x00,0x4e,0x00,0x00,0x09,0xe1,0x00,0x00,0x00,0x00,0x00,  //......*@%.....*#.....%#+.........
0x00,0x00,0x00,0xdf,0x30,0x00,0x00,0x00,0x00,0x00,0x1f,0x60,0x00,0x00,0x00,0x00,0x00,  //......#@*...........+@*..........
0x00,0x00,0x05,0xfb,0x00,0x00,0x00,0x00,0x00,0x00,0x9c,0x00,0x00,0x00,0x00,0x00,0x00,  //.....*@%............%#...........
0x00,0x00,0x0d,0xf2,0x00,0x00,0x00,0x00,0x00,0x03,0xf2,0x00,0x00,0x00,0x00,0x00,0x00,  //.....#@+...........*@+...........
0x00,0x00,0x7f,0x50,0x00,0x00,0x00,0x00,0x00,0x0b,0xa3,0x57,0x7b,0xbf,0xff,0x90,0x00,  //....*@*............%%****%%@@@%..
0x00,0x02,0xf9,0x00,0x76,0x67,0x78,0xbb,0xef,0xff,0xff,0xff,0xff,0xff,0xff,0xfc,0x00,  //...+@%..*****%%%#@@@@@@@@@@@@@@#.
0x00,0x0c,0x90,0x00,0x9f,0xff,0xff,0xff,0xfb,0xa7,0x74,0x33,0x33,0x33,0x33,0x33,0x00,  //...#%...%@@@@@@@@%%*************.
0x00,0xa6,0x00,0x00,0x04,0xbb,0x86,0x31,0x00,0x00,0x00,0x00,0x00,0x00,0x00,0x00,0x00,  //..%*.....*%%%**+.................
0x08,0x30,0x00,0x00,0x00,0x00,0x00,0x00,0x00,0x00,0x00,0x00,0x00,0x00,0x00,0x00,0x00,  //.%*..............................
0x00,0x00,0x00,0x00,0x00,0x00,0x00,0x00,0x00,0x00,0x00,0x00,0x00,0x00,0x00,0x00,0x00,  //.................................


/* 度 */
0x00,0x00,0x00,0x00,0x00,0x00,0x00,0x00,0x25,0x20,0x00,0x00,0x00,0x00,0x00,0x00,0x00,0x00,  //................+*+.................
0x00,0x00,0x00,0x00,0x00,0x00,0x00,0x00,0x5f,0xfb,0x00,0x00,0x00,0x00,0x00,0x00,0x00,0x00,  //................*@@%................
0x00,0x00,0x00,0x00,0x00,0x00,0x00,0x00,0x09,0xff,0x70,0x00,0x00,0x00,0x00,0x00,0x00,0x00,  //.................%@@*...............
0x00,0x00,0x00,0x00,0x00,0x00,0x00,0x00,0x00,0x9f,0x70,0x00,0x00,0x00,0x00,0x00,0x00,0x00,  //..................%@*...............
0x00,0x00,0x00,0x00,0x00,0x00,0x00,0x00,0x00,0x03,0x00,0x16,0x77,0x10,0x00,0x00,0x00,0x00,  //...................*..+***+.........
0x00,0x00,0x00,0x00,0x00,0x00,0x00,0x00,0x00,0x26,0x9d,0xff,0xff,0x70,0x00,0x00,0x00,0x00,  //..................+*%#@@@@*.........
0x00,0x00,0x00,0x00,0x0b,0x53,0x35,0x7a,0xcf,0xff,0xfe,0xb8,0x51,0x00,0x00,0x00,0x00,0x00,  //.........%*****%#@@@@#%%*+..........
0x00,0x00,0x00,0x00,0x0d,0xff,0xcb,0xbb,0x77,0x43,0x02,0x20,0x00,0x00,0x00,0x00,0x00,0x00,  //.........#@@#%%%****.++.............
0x00,0x00,0x00,0x00,0x0b,0xf3,0x00,0x00,0x00,0x00,0x09,0xfb,0x00,0x00,0x00,0x00,0x00,0x00,  //.........%@*.........%@%............
0x00,0x00,0x00,0x00,0x0b,0xf3,0x01,0x33,0x00,0x00,0x07,0xfb,0x00,0x00,0x00,0x00,0x00,0x00,  //.........%@*.+**.....*@%............
0x00,0x00,0x00,0x00,0x0b,0xf0,0x01,0xef,0x30,0x00,0x07,0xf6,0x26,0xba,0x30,0x00,0x00,0x00,  //.........%@..+#@*....*@*+*%%*.......
0x00,0x00,0x00,0x00,0x0d,0xf0,0x00,0x9f,0x30,0x24,0x7b,0xff,0xff,0xff,0xa0,0x00,0x00,0x00,  //.........#@...%@*.+**%@@@@@@%.......
0x00,0x00,0x00,0x00,0x0f,0xe0,0x02,0x9f,0xdf,0xff,0xee,0xf8,0x73,0x20,0x00,0x00,0x00,0x00,  //.........@#..+%@#@@@##@%**+.........
0x00,0x00,0x00,0x00,0x1f,0xb9,0xff,0xff,0xd7,0x30,0x0b,0xc0,0x00,0x00,0x00,0x00,0x00,0x00,  //........+@%%@@@@#**..%#.............
0x00,0x00,0x00,0x00,0x3f,0x90,0x32,0x0c,0xb0,0x00,0x0f,0x80,0x00,0x00,0x00,0x00,0x00,0x00,  //........*@%.*+.#%....@%.............
0x00,0x00,0x00,0x00,0x7f,0x70,0x00,0x08,0xc0,0x25,0x7f,0x90,0x00,0x00,0x00,0x00,0x00,0x00,  //........*@*....%#.+**@%.............
0x00,0x00,0x00,0x00,0xaf,0x30,0x00,0x04,0xfd,0xfc,0x97,0x20,0x00,0x00,0x00,0x00,0x00,0x00,  //........%@*....*@#@#%*+.............
0x00,0x00,0x00,0x00,0xdf,0x00,0x00,0x00,0x83,0x00,0x00,0x00,0x00,0x00,0x00,0x00,0x00,0x00,  //........#@......%*..................
0x00,0x00,0x00,0x00,0xfd,0x00,0x00,0x00,0x00,0x00,0x6e,0xe6,0x00,0x00,0x00,0x00,0x00,0x00,  //........@#..........*##*............
0x00,0x00,0x00,0x04,0xf8,0x00,0x00,0x00,0x25,0x9e,0xff,0xff,0x70,0x00,0x00,0x00,0x00,0x00,  //.......*@%......+*%#@@@@*...........
0x00,0x00,0x00,0x09,0xf4,0x00,0x09,0xdf,0xfd,0x82,0x09,0xfe,0x20,0x00,0x00,0x00,0x00,0x00,  //.......%@*...%#@@#%+.%@#+...........
0x00,0x00,0x00,0x0e,0xe0,0x00,0x00,0x33,0x20,0x00,0x0b,0xf5,0x00,0x00,0x00,0x00,0x00,0x00,  //.......##.....**+....%@*............
0x00,0x00,0x00,0x4f,0x80,0x00,0x03,0xbb,0x20,0x00,0x1f,0xd0,0x00,0x00,0x00,0x00,0x00,0x00,  //......*@%....*%%+...+@#.............
0x00,0x00,0x00,0xbf,0x10,0x00,0x00,0x2c,0xe5,0x00,0x9f,0x50,0x00,0x00,0x00,0x00,0x00,0x00,  //......%@+.....+##*..%@*.............
0x00,0x00,0x03,0xf9,0x00,0x00,0x00,0x00,0x9f,0x53,0xfc,0x00,0x00,0x00,0x00,0x00,0x00,0x00,  //.....*@%........%@**@#..............
0x00,0x00,0x0b,0xf1,0x00,0x00,0x00,0x00,0x05,0xfe,0xf3,0x00,0x00,0x00,0x00,0x00,0x00,0x00,  //.....%@+.........*@#@*..............
0x00,0x00,0x5f,0x70,0x00,0x00,0x00,0x00,0x02,0xff,0xf7,0x00,0x00,0x00,0x00,0x00,0x00,0x00,  //....*@*..........+@@@*..............
0x00,0x00,0xec,0x00,0x00,0x00,0x00,0x00,0x4e,0xfc,0xef,0xd5,0x00,0x00,0x00,0x00,0x00,0x00,  //....##..........*#@##@#*............
0x00,0x0a,0xd0,0x00,0x00,0x00,0x00,0x1a,0xff,0x70,0x2d,0xff,0xd5,0x00,0x00,0x00,0x00,0x00,  //...%#.........+%@@*.+#@@#*..........
0x00,0x5c,0x20,0x00,0x00,0x00,0x39,0xff,0x91,0x00,0x00,0xcf,0xff,0xea,0x51,0x00,0x00,0x00,  //..*#+.......*%@@%+....#@@@#%*+......
0x02,0x90,0x00,0x00,0x03,0x8d,0xfb,0x61,0x00,0x00,0x00,0x09,0xff,0xff,0xff,0xd9,0x63,0x00,  //.+%......*%#@%*+.......%@@@@@@#%**..
0x00,0x00,0x00,0x00,0x13,0x33,0x00,0x00,0x00,0x00,0x00,0x00,0x5e,0xff,0xff,0xff,0xda,0x30,  //........+***............*#@@@@@@#%*.


/* 态 */
0x00,0x00,0x00,0x00,0x00,0x00,0x7c,0x60,0x00,0x00,0x00,0x00,0x00,0x00,0x00,0x00,  //............*#*................
0x00,0x00,0x00,0x00,0x00,0x00,0x3f,0xfa,0x00,0x00,0x00,0x00,0x00,0x00,0x00,0x00,  //............*@@%...............
0x00,0x00,0x00,0x00,0x00,0x00,0x0f,0xf7,0x00,0x00,0x00,0x00,0x00,0x00,0x00,0x00,  //.............@@*...............
0x00,0x00,0x00,0x00,0x00,0x00,0x1f,0xf2,0x00,0x00,0x00,0x00,0x00,0x00,0x00,0x00,  //............+@@+...............
0x00,0x00,0x00,0x00,0x00,0x00,0x3f,0xf0,0x00,0x00,0x00,0x00,0x00,0x00,0x00,0x00,  //............*@@................
0x00,0x00,0x00,0x00,0x00,0x00,0x4f,0xb0,0x00,0x00,0x00,0x00,0x00,0x00,0x00,0x00,  //............*@%................
0x00,0x00,0x00,0x00,0x00,0x00,0x7f,0x80,0x01,0x59,0xef,0xe7,0x00,0x00,0x00,0x00,  //............*@%..+*%#@#*.......
0x00,0x00,0x00,0x00,0x00,0x00,0xaf,0xba,0xdf,0xff,0xff,0xdb,0x10,0x00,0x00,0x00,  //............%@%%#@@@@@#%+......
0x00,0x00,0x00,0x33,0x67,0xbd,0xff,0xfe,0xb9,0x74,0x30,0x00,0x00,0x00,0x00,0x00,  //......****%#@@@#%%***..........
0x00,0x01,0xcf,0xff,0xff,0xbd,0xfb,0x2d,0x20,0x00,0x00,0x00,0x00,0x00,0x00,0x00,  //...+#@@@@@%#@%+#+..............
0x00,0x00,0x04,0x75,0x20,0x0c,0xf4,0x03,0xf5,0x00,0x00,0x00,0x00,0x00,0x00,0x00,  //.....***+..#@*.*@*.............
0x00,0x00,0x00,0x00,0x00,0x4f,0xd0,0x00,0x7f,0x50,0x00,0x00,0x00,0x00,0x00,0x00,  //..........*@#...*@*............
0x00,0x00,0x00,0x00,0x00,0xdf,0x40,0x00,0x0a,0xf8,0x00,0x00,0x00,0x00,0x00,0x00,  //..........#@*....%@%...........
0x00,0x00,0x00,0x00,0x07,0xfb,0x00,0x00,0x00,0xcf,0xb0,0x00,0x00,0x00,0x00,0x00,  //.........*@%......#@%..........
0x00,0x00,0x00,0x00,0x4f,0xe0,0x93,0x00,0x00,0x0d,0xfe,0x60,0x00,0x00,0x00,0x00,  //........*@#.%*.....#@#*........
0x00,0x00,0x00,0x02,0xee,0x20,0xbf,0xc2,0x00,0x02,0xef,0xfd,0x71,0x00,0x00,0x00,  //.......+##+.%@#+...+#@@#*+.....
0x00,0x00,0x00,0x5e,0xe2,0x00,0x0e,0xfd,0x00,0x00,0x2e,0xff,0xff,0xb5,0x10,0x00,  //......*##+...#@#....+#@@@@%*+..
0x00,0x00,0x08,0xfb,0x10,0x00,0x02,0xef,0x00,0x00,0x02,0xdf,0xff,0xff,0xf9,0x10,  //.....%@%+....+#@.....+#@@@@@@%+
0x00,0x05,0xea,0x30,0x00,0x00,0x00,0x15,0x00,0x00,0x00,0x02,0x33,0x30,0x00,0x00,  //...*#%*.......+*.......+***....
0x00,0x54,0x00,0x00,0x00,0x00,0x00,0x00,0x00,0x00,0x00,0x00,0x00,0x00,0x00,0x00,  //..**...........................
0x00,0x00,0x00,0x00,0x00,0x00,0x0b,0xfa,0x20,0x00,0x00,0x9d,0xa6,0x00,0x00,0x00,  //.............%@%+.....%#%*.....
0x00,0x00,0x10,0x00,0x00,0x00,0x02,0xef,0xf3,0x00,0x00,0x0c,0xff,0xf7,0x00,0x00,  //....+........+#@@*.....#@@@*...
0x00,0x01,0xa0,0x00,0x00,0x00,0x00,0x5f,0xf9,0x00,0x00,0x00,0x9f,0xff,0x60,0x00,  //...+%.........*@@%......%@@@*..
0x00,0x08,0xe0,0x01,0xa0,0x00,0x00,0x02,0xd9,0x00,0x00,0x00,0x05,0xef,0xd0,0x00,  //...%#..+%......+#%.......*#@#..
0x00,0x0e,0xe0,0x00,0xd6,0x00,0x00,0x00,0x00,0x00,0x00,0x00,0x00,0x1a,0xb0,0x00,  //...##...#*................+%%..
0x00,0x7f,0xb0,0x00,0x8e,0x10,0x00,0x00,0x00,0x00,0x04,0x50,0x00,0x00,0x00,0x00,  //..*@%...%#+..........**........
0x01,0xff,0x60,0x00,0x1f,0xc0,0x00,0x00,0x00,0x00,0x00,0xd5,0x00,0x00,0x00,0x00,  //.+@@*...+@#...........#*.......
0x06,0xff,0x10,0x00,0x07,0xfc,0x20,0x00,0x00,0x00,0x00,0x8f,0x50,0x00,0x00,0x00,  //.*@@+....*@#+.........%@*......
0x06,0xfa,0x00,0x00,0x00,0xaf,0xf9,0x20,0x00,0x00,0x00,0x4f,0xf9,0x10,0x00,0x00,  //.*@%......%@@%+.......*@@%+....
0x01,0xd1,0x00,0x00,0x00,0x09,0xff,0xff,0xbb,0x77,0x7b,0xff,0xff,0xe0,0x00,0x00,  //.+#+.......%@@@@%%***%@@@@#....
0x00,0x00,0x00,0x00,0x00,0x00,0x5d,0xff,0xff,0xff,0xff,0xff,0xf9,0x10,0x00,0x00,  //............*#@@@@@@@@@@@%+....
0x00,0x00,0x00,0x00,0x00,0x00,0x00,0x27,0x7b,0xbb,0xba,0x75,0x10,0x00,0x00,0x00,  //..............+**%%%%%**+......


/* 性 */
0x00,0x00,0x02,0x40,0x00,0x00,0x00,0x00,0x00,0x01,0x73,0x00,0x00,0x00,0x00,0x00,  //.....+*............+**..........
0x00,0x00,0x03,0xfe,0x70,0x00,0x00,0x00,0x00,0x01,0xff,0xd1,0x00,0x00,0x00,0x00,  //.....*@#*..........+@@#+........
0x00,0x00,0x00,0x9f,0xf0,0x00,0x00,0x00,0x00,0x00,0xbf,0xf3,0x00,0x00,0x00,0x00,  //......%@@...........%@@*........
0x00,0x00,0x00,0x5f,0xb0,0x00,0x00,0x00,0x00,0x00,0x7f,0xf0,0x00,0x00,0x00,0x00,  //......*@%...........*@@.........
0x00,0x00,0x00,0x3f,0xb0,0x00,0x00,0x00,0x00,0x00,0x7f,0xf0,0x00,0x00,0x00,0x00,  //......*@%...........*@@.........
0x00,0x00,0x00,0x3f,0x70,0x00,0x00,0x00,0x00,0x00,0x3f,0xb0,0x00,0x00,0x00,0x00,  //......*@*...........*@%.........
0x00,0x00,0x00,0x3f,0x70,0x00,0x00,0x0b,0x50,0x00,0x3f,0xb0,0x00,0x00,0x00,0x00,  //......*@*......%*...*@%.........
0x00,0x00,0x00,0x3f,0x70,0x00,0x00,0x0b,0xfd,0x10,0x3f,0xb0,0x00,0x00,0x00,0x00,  //......*@*......%@#+.*@%.........
0x00,0x00,0x00,0x3f,0xfb,0x60,0x00,0x0b,0xfe,0x10,0x3f,0xb0,0x00,0x00,0x00,0x00,  //......*@@%*....%@#+.*@%.........
0x00,0x00,0x00,0x3f,0xac,0xfe,0x20,0x0e,0xf5,0x00,0x3f,0xb0,0x00,0x33,0x00,0x00,  //......*@%#@#+..#@*..*@%...**....
0x00,0x92,0x00,0x3f,0x60,0xbf,0x60,0x3f,0xd0,0x00,0x3f,0xb4,0x8e,0xff,0xa0,0x00,  //..%+..*@*.%@*.*@#...*@%*%#@@%...
0x00,0xe6,0x00,0x3f,0x30,0x02,0x00,0xaf,0x30,0x01,0x8f,0xff,0xff,0xd7,0x00,0x00,  //..#*..*@*..+..%@*..+%@@@@@#*....
0x02,0xf7,0x00,0x3f,0x30,0x00,0x03,0xfc,0x48,0xcf,0xff,0xfb,0x72,0x00,0x00,0x00,  //.+@*..*@*....*@#*%#@@@@%*+......
0x06,0xf7,0x00,0x3f,0x30,0x00,0x0b,0xeb,0xdf,0xeb,0xcf,0xb0,0x00,0x00,0x00,0x00,  //.*@*..*@*....%#%#@#%#@%.........
0x0c,0xf7,0x00,0x3f,0x30,0x00,0x6e,0x20,0x00,0x00,0x3f,0xb0,0x00,0x00,0x00,0x00,  //.#@*..*@*...*#+.....*@%.........
0x2f,0xf3,0x00,0x4f,0x30,0x04,0xb1,0x00,0x00,0x00,0x3f,0xb0,0x00,0x00,0x00,0x00,  //+@@*..*@*..*%+......*@%.........
0x7f,0xe0,0x00,0x7f,0x30,0x01,0x00,0x00,0x00,0x00,0x3f,0xb0,0x03,0x00,0x00,0x00,  //*@#...*@*..+........*@%..*......
0x5f,0x90,0x00,0x7f,0x30,0x00,0x00,0x00,0x00,0x00,0x3f,0xda,0xff,0xe0,0x00,0x00,  //*@%...*@*...........*@#%@@#.....
0x09,0x00,0x00,0x7f,0x30,0x00,0x00,0x00,0x00,0x05,0xaf,0xff,0xfb,0x40,0x00,0x00,  //.%....*@*..........*%@@@@%*.....
0x00,0x00,0x00,0x7f,0x30,0x00,0x00,0x00,0x4c,0xff,0xff,0xd5,0x10,0x00,0x00,0x00,  //......*@*.......*#@@@@#*+.......
0x00,0x00,0x00,0xbf,0x30,0x00,0x00,0x00,0x02,0x33,0x4f,0xb0,0x00,0x00,0x00,0x00,  //......%@*........+***@%.........
0x00,0x00,0x00,0xbf,0x30,0x00,0x00,0x00,0x00,0x00,0x3f,0xa0,0x00,0x00,0x00,0x00,  //......%@*...........*@%.........
0x00,0x00,0x00,0xcf,0x00,0x00,0x00,0x00,0x00,0x00,0x3f,0x70,0x00,0x00,0x00,0x00,  //......#@............*@*.........
0x00,0x00,0x00,0xff,0x00,0x00,0x00,0x00,0x00,0x00,0x3f,0x70,0x00,0x24,0x76,0x10,  //......@@............*@*...+***+.
0x00,0x00,0x02,0xff,0x00,0x00,0x00,0x00,0x00,0x00,0x6f,0xcb,0xdf,0xff,0xff,0xf8,  //.....+@@............*@#%#@@@@@@%
0x00,0x00,0x06,0xff,0x00,0x03,0x33,0x67,0x9b,0xef,0xff,0xff,0xeb,0xbb,0xbb,0xbb,  //.....*@@...*****%%#@@@@@#%%%%%%%
0x00,0x00,0x07,0xff,0x00,0x05,0xef,0xff,0xfc,0xb7,0x53,0x00,0x00,0x00,0x00,0x00,  //.....*@@...*#@@@@#%***..........
0x00,0x00,0x04,0xfb,0x00,0x00,0x17,0x32,0x00,0x00,0x00,0x00,0x00,0x00,0x00,0x00,  //.....*@%....+**+................
0x00,0x00,0x00,0xf9,0x00,0x00,0x00,0x00,0x00,0x00,0x00,0x00,0x00,0x00,0x00,0x00,  //......@%........................
0x00,0x00,0x00,0x95,0x00,0x00,0x00,0x00,0x00,0x00,0x00,0x00,0x00,0x00,0x00,0x00,  //......%*........................
0x00,0x00,0x00,0x00,0x00,0x00,0x00,0x00,0x00,0x00,0x00,0x00,0x00,0x00,0x00,0x00,  //................................


/* 户 */
0x00,0x00,0x00,0x00,0x00,0x00,0x00,0xbf,0xe9,0x10,0x00,0x00,0x00,0x00,  //..............%@#%+.........
0x00,0x00,0x00,0x00,0x00,0x00,0x00,0x0e,0xff,0xe3,0x00,0x00,0x00,0x00,  //...............#@@#*........
0x00,0x00,0x00,0x00,0x00,0x00,0x00,0x01,0xcf,0xfb,0x00,0x00,0x00,0x00,  //...............+#@@%........
0x00,0x00,0x00,0x00,0x00,0x00,0x00,0x00,0x08,0xf9,0x00,0x00,0x00,0x00,  //.................%@%........
0x00,0x00,0x00,0x00,0x00,0x00,0x00,0x00,0x00,0x00,0x00,0x00,0x00,0x00,  //............................
0x00,0x00,0x00,0x00,0x00,0x00,0x00,0x00,0x00,0x00,0x00,0x00,0x00,0x00,  //............................
0x00,0x00,0x00,0x00,0x00,0x00,0x00,0x00,0x00,0x00,0x00,0x67,0x20,0x00,  //......................**+...
0x00,0x00,0x00,0x00,0x00,0x00,0x00,0x00,0x00,0x36,0xaf,0xff,0xfb,0x10,  //..................**%@@@@%+.
0x00,0x00,0x00,0x00,0xab,0x83,0x36,0x7b,0xdf,0xfd,0xbe,0xff,0xff,0xd0,  //........%%%****%#@@#%#@@@@#.
0x00,0x00,0x00,0x00,0x7f,0xff,0xeb,0x97,0x42,0x00,0x04,0xff,0xfe,0x30,  //........*@@@#%%**+...*@@@#*.
0x00,0x00,0x00,0x00,0x1f,0xf3,0x00,0x00,0x00,0x00,0x04,0xff,0xc0,0x00,  //........+@@*.........*@@#...
0x00,0x00,0x00,0x00,0x0f,0xf3,0x00,0x00,0x00,0x00,0x07,0xfe,0x10,0x00,  //.........@@*.........*@#+...
0x00,0x00,0x00,0x00,0x0f,0xf3,0x00,0x00,0x00,0x00,0x0b,0xf7,0x00,0x00,  //.........@@*.........%@*....
0x00,0x00,0x00,0x00,0x0f,0xf3,0x00,0x00,0x00,0x00,0x0f,0xf3,0x00,0x00,  //.........@@*.........@@*....
0x00,0x00,0x00,0x00,0x0f,0xf2,0x00,0x00,0x03,0x58,0xcf,0xfe,0x00,0x00,  //.........@@+.....**%#@@#....
0x00,0x00,0x00,0x00,0x0f,0xf3,0x57,0xbc,0xff,0xff,0xfc,0xb9,0x00,0x00,  //.........@@***%#@@@@@#%%....
0x00,0x00,0x00,0x00,0x1f,0xff,0xfb,0xa7,0x63,0x20,0x00,0x00,0x00,0x00,  //........+@@@@%%***+.........
0x00,0x00,0x00,0x00,0x3f,0xf0,0x00,0x00,0x00,0x00,0x00,0x00,0x00,0x00,  //........*@@.................
0x00,0x00,0x00,0x00,0x3f,0xd0,0x00,0x00,0x00,0x00,0x00,0x00,0x00,0x00,  //........*@#.................
0x00,0x00,0x00,0x00,0x7f,0xb0,0x00,0x00,0x00,0x00,0x00,0x00,0x00,0x00,  //........*@%.................
0x00,0x00,0x00,0x00,0x8f,0x80,0x00,0x00,0x00,0x00,0x00,0x00,0x00,0x00,  //........%@%.................
0x00,0x00,0x00,0x00,0xbf,0x50,0x00,0x00,0x00,0x00,0x00,0x00,0x00,0x00,  //........%@*.................
0x00,0x00,0x00,0x00,0xff,0x10,0x00,0x00,0x00,0x00,0x00,0x00,0x00,0x00,  //........@@+.................
0x00,0x00,0x00,0x02,0xfd,0x00,0x00,0x00,0x00,0x00,0x00,0x00,0x00,0x00,  //.......+@#..................
0x00,0x00,0x00,0x08,0xf8,0x00,0x00,0x00,0x00,0x00,0x00,0x00,0x00,0x00,  //.......%@%..................
0x00,0x00,0x00,0x0d,0xf1,0x00,0x00,0x00,0x00,0x00,0x00,0x00,0x00,0x00,  //.......#@+..................
0x00,0x00,0x00,0x6f,0x90,0x00,0x00,0x00,0x00,0x00,0x00,0x00,0x00,0x00,  //......*@%...................
0x00,0x00,0x01,0xee,0x00,0x00,0x00,0x00,0x00,0x00,0x00,0x00,0x00,0x00,  //.....+##....................
0x00,0x00,0x0c,0xe2,0x00,0x00,0x00,0x00,0x00,0x00,0x00,0x00,0x00,0x00,  //.....##+....................
0x00,0x00,0xce,0x20,0x00,0x00,0x00,0x00,0x00,0x00,0x00,0x00,0x00,0x00,  //....##+.....................
0x00,0x2d,0x90,0x00,0x00,0x00,0x00,0x00,0x00,0x00,0x00,0x00,0x00,0x00,  //..+#%.......................
0x05,0x71,0x00,0x00,0x00,0x00,0x00,0x00,0x00,0x00,0x00,0x00,0x00,0x00,  //.**+........................
0x00,0x00,0x00,0x00,0x00,0x00,0x00,0x00,0x00,0x00,0x00,0x00,0x00,0x00,  //............................


/* 手 */
0x00,0x00,0x00,0x00,0x00,0x00,0x00,0x00,0x00,0x05,0xc5,0x00,0x00,0x00,0x00,0x00,0x00,  //...................*#*...........
0x00,0x00,0x00,0x00,0x00,0x00,0x00,0x00,0x00,0x6f,0xff,0xb0,0x00,0x00,0x00,0x00,0x00,  //..................*@@@%..........
0x00,0x00,0x00,0x00,0x00,0x00,0x00,0x00,0x5d,0xff,0xff,0xe5,0x00,0x00,0x00,0x00,0x00,  //................*#@@@@#*.........
0x00,0x00,0x00,0x00,0x00,0x00,0x01,0x8d,0xff,0xfa,0x62,0x00,0x00,0x00,0x00,0x00,0x00,  //.............+%#@@@%*+...........
0x00,0x00,0x00,0x00,0x00,0x26,0xcf,0xfd,0x84,0x00,0x00,0x00,0x00,0x00,0x00,0x00,0x00,  //..........+*#@@#%*...............
0x00,0x00,0x00,0x00,0x03,0x77,0x75,0xfb,0x20,0x00,0x00,0x00,0x00,0x00,0x00,0x00,0x00,  //.........*****@%+................
0x00,0x00,0x00,0x00,0x00,0x00,0x00,0x8f,0xe1,0x00,0x00,0x00,0x00,0x00,0x00,0x00,0x00,  //..............%@#+...............
0x00,0x00,0x00,0x00,0x00,0x00,0x00,0x0f,0xf7,0x00,0x00,0x00,0x00,0x00,0x00,0x00,0x00,  //...............@@*...............
0x00,0x00,0x00,0x00,0x00,0x00,0x00,0x0a,0xfb,0x36,0x9e,0xe9,0x00,0x00,0x00,0x00,0x00,  //...............%@%**%##%.........
0x00,0x00,0x00,0x00,0x00,0x00,0x24,0x7c,0xff,0xff,0xff,0xfb,0x10,0x00,0x00,0x00,0x00,  //............+**#@@@@@@@%+........
0x00,0x00,0x00,0x00,0x08,0xcf,0xff,0xff,0xfe,0xa7,0x42,0x00,0x00,0x00,0x00,0x00,0x00,  //.........%#@@@@@@#%**+...........
0x00,0x00,0x00,0x00,0x00,0x59,0xb7,0x66,0xfd,0x00,0x00,0x00,0x00,0x00,0x00,0x00,0x00,  //..........*%%***@#...............
0x00,0x00,0x00,0x00,0x00,0x00,0x00,0x00,0xff,0x00,0x00,0x00,0x00,0x00,0x00,0x00,0x00,  //................@@...............
0x00,0x00,0x00,0x00,0x00,0x00,0x00,0x00,0xff,0x00,0x00,0x00,0x00,0x00,0x00,0x00,0x00,  //................@@...............
0x00,0x00,0x00,0x00,0x00,0x00,0x00,0x00,0xff,0x00,0x00,0x03,0x47,0xab,0xea,0x50,0x00,  //................@@.....***%%#%*..
0x00,0x00,0x00,0x00,0x00,0x00,0x00,0x35,0xff,0x9b,0xbf,0xff,0xff,0xff,0xff,0xfb,0x00,  //..............**@@%%%@@@@@@@@@@%.
0x00,0x00,0x02,0x34,0x77,0xbb,0xff,0xff,0xff,0xfe,0xbb,0xba,0x77,0x77,0x77,0xa7,0x20,  //.....+****%%@@@@@@@#%%%%******%*+
0x0d,0xff,0xff,0xff,0xff,0xfd,0xb9,0x75,0xff,0x00,0x00,0x00,0x00,0x00,0x00,0x00,0x00,  //.#@@@@@@@@@#%%**@@...............
0x00,0x9e,0xfe,0xb7,0x42,0x00,0x00,0x00,0xff,0x20,0x00,0x00,0x00,0x00,0x00,0x00,0x00,  //..%#@#%**+......@@+..............
0x00,0x00,0x00,0x00,0x00,0x00,0x00,0x00,0xff,0x30,0x00,0x00,0x00,0x00,0x00,0x00,0x00,  //................@@*..............
0x00,0x00,0x00,0x00,0x00,0x00,0x00,0x00,0xcf,0x30,0x00,0x00,0x00,0x00,0x00,0x00,0x00,  //................#@*..............
0x00,0x00,0x00,0x00,0x00,0x00,0x00,0x00,0xcf,0x30,0x00,0x00,0x00,0x00,0x00,0x00,0x00,  //................#@*..............
0x00,0x00,0x00,0x00,0x00,0x00,0x00,0x00,0xff,0x30,0x00,0x00,0x00,0x00,0x00,0x00,0x00,  //................@@*..............
0x00,0x00,0x00,0x00,0x00,0x00,0x00,0x00,0xff,0x30,0x00,0x00,0x00,0x00,0x00,0x00,0x00,  //................@@*..............
0x00,0x00,0x00,0x00,0x00,0x00,0x00,0x00,0xff,0x30,0x00,0x00,0x00,0x00,0x00,0x00,0x00,  //................@@*..............
0x00,0x00,0x00,0x00,0x00,0x00,0x00,0x00,0xff,0x30,0x00,0x00,0x00,0x00,0x00,0x00,0x00,  //................@@*..............
0x00,0x00,0x00,0x00,0x00,0x00,0x00,0x04,0xff,0x00,0x00,0x00,0x00,0x00,0x00,0x00,0x00,  //...............*@@...............
0x00,0x00,0x00,0x00,0x00,0x10,0x00,0x0a,0xff,0x00,0x00,0x00,0x00,0x00,0x00,0x00,0x00,  //..........+....%@@...............
0x00,0x00,0x00,0x00,0x00,0x2d,0xb9,0xcf,0xfb,0x00,0x00,0x00,0x00,0x00,0x00,0x00,0x00,  //..........+#%%#@@%...............
0x00,0x00,0x00,0x00,0x00,0x00,0xaf,0xff,0xf5,0x00,0x00,0x00,0x00,0x00,0x00,0x00,0x00,  //............%@@@@*...............
0x00,0x00,0x00,0x00,0x00,0x00,0x0a,0xff,0xb0,0x00,0x00,0x00,0x00,0x00,0x00,0x00,0x00,  //.............%@@%................
0x00,0x00,0x00,0x00,0x00,0x00,0x00,0xfc,0x00,0x00,0x00,0x00,0x00,0x00,0x00,0x00,0x00,  //..............@#.................
0x00,0x00,0x00,0x00,0x00,0x00,0x00,0x40,0x00,0x00,0x00,0x00,0x00,0x00,0x00,0x00,0x00,  //..............*..................


/* 振 */
0x00,0x00,0x00,0x02,0xa5,0x00,0x00,0x00,0x00,0x00,0x00,0x00,0x00,0x00,0x00,0x00,0x00,0x00,  //.......+%*.........................
0x00,0x00,0x00,0x00,0xef,0xe2,0x00,0x00,0x00,0x00,0x00,0x00,0x00,0x00,0x00,0x00,0x00,0x00,  //........#@#+.......................
0x00,0x00,0x00,0x00,0x8f,0xf3,0x00,0x00,0x00,0x00,0x00,0x00,0x01,0x30,0x00,0x00,0x00,0x00,  //........%@@*.............+*........
0x00,0x00,0x00,0x00,0x4f,0xf0,0x00,0x00,0x00,0x00,0x00,0x28,0xdf,0xf6,0x00,0x00,0x00,0x00,  //........*@@...........+%#@@*.......
0x00,0x00,0x00,0x00,0x3f,0xb0,0x00,0x00,0x57,0x77,0x9d,0xff,0xb7,0x10,0x00,0x00,0x00,0x00,  //........*@%.....****%#@@%*+........
0x00,0x00,0x00,0x00,0x0f,0xb0,0x00,0x00,0x6f,0xeb,0x75,0x20,0x00,0x00,0x00,0x00,0x00,0x00,  //.........@%.....*@#%**+............
0x00,0x00,0x00,0x00,0x0f,0xb0,0x00,0x00,0x3f,0xb0,0x00,0x00,0x00,0x00,0x00,0x00,0x00,0x00,  //.........@%.....*@%................
0x00,0x00,0x00,0x00,0x0f,0x70,0x00,0x00,0x0f,0xb0,0x00,0x00,0x00,0x00,0x00,0x00,0x00,0x00,  //.........@*......@%................
0x00,0x00,0x00,0x00,0x0f,0x97,0xb7,0x00,0x0f,0x80,0x00,0x02,0x8b,0x50,0x00,0x00,0x00,0x00,  //.........@%*%*...@%....+%%*........
0x00,0x00,0x00,0x00,0x6f,0xff,0xe5,0x00,0x3f,0x70,0x28,0xdf,0xfd,0x40,0x00,0x00,0x00,0x00,  //........*@@@#*..*@*.+%#@@#*........
0x00,0x00,0x04,0xaf,0xff,0xe8,0x10,0x00,0x3f,0xde,0xfe,0xb7,0x20,0x00,0x00,0x00,0x00,0x00,  //.....*%@@@#%+...*@##@#%*+..........
0x00,0x1b,0xff,0xfb,0x9f,0x70,0x00,0x00,0x5f,0x82,0x00,0x00,0x00,0x00,0x00,0x00,0x00,0x00,  //..+%@@@%%@*.....*@%+...............
0x00,0x00,0x00,0x00,0x0f,0x70,0x00,0x00,0x7f,0x30,0x00,0x00,0x00,0x37,0x71,0x00,0x00,0x00,  //.........@*.....*@*.......***+.....
0x00,0x00,0x00,0x00,0x0f,0x70,0x00,0x00,0xaf,0x00,0x00,0x02,0x8d,0xff,0xf7,0x00,0x00,0x00,  //.........@*.....%@.....+%#@@@*.....
0x00,0x00,0x00,0x00,0x0f,0x70,0x30,0x00,0xcc,0x00,0x48,0xdf,0xfe,0xa5,0x10,0x00,0x00,0x00,  //.........@*.*...##..*%#@@#%*+......
0x00,0x00,0x00,0x00,0x0f,0xab,0x50,0x00,0xfe,0xdf,0xfc,0x96,0x20,0xbb,0x30,0x00,0x00,0x00,  //.........@%%*...@##@@#%*+.%%*......
0x00,0x00,0x00,0x00,0x3f,0xf5,0x00,0x03,0xf9,0xbe,0x20,0x00,0x00,0xff,0xc0,0x00,0x00,0x00,  //........*@@*...*@%%#+.....@@#......
0x00,0x00,0x00,0x1a,0xff,0x80,0x00,0x08,0xf2,0x4f,0xe2,0x00,0x07,0xf8,0x00,0x00,0x00,0x00,  //......+%@@%....%@+*@#+...*@%.......
0x00,0x00,0x07,0xef,0x8f,0x70,0x00,0x0d,0xc0,0x3f,0xae,0x50,0x2f,0x50,0x00,0x00,0x00,0x00,  //.....*#@%@*....##.*@%#*.+@*........
0x00,0x07,0xef,0xd3,0x0f,0x70,0x00,0x4f,0x50,0x3f,0x35,0xf9,0xc5,0x00,0x00,0x00,0x00,0x00,  //...*#@#*.@*...*@*.*@**@%#*.........
0x3a,0xef,0xf9,0x00,0x0f,0x70,0x00,0xbd,0x00,0x3f,0x30,0x2e,0xd2,0x00,0x00,0x00,0x00,0x00,  //*%#@@%...@*...%#..*@*.+##+.........
0x1e,0xff,0x50,0x00,0x0f,0x70,0x03,0xf5,0x00,0x3f,0x30,0x02,0xdf,0x70,0x00,0x00,0x00,0x00,  //+#@@*....@*..*@*..*@*..+#@*........
0x02,0xd4,0x00,0x00,0x3f,0x70,0x0b,0xb0,0x00,0x3f,0x30,0x00,0x0c,0xfe,0x71,0x00,0x00,0x00,  //.+#*....*@*..%%...*@*....#@#*+.....
0x00,0x00,0x00,0x00,0x3f,0x70,0x4e,0x00,0x00,0x3f,0x30,0x00,0x00,0xcf,0xff,0xa5,0x00,0x00,  //........*@*.*#....*@*.....#@@@%*...
0x00,0x00,0x00,0x00,0x3f,0x70,0xd2,0x00,0x00,0x4f,0x30,0x00,0x40,0x0c,0xff,0xff,0xfa,0x40,  //........*@*.#+....*@*...*..#@@@@@%*
0x00,0x00,0x00,0x00,0x4f,0x79,0x20,0x00,0x00,0x7f,0x00,0x5c,0x20,0x00,0x6b,0xba,0x74,0x00,  //........*@*%+.....*@..*#+...*%%%**.
0x00,0x00,0x05,0x85,0xaf,0x70,0x00,0x00,0x00,0xaf,0x9d,0xc1,0x00,0x00,0x00,0x00,0x00,0x00,  //.....*%*%@*.......%@%##+...........
0x00,0x00,0x00,0xaf,0xff,0x60,0x00,0x00,0x00,0xff,0xfc,0x00,0x00,0x00,0x00,0x00,0x00,0x00,  //......%@@@*.......@@@#.............
0x00,0x00,0x00,0x0e,0xff,0x10,0x00,0x00,0x07,0xff,0xc0,0x00,0x00,0x00,0x00,0x00,0x00,0x00,  //.......#@@+......*@@#..............
0x00,0x00,0x00,0x07,0xf9,0x00,0x00,0x00,0x05,0xfe,0x20,0x00,0x00,0x00,0x00,0x00,0x00,0x00,  //.......*@%.......*@#+..............
0x00,0x00,0x00,0x00,0xa1,0x00,0x00,0x00,0x00,0xe4,0x00,0x00,0x00,0x00,0x00,0x00,0x00,0x00,  //........%+........#*...............
0x00,0x00,0x00,0x00,0x00,0x00,0x00,0x00,0x00,0x00,0x00,0x00,0x00,0x00,0x00,0x00,0x00,0x00,  //...................................


/* 新 */
0x00,0x00,0x00,0x00,0x01,0x31,0x00,0x00,0x00,0x00,0x00,0x00,0x00,0x00,0x00,0x00,0x00,  //.........+*+.....................
0x00,0x00,0x00,0x00,0x00,0xcf,0xd4,0x00,0x00,0x00,0x00,0x00,0x00,0x00,0x00,0x00,0x00,  //..........#@#*...................
0x00,0x00,0x00,0x00,0x00,0x2e,0xff,0x00,0x00,0x00,0x00,0x00,0x02,0x10,0x00,0x00,0x00,  //..........+#@@...........++......
0x00,0x00,0x00,0x00,0x00,0x02,0xde,0x00,0x00,0x00,0x00,0x00,0x0e,0xf8,0x00,0x00,0x00,  //...........+##...........#@%.....
0x00,0x00,0x00,0x00,0x00,0x00,0x02,0x00,0x00,0x00,0x00,0x00,0xaf,0xff,0xa0,0x00,0x00,  //.............+..........%@@@%....
0x00,0x00,0x00,0x00,0x00,0x00,0x49,0xfd,0x70,0x00,0x00,0x0c,0xff,0xa6,0x00,0x00,0x00,  //............*%@#*......#@@%*.....
0x00,0x00,0x00,0x00,0x36,0xae,0xff,0xea,0x40,0x00,0x03,0xed,0x60,0x00,0x00,0x00,0x00,  //........**%#@@#%*....*##*........
0x00,0x00,0x04,0xef,0xff,0xb8,0x57,0x00,0x00,0x44,0x8d,0x50,0x00,0x00,0x00,0x00,0x00,  //.....*#@@@%%**....**%#*..........
0x00,0x00,0x00,0x03,0x20,0x00,0x3f,0xa0,0x00,0x9f,0xf0,0x00,0x00,0x00,0x00,0x00,0x00,  //.......*+...*@%...%@@............
0x00,0x00,0x00,0x0a,0x10,0x00,0x5f,0xc0,0x00,0x3f,0xf0,0x00,0x00,0x00,0x00,0x00,0x00,  //.......%+...*@#...*@@............
0x00,0x00,0x00,0x0a,0xe0,0x00,0xbd,0x00,0x00,0x0f,0xf0,0x00,0x00,0x00,0x00,0x00,0x00,  //.......%#...%#.....@@............
0x00,0x00,0x00,0x03,0xf6,0x01,0xf3,0x00,0x00,0x0f,0xf0,0x00,0x00,0x00,0x23,0x31,0x00,  //.......*@*.+@*.....@@.......+**+.
0x00,0x00,0x00,0x00,0x83,0x0a,0xfb,0xdf,0xe0,0x0f,0xe0,0x00,0x25,0x9d,0xff,0xff,0x40,  //........%*.%@%#@#..@#...+*%#@@@@*
0x00,0x00,0x02,0x47,0xad,0xfe,0xb7,0x53,0x00,0x0f,0xd8,0xbf,0xff,0xbb,0x77,0x43,0x00,  //.....+**%#@#%***...@#%%@@@%%****.
0x5b,0xbe,0xff,0xfb,0x7c,0xd2,0x00,0x00,0x00,0x0f,0xc5,0x75,0xbe,0x20,0x00,0x00,0x00,  //*%%#@@@%*##+.......@#***%#+......
0x0a,0xfc,0x72,0x00,0x04,0xfc,0x00,0x00,0x00,0x0f,0xb0,0x00,0x6f,0xd0,0x00,0x00,0x00,  //.%@#*+...*@#.......@%...*@#......
0x00,0x00,0x00,0x00,0x00,0xfd,0x03,0x79,0x20,0x3f,0xb0,0x00,0x3f,0xb0,0x00,0x00,0x00,  //..........@#.**%+.*@%...*@%......
0x00,0x00,0x00,0x00,0x37,0xef,0xfe,0xb9,0x40,0x3f,0xb0,0x00,0x3f,0xb0,0x00,0x00,0x00,  //........**#@@#%%*.*@%...*@%......
0x00,0x0a,0xbb,0xff,0xeb,0xdf,0x10,0x00,0x00,0x6f,0x70,0x00,0x1f,0xb0,0x00,0x00,0x00,  //...%%%@@#%#@+.....*@*...+@%......
0x00,0x01,0x89,0x51,0x00,0xbf,0x00,0x00,0x00,0x7f,0x50,0x00,0x0f,0xb0,0x00,0x00,0x00,  //...+%%*+..%@......*@*....@%......
0x00,0x00,0x06,0x00,0x00,0xdf,0xb9,0x30,0x00,0xbf,0x20,0x00,0x0f,0xb0,0x00,0x00,0x00,  //.....*....#@%%*...%@+....@%......
0x00,0x00,0x7b,0x00,0x00,0xff,0x3e,0xf7,0x00,0xef,0x00,0x00,0x0f,0xb0,0x00,0x00,0x00,  //....*%....@@*#@*..#@.....@%......
0x00,0x00,0xdb,0x00,0x00,0xff,0x02,0xdd,0x01,0xfa,0x00,0x00,0x0f,0xb0,0x00,0x00,0x00,  //....#%....@@.+##.+@%.....@%......
0x00,0x07,0xfa,0x00,0x00,0xff,0x00,0x02,0x06,0xf5,0x00,0x00,0x0f,0xb0,0x00,0x00,0x00,  //...*@%....@@...+.*@*.....@%......
0x00,0x0f,0xf5,0x00,0x01,0xfd,0x00,0x00,0x0d,0xe0,0x00,0x00,0x0f,0xb0,0x00,0x00,0x00,  //...@@*...+@#.....##......@%......
0x00,0x0d,0xe0,0x01,0x38,0xfb,0x00,0x00,0x5f,0x50,0x00,0x00,0x0f,0xb0,0x00,0x00,0x00,  //...##..+*%@%....*@*......@%......
0x00,0x04,0x50,0x00,0xbf,0xfb,0x00,0x00,0xea,0x00,0x00,0x00,0x0f,0xb0,0x00,0x00,0x00,  //...**...%@@%....#%.......@%......
0x00,0x00,0x00,0x00,0x09,0xf9,0x00,0x0a,0xb0,0x00,0x00,0x00,0x0f,0xa0,0x00,0x00,0x00,  //.........%@%...%%........@%......
0x00,0x00,0x00,0x00,0x00,0xb1,0x00,0x15,0x00,0x00,0x00,0x00,0x0f,0x70,0x00,0x00,0x00,  //..........%+..+*.........@*......
0x00,0x00,0x00,0x00,0x00,0x00,0x00,0x00,0x00,0x00,0x00,0x00,0x0f,0x70,0x00,0x00,0x00,  //.........................@*......
0x00,0x00,0x00,0x00,0x00,0x00,0x00,0x00,0x00,0x00,0x00,0x00,0x0f,0x40,0x00,0x00,0x00,  //.........................@*......
0x00,0x00,0x00,0x00,0x00,0x00,0x00,0x00,0x00,0x00,0x00,0x00,0x0e,0x10,0x00,0x00,0x00,  //.........................#+......
0x00,0x00,0x00,0x00,0x00,0x00,0x00,0x00,0x00,0x00,0x00,0x00,0x06,0x00,0x00,0x00,0x00,  //.........................*.......
0x00,0x00,0x00,0x00,0x00,0x00,0x00,0x00,0x00,0x00,0x00,0x00,0x00,0x00,0x00,0x00,0x00,  //.................................


/* 显 */
0x00,0x00,0x00,0x00,0x00,0x00,0x00,0x00,0x03,0x9e,0xff,0xa3,0x00,0x00,0x00,0x00,  //.................*%#@@%*........
0x00,0x00,0x00,0x02,0x00,0x03,0x37,0x9b,0xfc,0xbb,0xdf,0xff,0xa0,0x00,0x00,0x00,  //.......+...***%%@#%%#@@@%.......
0x00,0x00,0x00,0x3f,0xff,0xeb,0x87,0x31,0x00,0x00,0x3f,0xff,0xf6,0x00,0x00,0x00,  //......*@@@#%%**+....*@@@@*......
0x00,0x00,0x00,0x09,0xfe,0x00,0x00,0x00,0x00,0x00,0x3f,0xff,0xc0,0x00,0x00,0x00,  //.......%@#..........*@@@#.......
0x00,0x00,0x00,0x04,0xff,0x00,0x00,0x00,0x00,0x00,0x7f,0xfe,0x00,0x00,0x00,0x00,  //.......*@@..........*@@#........
0x00,0x00,0x00,0x00,0xff,0x20,0x26,0x9d,0xfe,0x10,0x8f,0xf7,0x00,0x00,0x00,0x00,  //........@@+.+*%#@#+.%@@*........
0x00,0x00,0x00,0x00,0xcf,0xce,0xff,0xff,0xb6,0x00,0xcf,0xe0,0x00,0x00,0x00,0x00,  //........#@##@@@@%*..#@#.........
0x00,0x00,0x00,0x00,0x8f,0x93,0x33,0x00,0x00,0x00,0xff,0x70,0x00,0x00,0x00,0x00,  //........%@%***......@@*.........
0x00,0x00,0x00,0x00,0x4f,0x70,0x00,0x00,0x00,0x04,0xfe,0x00,0x00,0x00,0x00,0x00,  //........*@*........*@#..........
0x00,0x00,0x00,0x00,0x0f,0xb0,0x00,0x00,0x24,0x7c,0xf7,0x00,0x00,0x00,0x00,0x00,  //.........@%.....+**#@*..........
0x00,0x00,0x00,0x00,0x0c,0xc6,0x7a,0xcf,0xfc,0xac,0xe0,0x00,0x00,0x00,0x00,0x00,  //.........##**%#@@#%##...........
0x00,0x00,0x00,0x00,0x06,0xfd,0xa7,0x42,0x17,0x20,0x20,0x00,0x00,0x00,0x00,0x00,  //.........*@#%**++*+.+...........
0x00,0x00,0x00,0x00,0x00,0x40,0x00,0x00,0x0f,0xf9,0x00,0x00,0x00,0x00,0x00,0x00,  //..........*......@@%............
0x00,0x00,0x00,0x00,0x00,0x30,0x00,0x00,0x0b,0xff,0x00,0x00,0x51,0x00,0x00,0x00,  //..........*......%@@....*+......
0x00,0x00,0x00,0x00,0x00,0xcf,0xc2,0x00,0x08,0xfc,0x00,0x00,0xfe,0x20,0x00,0x00,  //..........#@#+...%@#....@#+.....
0x00,0x00,0x00,0x00,0x00,0x4f,0xf7,0x00,0x07,0xf9,0x00,0x05,0xff,0xd0,0x00,0x00,  //..........*@@*...*@%...*@@#.....
0x00,0x00,0x00,0x00,0x00,0x0f,0xf7,0x00,0x07,0xf7,0x00,0x0d,0xfe,0x70,0x00,0x00,  //...........@@*...*@*...#@#*.....
0x00,0x00,0x0c,0x50,0x00,0x0b,0xf5,0x00,0x07,0xf5,0x00,0xcf,0x80,0x00,0x00,0x00,  //.....#*....%@*...*@*..#@%.......
0x00,0x00,0x0b,0xfc,0x20,0x09,0xf3,0x00,0x07,0xf3,0x0c,0xe4,0x00,0x00,0x00,0x00,  //.....%@#+..%@*...*@*.##*........
0x00,0x00,0x01,0xff,0xe1,0x07,0xf3,0x00,0x07,0xf4,0xca,0x00,0x00,0x00,0x00,0x00,  //.....+@@#+.*@*...*@*#%..........
0x00,0x00,0x00,0x7f,0xf6,0x07,0xf3,0x00,0x07,0xfe,0x40,0x00,0x00,0x00,0x00,0x00,  //......*@@*.*@*...*@#*...........
0x00,0x00,0x00,0x0b,0xf2,0x06,0xf3,0x00,0x08,0xf0,0x00,0x00,0x00,0x00,0x00,0x00,  //.......%@+.*@*...%@.............
0x00,0x00,0x00,0x00,0x50,0x03,0xf3,0x00,0x0b,0xf0,0x00,0x00,0x00,0x00,0x00,0x00,  //........*..*@*...%@.............
0x00,0x00,0x00,0x00,0x00,0x03,0xf3,0x00,0x0b,0xf0,0x00,0x00,0x00,0x00,0x00,0x00,  //...........*@*...%@.............
0x00,0x00,0x00,0x00,0x00,0x05,0xf6,0x77,0x7d,0xfb,0xbd,0xff,0xff,0xff,0xfb,0x30,  //...........*@****#@%%#@@@@@@@%*.
0x23,0x34,0x77,0x9b,0xbf,0xff,0xff,0xff,0xff,0xeb,0xbb,0xbb,0xbb,0xef,0xff,0xf3,  //+*****%%%@@@@@@@@@#%%%%%%%#@@@@*
0x8f,0xff,0xff,0xfd,0xb8,0x76,0x33,0x30,0x00,0x00,0x00,0x00,0x00,0x00,0x13,0x30,  //%@@@@@@#%%*****.............+**.
0x04,0xaa,0x63,0x00,0x00,0x00,0x00,0x00,0x00,0x00,0x00,0x00,0x00,0x00,0x00,0x00,  //.*%%**..........................


/* 更 */
0x00,0x00,0x00,0x00,0x00,0x00,0x00,0x00,0x00,0x00,0x47,0xb9,0x40,0x00,0x00,0x00,0x00,0x00,  //....................**%%*...........
0x00,0x00,0x00,0x00,0x00,0x00,0x00,0x00,0x47,0xbf,0xff,0xff,0xb0,0x00,0x00,0x00,0x00,0x00,  //................**%@@@@@%...........
0x00,0x00,0x00,0x00,0x00,0x04,0x7a,0xdf,0xff,0xff,0xd9,0x51,0x00,0x00,0x00,0x00,0x00,0x00,  //...........**%#@@@@@#%*+............
0x00,0x00,0x00,0x00,0x00,0x2d,0xff,0xeb,0xfd,0x40,0x00,0x00,0x00,0x00,0x00,0x00,0x00,0x00,  //..........+#@@#%@#*.................
0x00,0x00,0x00,0x00,0x00,0x00,0x11,0x00,0xef,0x70,0x00,0x00,0x00,0x00,0x00,0x00,0x00,0x00,  //............++..#@*.................
0x00,0x00,0x00,0x00,0x00,0x00,0x00,0x00,0xbf,0x30,0x01,0x5a,0x91,0x00,0x00,0x00,0x00,0x00,  //................%@*..+*%%+..........
0x00,0x00,0x00,0x00,0x00,0x00,0x00,0x00,0xbf,0xab,0xef,0xff,0xff,0x70,0x00,0x00,0x00,0x00,  //................%@%%#@@@@@*.........
0x00,0x00,0x00,0x00,0x00,0x01,0x47,0xbe,0xff,0x95,0x30,0x00,0xdf,0xf9,0x00,0x00,0x00,0x00,  //...........+**%#@@%**...#@@%........
0x00,0x00,0x00,0x06,0xff,0xfb,0x96,0x30,0xbf,0x30,0x00,0x00,0xbf,0xff,0x20,0x00,0x00,0x00,  //.......*@@@%%**.%@*.....%@@@+.......
0x00,0x00,0x00,0x00,0x9f,0xf0,0x00,0x00,0xbf,0x00,0x00,0x00,0xef,0xf5,0x00,0x00,0x00,0x00,  //........%@@.....%@......#@@*........
0x00,0x00,0x00,0x00,0x0e,0xf2,0x00,0x00,0xcf,0xdf,0xf0,0x04,0xff,0x60,0x00,0x00,0x00,0x00,  //.........#@+....#@#@@..*@@*.........
0x00,0x00,0x00,0x00,0x07,0xf6,0x04,0xcf,0xff,0xb7,0x10,0x0b,0xfb,0x00,0x00,0x00,0x00,0x00,  //.........*@*.*#@@@%*+..%@%..........
0x00,0x00,0x00,0x00,0x00,0xf9,0x01,0x33,0xcf,0x00,0x00,0x3f,0xf1,0x00,0x00,0x00,0x00,0x00,  //..........@%.+**#@....*@@+..........
0x00,0x00,0x00,0x00,0x00,0x9d,0x00,0x00,0xcf,0x00,0x00,0xbf,0x70,0x00,0x00,0x00,0x00,0x00,  //..........%#....#@....%@*...........
0x00,0x00,0x00,0x00,0x00,0x4f,0x10,0x00,0xfc,0x36,0x9c,0xfc,0x00,0x00,0x00,0x00,0x00,0x00,  //..........*@+...@#**%#@#............
0x00,0x00,0x00,0x00,0x00,0x0e,0x77,0x9b,0xfe,0xb8,0x7a,0xc0,0x00,0x00,0x00,0x00,0x00,0x00,  //...........#**%%@#%%*%#.............
0x00,0x00,0x00,0x5f,0xea,0x39,0xb7,0x46,0xfb,0x00,0x00,0x00,0x00,0x00,0x00,0x00,0x00,0x00,  //......*@#%*%%***@%..................
0x00,0x00,0x00,0x00,0x17,0xfa,0x10,0x05,0xf7,0x00,0x00,0x00,0x00,0x00,0x00,0x00,0x00,0x00,  //........+*@%+..*@*..................
0x00,0x00,0x00,0x00,0x00,0x2c,0xc0,0x09,0xf4,0x00,0x00,0x00,0x00,0x00,0x00,0x00,0x00,0x00,  //..........+##..%@*..................
0x00,0x00,0x00,0x00,0x00,0x00,0xcd,0x2e,0xf0,0x00,0x00,0x00,0x00,0x00,0x00,0x00,0x00,0x00,  //............##+#@...................
0x00,0x00,0x00,0x00,0x00,0x00,0x0c,0xff,0xc0,0x00,0x00,0x00,0x00,0x00,0x00,0x00,0x00,0x00,  //.............#@@#...................
0x00,0x00,0x00,0x00,0x00,0x00,0x02,0xef,0x70,0x00,0x00,0x00,0x00,0x00,0x00,0x00,0x00,0x00,  //.............+#@*...................
0x00,0x00,0x00,0x00,0x00,0x00,0x03,0xff,0xe4,0x00,0x00,0x00,0x00,0x00,0x00,0x00,0x00,0x00,  //.............*@@#*..................
0x00,0x00,0x00,0x00,0x00,0x00,0x2e,0xf6,0xcf,0x80,0x00,0x00,0x00,0x00,0x00,0x00,0x00,0x00,  //............+#@*#@%.................
0x00,0x00,0x00,0x00,0x00,0x05,0xef,0x50,0x0c,0xfc,0x30,0x00,0x00,0x00,0x00,0x00,0x00,0x00,  //...........*#@*..#@#*...............
0x00,0x00,0x00,0x00,0x01,0xbf,0xe4,0x00,0x00,0xcf,0xf9,0x10,0x00,0x00,0x00,0x00,0x00,0x00,  //.........+%@#*....#@@%+.............
0x00,0x00,0x00,0x15,0xbf,0xe7,0x00,0x00,0x00,0x09,0xff,0xf9,0x40,0x00,0x00,0x00,0x00,0x00,  //......+*%@#*.......%@@@%*...........
0x00,0x3a,0xbe,0xdb,0x84,0x00,0x00,0x00,0x00,0x00,0x9f,0xff,0xfe,0x95,0x10,0x00,0x00,0x00,  //..*%%##%%*..........%@@@@#%*+.......
0x00,0x00,0x00,0x00,0x00,0x00,0x00,0x00,0x00,0x00,0x05,0xef,0xff,0xff,0xfd,0x96,0x20,0x00,  //.....................*#@@@@@@#%*+...
0x00,0x00,0x00,0x00,0x00,0x00,0x00,0x00,0x00,0x00,0x00,0x19,0xdf,0xff,0xff,0xff,0xc9,0x00,  //......................+%#@@@@@@@#%..


/* 服 */
0x00,0x00,0x00,0x00,0x00,0x00,0x00,0x00,0x00,0x00,0x00,0x00,0x6e,0xb3,0x00,0x00,0x00,0x00,0x00,  //........................*#%*.........
0x00,0x00,0x00,0x00,0x00,0x09,0x90,0x00,0x00,0x00,0x01,0x6d,0xff,0xff,0x80,0x00,0x00,0x00,0x00,  //...........%%........+*#@@@@%........
0x00,0x00,0x0a,0x73,0x58,0xef,0xfe,0x30,0xac,0x8b,0xdf,0xa6,0x3d,0xff,0xb0,0x00,0x00,0x00,0x00,  //.....%***%#@@#*.%#%%#@%**#@@%........
0x00,0x00,0x07,0xfe,0xb7,0x49,0xff,0x80,0x1f,0xfb,0x30,0x00,0x0b,0xfd,0x00,0x00,0x00,0x00,0x00,  //.....*@#%**%@@%.+@@%*....%@#.........
0x00,0x00,0x01,0xfb,0x00,0x07,0xfe,0x00,0x0a,0xf7,0x00,0x00,0x0b,0xf6,0x00,0x00,0x00,0x00,0x00,  //.....+@%...*@#...%@*.....%@*.........
0x00,0x00,0x00,0xfb,0x00,0x07,0xfa,0x00,0x07,0xf7,0x00,0x00,0x0e,0xf2,0x00,0x00,0x00,0x00,0x00,  //......@%...*@%...*@*.....#@+.........
0x00,0x00,0x00,0xcb,0x00,0x04,0xf7,0x00,0x03,0xf7,0x05,0xc8,0xbf,0xf0,0x00,0x00,0x00,0x00,0x00,  //......#%...*@*...*@*.*#%%@@..........
0x00,0x00,0x00,0xbb,0x00,0x03,0xf7,0x00,0x03,0xf7,0x00,0x5f,0xff,0xa0,0x00,0x00,0x00,0x00,0x00,  //......%%...*@*...*@*..*@@@%..........
0x00,0x00,0x00,0xbb,0x01,0x03,0xf7,0x00,0x03,0xf7,0x00,0x09,0xff,0x30,0x00,0x00,0x00,0x00,0x00,  //......%%.+.*@*...*@*...%@@*..........
0x00,0x00,0x00,0xbe,0xcf,0xa3,0xf6,0x00,0x03,0xf7,0x00,0x02,0xf9,0x00,0x00,0x00,0x00,0x00,0x00,  //......%##@%*@*...*@*...+@%...........
0x00,0x00,0x00,0xbe,0x75,0x13,0xf3,0x00,0x03,0xf7,0x00,0x00,0x20,0x00,0x00,0x00,0x00,0x00,0x00,  //......%#**+*@*...*@*....+............
0x00,0x00,0x00,0xbb,0x00,0x03,0xf3,0x00,0x03,0xf7,0x00,0x00,0x00,0x00,0x00,0x00,0x00,0x00,0x00,  //......%%...*@*...*@*.................
0x00,0x00,0x00,0xbb,0x00,0x03,0xf3,0x00,0x03,0xf7,0x00,0x00,0x0c,0xe6,0x00,0x00,0x00,0x00,0x00,  //......%%...*@*...*@*.....##*.........
0x00,0x00,0x00,0xeb,0x00,0x03,0xf3,0x00,0x03,0xf7,0x00,0x39,0xef,0xff,0x90,0x00,0x00,0x00,0x00,  //......#%...*@*...*@*..*%#@@@%........
0x00,0x00,0x00,0xfc,0x37,0x23,0xf6,0x00,0x03,0xfd,0xbf,0xd7,0x34,0xff,0xb0,0x00,0x00,0x00,0x00,  //......@#**+*@*...*@#%@#***@@%........
0x00,0x00,0x00,0xff,0xff,0x93,0xf7,0x00,0x03,0xf4,0x32,0x00,0x00,0xff,0x40,0x00,0x00,0x00,0x00,  //......@@@@%*@*...*@**+....@@*........
0x00,0x00,0x01,0xf9,0x30,0x03,0xf7,0x00,0x03,0xf6,0xf8,0x00,0x02,0xfe,0x00,0x00,0x00,0x00,0x00,  //.....+@%*..*@*...*@*@%...+@#.........
0x00,0x00,0x03,0xf7,0x00,0x03,0xf7,0x00,0x03,0xf3,0x2f,0x60,0x04,0xfb,0x00,0x00,0x00,0x00,0x00,  //.....*@*...*@*...*@*+@*..*@%.........
0x00,0x00,0x06,0xf3,0x00,0x03,0xf7,0x00,0x03,0xf3,0x06,0xf2,0x07,0xf7,0x00,0x00,0x00,0x00,0x00,  //.....*@*...*@*...*@*.*@+.*@*.........
0x00,0x00,0x0a,0xf0,0x00,0x03,0xf7,0x00,0x03,0xf3,0x00,0xbd,0x0c,0xf2,0x00,0x00,0x00,0x00,0x00,  //.....%@....*@*...*@*..%#.#@+.........
0x00,0x00,0x0e,0xc0,0x00,0x03,0xf7,0x00,0x03,0xf3,0x00,0x1f,0xcf,0xe0,0x00,0x00,0x00,0x00,0x00,  //.....##....*@*...*@*..+@#@#..........
0x00,0x00,0x2f,0x60,0x00,0x07,0xf7,0x00,0x04,0xf3,0x00,0x07,0xff,0x90,0x00,0x00,0x00,0x00,0x00,  //....+@*....*@*...*@*...*@@%..........
0x00,0x00,0x9f,0x10,0x00,0x07,0xf7,0x00,0x07,0xf3,0x00,0x09,0xff,0x90,0x00,0x00,0x00,0x00,0x00,  //....%@+....*@*...*@*...%@@%..........
0x00,0x00,0xe9,0x00,0x89,0x4c,0xf7,0x00,0x08,0xf3,0x00,0x9f,0xce,0xfb,0x00,0x00,0x00,0x00,0x00,  //....#%..%%*#@*...%@*..%@##@%.........
0x00,0x07,0xf1,0x00,0x0a,0xff,0xf7,0x00,0x0c,0xf3,0x5d,0xe7,0x02,0xff,0xe5,0x00,0x00,0x00,0x00,  //...*@+...%@@@*...#@**##*.+@@#*.......
0x00,0x0e,0x60,0x00,0x00,0xef,0xf2,0x00,0x0f,0xf6,0x74,0x00,0x00,0x5f,0xff,0xd5,0x00,0x00,0x00,  //...#*.....#@@+...@@***....*@@@#*.....
0x00,0xa9,0x00,0x00,0x00,0x7f,0xc0,0x00,0x0f,0xf0,0x00,0x00,0x00,0x08,0xff,0xff,0xe9,0x40,0x00,  //..%%......*@#....@@........%@@@@#%*..
0x05,0x90,0x00,0x00,0x00,0x0d,0x20,0x00,0x0d,0xf0,0x00,0x00,0x00,0x00,0x9f,0xff,0xeb,0x75,0x00,  //.*%........#+....#@.........%@@@#%**.
0x05,0x00,0x00,0x00,0x00,0x00,0x00,0x00,0x09,0xb0,0x00,0x00,0x00,0x00,0x00,0x30,0x00,0x00,0x00,  //.*...............%%...........*......
0x00,0x00,0x00,0x00,0x00,0x00,0x00,0x00,0x01,0x50,0x00,0x00,0x00,0x00,0x00,0x00,0x00,0x00,0x00,  //.................+*..................


/* 机 */
0x00,0x00,0x00,0x00,0x87,0x20,0x00,0x00,0x00,0x00,0x00,0x00,0x00,0x00,0x00,0x00,0x00,0x00,  //........%*+........................
0x00,0x00,0x00,0x00,0x5f,0xf8,0x00,0x00,0x00,0x00,0x00,0x00,0x00,0x00,0x00,0x00,0x00,0x00,  //........*@@%.......................
0x00,0x00,0x00,0x00,0x1f,0xf9,0x00,0x00,0x00,0x00,0x00,0x00,0x00,0x00,0x00,0x00,0x00,0x00,  //........+@@%.......................
0x00,0x00,0x00,0x00,0x0f,0xf5,0x00,0x00,0x00,0x00,0x00,0x00,0x00,0x00,0x00,0x00,0x00,0x00,  //.........@@*.......................
0x00,0x00,0x00,0x00,0x0c,0xf3,0x00,0x00,0x00,0x00,0x00,0x00,0x00,0x00,0x00,0x00,0x00,0x00,  //.........#@*.......................
0x00,0x00,0x00,0x00,0x0b,0xf3,0x00,0x00,0x00,0x00,0x00,0x00,0x00,0x00,0x00,0x00,0x00,0x00,  //.........%@*.......................
0x00,0x00,0x00,0x00,0x0b,0xf0,0x00,0x00,0x00,0x00,0x00,0x01,0x50,0x00,0x00,0x00,0x00,0x00,  //.........%@............+*..........
0x00,0x00,0x00,0x00,0x0b,0xf0,0x00,0x00,0x00,0x00,0x00,0x3e,0xfe,0x70,0x00,0x00,0x00,0x00,  //.........%@...........*#@#*........
0x00,0x00,0x00,0x00,0x0b,0xf1,0x6b,0x90,0x35,0x10,0x49,0xff,0xff,0xf2,0x00,0x00,0x00,0x00,  //.........%@+*%%.**+.*%@@@@@+.......
0x00,0x00,0x00,0x00,0x2d,0xff,0xff,0xd0,0x2f,0xff,0xd8,0x34,0xff,0x50,0x00,0x00,0x00,0x00,  //........+#@@@@#.+@@@#%**@@*........
0x00,0x00,0x02,0x8d,0xff,0xff,0xc5,0x00,0x09,0xfc,0x00,0x06,0xfc,0x00,0x00,0x00,0x00,0x00,  //.....+%#@@@@#*...%@#...*@#.........
0x00,0x59,0xdf,0xff,0xef,0xf0,0x00,0x00,0x07,0xfb,0x00,0x07,0xf6,0x00,0x00,0x00,0x00,0x00,  //..*%#@@@#@@......*@%...*@*.........
0x04,0xdf,0xeb,0x62,0x9f,0xf0,0x00,0x00,0x03,0xfb,0x00,0x08,0xf3,0x00,0x00,0x00,0x00,0x00,  //.*#@#%*+%@@......*@%...%@*.........
0x00,0x00,0x00,0x00,0xef,0xf0,0x00,0x00,0x03,0xf8,0x00,0x0b,0xf0,0x00,0x00,0x00,0x00,0x00,  //........#@@......*@%...%@..........
0x00,0x00,0x00,0x06,0xff,0xf0,0x00,0x00,0x03,0xf7,0x00,0x0b,0xf0,0x00,0x00,0x00,0x00,0x00,  //.......*@@@......*@*...%@..........
0x00,0x00,0x00,0x0d,0xfd,0xe0,0x00,0x00,0x03,0xf7,0x00,0x0e,0xb0,0x00,0x00,0x00,0x00,0x00,  //.......#@##......*@*...#%..........
0x00,0x00,0x00,0x5f,0xbb,0xef,0xb8,0x00,0x05,0xf7,0x00,0x0f,0xb0,0x00,0x00,0x00,0x00,0x00,  //......*@%%#@%%...*@*...@%..........
0x00,0x00,0x00,0xdf,0x3b,0xb9,0xff,0xc0,0x07,0xf4,0x00,0x0f,0xb0,0x00,0x00,0x00,0x00,0x00,  //......#@*%%%@@#..*@*...@%..........
0x00,0x00,0x06,0xfb,0x0b,0xb0,0x6e,0xd0,0x09,0xf3,0x00,0x0f,0xb0,0x00,0x00,0x00,0x00,0x00,  //.....*@%.%%.*##..%@*...@%..........
0x00,0x00,0x0e,0xf1,0x0e,0xb0,0x00,0x00,0x0b,0xf0,0x00,0x0f,0xb0,0x00,0x00,0x00,0x33,0x00,  //.....#@+.#%......%@....@%.......**.
0x00,0x00,0xaf,0x60,0x0f,0xb0,0x00,0x00,0x0f,0xd0,0x00,0x0f,0xc0,0x00,0x00,0x00,0x63,0x00,  //....%@*..@%......@#....@#.......**.
0x00,0x04,0xf9,0x00,0x0f,0xb0,0x00,0x00,0x4f,0x90,0x00,0x0c,0xf0,0x00,0x00,0x00,0x96,0x00,  //...*@%...@%.....*@%....#@.......%*.
0x00,0x0e,0xc0,0x00,0x0f,0xb0,0x00,0x00,0x9f,0x30,0x00,0x0a,0xf4,0x00,0x00,0x00,0xb7,0x00,  //...##....@%.....%@*....%@*......%*.
0x00,0xc9,0x00,0x00,0x2f,0xb0,0x00,0x01,0xfb,0x00,0x00,0x06,0xfd,0x00,0x00,0x01,0xfb,0x00,  //..#%....+@%....+@%.....*@#.....+@%.
0x08,0x70,0x00,0x00,0x4f,0xb0,0x00,0x0a,0xe1,0x00,0x00,0x00,0xef,0xe8,0x53,0x5d,0xff,0x00,  //.%*.....*@%....%#+......#@#%***#@@.
0x01,0x00,0x00,0x00,0x8f,0xb0,0x00,0x5e,0x20,0x00,0x00,0x00,0x5f,0xff,0xff,0xff,0xff,0x50,  //.+......%@%...*#+.......*@@@@@@@@@*
0x00,0x00,0x00,0x00,0xcf,0xb0,0x05,0xe2,0x00,0x00,0x00,0x00,0x03,0xaf,0xff,0xff,0xc6,0x00,  //........#@%..*#+.........*%@@@@@#*.
0x00,0x00,0x00,0x00,0xff,0x80,0x08,0x00,0x00,0x00,0x00,0x00,0x00,0x00,0x23,0x20,0x00,0x00,  //........@@%..%..............+*+....
0x00,0x00,0x00,0x00,0xcf,0x70,0x00,0x00,0x00,0x00,0x00,0x00,0x00,0x00,0x00,0x00,0x00,0x00,  //........#@*........................
0x00,0x00,0x00,0x00,0x5f,0x40,0x00,0x00,0x00,0x00,0x00,0x00,0x00,0x00,0x00,0x00,0x00,0x00,  //........*@*........................
0x00,0x00,0x00,0x00,0x09,0x00,0x00,0x00,0x00,0x00,0x00,0x00,0x00,0x00,0x00,0x00,0x00,0x00,  //.........%.........................
0x00,0x00,0x00,0x00,0x00,0x00,0x00,0x00,0x00,0x00,0x00,0x00,0x00,0x00,0x00,0x00,0x00,0x00,  //...................................


/* 栏 */
0x00,0x00,0x00,0x00,0x4f,0xc5,0x00,0x00,0x00,0x00,0x00,0x00,0x00,0x00,0x00,0x00,0x00,0x00,  //........*@#*.......................
0x00,0x00,0x00,0x00,0x0b,0xff,0x30,0x00,0x00,0x00,0x00,0x00,0x00,0x0e,0xd7,0x00,0x00,0x00,  //.........%@@*..............##*.....
0x00,0x00,0x00,0x00,0x06,0xff,0x00,0x00,0x00,0x00,0x00,0x00,0x00,0x0c,0xff,0xa0,0x00,0x00,  //.........*@@...............#@@%....
0x00,0x00,0x00,0x00,0x03,0xfb,0x00,0x00,0x00,0x00,0x00,0x00,0x00,0x0f,0xfe,0x20,0x00,0x00,  //.........*@%...............@@#+....
0x00,0x00,0x00,0x00,0x00,0xfb,0x00,0x00,0x05,0x60,0x00,0x00,0x00,0x2f,0xf3,0x00,0x00,0x00,  //..........@%.....**.......+@@*.....
0x00,0x00,0x00,0x00,0x00,0xfb,0x00,0x00,0x07,0xfe,0x20,0x00,0x00,0x8f,0x70,0x00,0x00,0x00,  //..........@%.....*@#+.....%@*......
0x00,0x00,0x00,0x00,0x00,0xf7,0x00,0x00,0x00,0xef,0xe0,0x00,0x00,0xdb,0x00,0x00,0x00,0x00,  //..........@*......#@#.....#%.......
0x00,0x00,0x00,0x00,0x00,0xf7,0x00,0x00,0x00,0x5f,0xf0,0x00,0x03,0xe0,0x00,0x00,0x00,0x00,  //..........@*......*@@....*#........
0x00,0x00,0x00,0x00,0x00,0xf7,0x00,0x00,0x00,0x08,0x90,0x00,0x09,0x20,0x00,0x00,0x00,0x00,  //..........@*.......%%....%+........
0x00,0x00,0x00,0x00,0x00,0xf9,0x67,0x72,0x00,0x00,0x00,0x00,0x04,0x04,0x77,0x30,0x00,0x00,  //..........@%***+.........*.****....
0x00,0x00,0x00,0x00,0x26,0xff,0xff,0xe2,0x00,0x00,0x00,0x03,0x6a,0xff,0xff,0xf5,0x00,0x00,  //........+*@@@@#+.......**%@@@@@*...
0x00,0x00,0x26,0xae,0xff,0xfe,0xa5,0x00,0x01,0x36,0x8b,0xff,0xff,0xfe,0xb8,0x72,0x00,0x00,  //....+*%#@@@#%*...+**%%@@@@@#%%*+...
0x00,0x1e,0xff,0xfd,0xaf,0xf7,0x00,0x00,0x02,0xdf,0xff,0xc9,0x63,0x00,0x00,0x00,0x00,0x00,  //..+#@@@#%@@*.....+#@@@#%**.........
0x00,0x00,0x33,0x00,0x3f,0xf7,0x00,0x00,0x00,0x02,0x20,0x00,0x00,0x00,0x00,0x00,0x00,0x00,  //....**..*@@*.......++..............
0x00,0x00,0x00,0x00,0x9f,0xf7,0x00,0x00,0x00,0x00,0x00,0x00,0x00,0x00,0x00,0x00,0x00,0x00,  //........%@@*.......................
0x00,0x00,0x00,0x01,0xff,0xf7,0x00,0x00,0x00,0x00,0x00,0x00,0x00,0x00,0x00,0x00,0x00,0x00,  //.......+@@@*.......................
0x00,0x00,0x00,0x09,0xf8,0xff,0xc8,0x10,0x00,0x00,0x00,0x00,0x00,0x00,0x00,0x00,0x00,0x00,  //.......%@%@@#%+....................
0x00,0x00,0x00,0x1f,0xe0,0xf8,0xdf,0xe2,0x00,0x00,0x00,0x02,0x6a,0xef,0xa0,0x00,0x00,0x00,  //......+@#.@%#@#+.......+*%#@%......
0x00,0x00,0x00,0x9f,0x50,0xf7,0x2e,0xf9,0x00,0x27,0x8b,0xff,0xff,0xff,0xc4,0x00,0x00,0x00,  //......%@*.@*+#@%..+*%%@@@@@@#*.....
0x00,0x00,0x03,0xfb,0x00,0xf7,0x00,0xb8,0x00,0x2d,0xff,0xdb,0x75,0x30,0x00,0x00,0x00,0x00,  //.....*@%..@*..%%..+#@@#%***........
0x00,0x00,0x0c,0xe1,0x00,0xf7,0x00,0x00,0x00,0x00,0x00,0x00,0x00,0x00,0x00,0x00,0x00,0x00,  //.....##+..@*.......................
0x00,0x00,0x6f,0x50,0x00,0xf7,0x00,0x00,0x00,0x00,0x00,0x00,0x00,0x00,0x00,0x00,0x00,0x00,  //....*@*...@*.......................
0x00,0x02,0xf8,0x00,0x00,0xf7,0x00,0x00,0x00,0x00,0x00,0x00,0x00,0x00,0x00,0x00,0x00,0x00,  //...+@%....@*.......................
0x00,0x0c,0x90,0x00,0x02,0xf7,0x00,0x00,0x00,0x00,0x00,0x00,0x00,0x00,0x00,0x00,0x00,0x00,  //...#%....+@*.......................
0x00,0xa5,0x00,0x00,0x03,0xf7,0x00,0x00,0x00,0x00,0x00,0x00,0x02,0x37,0x8b,0xbb,0xa4,0x00,  //..%*.....*@*.............+**%%%%%*.
0x03,0x20,0x00,0x00,0x06,0xf7,0x00,0x00,0x03,0x35,0x78,0xbd,0xff,0xff,0xff,0xff,0xff,0x90,  //.*+......*@*.....****%%#@@@@@@@@@@%
0x00,0x00,0x00,0x00,0x09,0xf7,0x02,0xff,0xff,0xff,0xff,0xfc,0xb9,0x77,0x77,0x77,0x77,0x50,  //.........%@*.+@@@@@@@@@#%%*********
0x00,0x00,0x00,0x00,0x0c,0xf7,0x00,0x3a,0xbb,0x86,0x31,0x00,0x00,0x00,0x00,0x00,0x00,0x00,  //.........#@*..*%%%%**+.............
0x00,0x00,0x00,0x00,0x0f,0xf6,0x00,0x00,0x00,0x00,0x00,0x00,0x00,0x00,0x00,0x00,0x00,0x00,  //.........@@*.......................
0x00,0x00,0x00,0x00,0x0d,0xf3,0x00,0x00,0x00,0x00,0x00,0x00,0x00,0x00,0x00,0x00,0x00,0x00,  //.........#@*.......................
0x00,0x00,0x00,0x00,0x07,0xf0,0x00,0x00,0x00,0x00,0x00,0x00,0x00,0x00,0x00,0x00,0x00,0x00,  //.........*@........................
0x00,0x00,0x00,0x00,0x00,0x40,0x00,0x00,0x00,0x00,0x00,0x00,0x00,0x00,0x00,0x00,0x00,0x00,  //..........*........................


/* 桌 */
0x00,0x00,0x00,0x00,0x00,0x00,0x8a,0x72,0x00,0x00,0x00,0x00,0x00,0x00,0x00,0x00,  //............%%*+................
0x00,0x00,0x00,0x00,0x00,0x00,0x3f,0xfb,0x00,0x00,0x00,0x00,0x00,0x00,0x00,0x00,  //............*@@%................
0x00,0x00,0x00,0x00,0x00,0x00,0x0c,0xf9,0x00,0x26,0x72,0x00,0x00,0x00,0x00,0x00,  //.............#@%..+**+..........
0x00,0x00,0x00,0x00,0x00,0x00,0x07,0xfb,0xbe,0xff,0xf8,0x00,0x00,0x00,0x00,0x00,  //.............*@%%#@@@%..........
0x00,0x00,0x00,0x00,0x00,0x00,0x04,0xf9,0x77,0x76,0x20,0x00,0x00,0x00,0x00,0x00,  //.............*@%****+...........
0x00,0x00,0x00,0x00,0x00,0x00,0x03,0xf7,0x00,0x00,0x00,0x00,0x00,0x00,0x00,0x00,  //.............*@*................
0x00,0x00,0x00,0x00,0x00,0x00,0x02,0xf9,0x00,0x02,0x78,0x30,0x00,0x00,0x00,0x00,  //.............+@%...+*%*.........
0x00,0x00,0x00,0x00,0x00,0x00,0x00,0xfc,0x6a,0xdf,0xff,0xfa,0x00,0x00,0x00,0x00,  //..............@#*%#@@@@%........
0x00,0x00,0x00,0x33,0x33,0x57,0xbd,0xdb,0x87,0x43,0x5f,0xff,0xc0,0x00,0x00,0x00,  //......******%##%%****@@@#.......
0x00,0x00,0x00,0xbf,0xfc,0x96,0x30,0x00,0x00,0x00,0x1f,0xff,0x50,0x00,0x00,0x00,  //......%@@#%**.......+@@@*.......
0x00,0x00,0x00,0x1f,0xf3,0x00,0x00,0x03,0x30,0x00,0x4f,0xf6,0x00,0x00,0x00,0x00,  //......+@@*.....**...*@@*........
0x00,0x00,0x00,0x09,0xf4,0x03,0x7b,0xff,0xe4,0x00,0x9f,0xc0,0x00,0x00,0x00,0x00,  //.......%@*.**%@@#*..%@#.........
0x00,0x00,0x00,0x04,0xfe,0xff,0xba,0x73,0x00,0x00,0xef,0x30,0x00,0x00,0x00,0x00,  //.......*@#@@%%**....#@*.........
0x00,0x00,0x00,0x00,0xec,0x00,0x00,0x00,0x00,0x02,0xfb,0x00,0x00,0x00,0x00,0x00,  //........##.........+@%..........
0x00,0x00,0x00,0x00,0x9f,0x00,0x00,0x03,0x7a,0x9b,0xf1,0x00,0x00,0x00,0x00,0x00,  //........%@.....**%%%@+..........
0x00,0x00,0x00,0x00,0x4f,0x66,0x9d,0xff,0xfc,0xbe,0x80,0x00,0x00,0x00,0x00,0x00,  //........*@**%#@@@#%#%...........
0x00,0x00,0x00,0x00,0x0e,0xda,0x7f,0x90,0x00,0x01,0x00,0x00,0x00,0x00,0x00,0x00,  //.........##%*@%....+............
0x00,0x00,0x00,0x00,0x05,0x10,0x0c,0xf8,0x00,0x00,0x00,0x00,0x00,0x00,0x00,0x00,  //.........*+..#@%................
0x00,0x00,0x00,0x00,0x00,0x00,0x07,0xf8,0x00,0x02,0x47,0xbd,0xff,0xfc,0x40,0x00,  //.............*@%...+**%#@@@#*...
0x00,0x00,0x00,0x00,0x00,0x03,0x5b,0xfd,0xbe,0xff,0xff,0xff,0xff,0xff,0xf2,0x00,  //...........**%@#%#@@@@@@@@@@@+..
0x00,0x34,0x77,0x9b,0xbf,0xff,0xff,0xfc,0x76,0x33,0x20,0x00,0x00,0x00,0x00,0x00,  //..****%%%@@@@@@#****+...........
0x07,0xff,0xff,0xcb,0x75,0x38,0xfe,0xff,0x80,0x00,0x00,0x00,0x00,0x00,0x00,0x00,  //.*@@@@#%***%@#@@%...............
0x00,0x03,0x30,0x00,0x00,0x1e,0xf6,0xf8,0xcb,0x10,0x00,0x00,0x00,0x00,0x00,0x00,  //...**.....+#@*@%#%+.............
0x00,0x00,0x00,0x00,0x00,0xcf,0x53,0xf7,0x0c,0xe6,0x00,0x00,0x00,0x00,0x00,0x00,  //..........#@**@*.##*............
0x00,0x00,0x00,0x00,0x09,0xf5,0x03,0xf7,0x00,0xcf,0xd5,0x00,0x00,0x00,0x00,0x00,  //.........%@*.*@*..#@#*..........
0x00,0x00,0x00,0x00,0x9f,0x50,0x06,0xf7,0x00,0x0c,0xff,0xd5,0x00,0x00,0x00,0x00,  //........%@*..*@*...#@@#*........
0x00,0x00,0x00,0x0c,0xf5,0x00,0x07,0xf7,0x00,0x00,0xcf,0xff,0xd6,0x00,0x00,0x00,  //.......#@*...*@*....#@@@#*......
0x00,0x00,0x02,0xce,0x30,0x00,0x08,0xf7,0x00,0x00,0x0c,0xff,0xff,0xfa,0x63,0x00,  //.....+##*....%@*.....#@@@@@%**..
0x00,0x00,0x4e,0xb1,0x00,0x00,0x0b,0xf7,0x00,0x00,0x00,0x8f,0xff,0xff,0xfd,0x90,  //....*#%+.....%@*......%@@@@@@#%.
0x00,0x08,0xd5,0x00,0x00,0x00,0x0d,0xf7,0x00,0x00,0x00,0x00,0x33,0x32,0x00,0x00,  //...%#*.......#@*........***+....
0x03,0x85,0x00,0x00,0x00,0x00,0x0c,0xf7,0x00,0x00,0x00,0x00,0x00,0x00,0x00,0x00,  //.*%*.........#@*................
0x00,0x00,0x00,0x00,0x00,0x00,0x0a,0xf3,0x00,0x00,0x00,0x00,0x00,0x00,0x00,0x00,  //.............%@*................
0x00,0x00,0x00,0x00,0x00,0x00,0x05,0xf0,0x00,0x00,0x00,0x00,0x00,0x00,0x00,0x00,  //.............*@.................
0x00,0x00,0x00,0x00,0x00,0x00,0x00,0x70,0x00,0x00,0x00,0x00,0x00,0x00,0x00,0x00,  //..............*.................
0x00,0x00,0x00,0x00,0x00,0x00,0x00,0x00,0x00,0x00,0x00,0x00,0x00,0x00,0x00,0x00,  //................................


/* 池 */
0x00,0x00,0x00,0x00,0x00,0x00,0x00,0x05,0xf9,0x10,0x00,0x00,0x00,0x00,0x00,0x00,0x00,  //...............*@%+..............
0x00,0x00,0x00,0x00,0x00,0x00,0x00,0x00,0xff,0xe1,0x00,0x00,0x00,0x00,0x00,0x00,0x00,  //................@@#+.............
0x00,0x00,0x00,0x00,0x00,0x00,0x00,0x00,0xdf,0xc0,0x00,0x00,0x00,0x00,0x00,0x00,0x00,  //................#@#..............
0x00,0x00,0x00,0x00,0x00,0x00,0x00,0x00,0xbf,0x70,0x00,0x00,0x00,0x00,0x00,0x00,0x00,  //................%@*..............
0x00,0x07,0xbb,0x50,0x00,0x00,0x00,0x00,0xbf,0x40,0x00,0x00,0x00,0x00,0x00,0x00,0x00,  //...*%%*.........%@*..............
0x00,0x02,0xef,0xf7,0x00,0x00,0x00,0x00,0xbf,0x30,0x00,0x00,0x00,0x00,0x00,0x00,0x00,  //...+#@@*........%@*..............
0x00,0x00,0x2e,0xfa,0x00,0x00,0x00,0x00,0xbf,0x30,0x00,0x00,0x00,0x00,0x00,0x00,0x00,  //....+#@%........%@*..............
0x00,0x00,0x01,0x72,0x03,0xc7,0x00,0x00,0xbf,0x00,0x02,0xdf,0xd5,0x00,0x00,0x00,0x00,  //.....+*+.*#*....%@...+#@#*.......
0x00,0x00,0x00,0x00,0x00,0xef,0xa0,0x00,0xbf,0x00,0x6e,0xff,0xff,0x30,0x00,0x00,0x00,  //..........#@%...%@..*#@@@@*......
0x00,0x00,0x00,0x00,0x00,0xbf,0x90,0x00,0xbf,0x0a,0xf9,0xbf,0xfb,0x00,0x00,0x00,0x00,  //..........%@%...%@.%@%%@@%.......
0x00,0x00,0x00,0x00,0x00,0x9f,0x40,0x00,0xbf,0xed,0x30,0x7f,0xf3,0x00,0x00,0x00,0x00,  //..........%@*...%@##*.*@@*.......
0x07,0x40,0x00,0x00,0x00,0x7f,0x20,0x01,0xdf,0x80,0x00,0x7f,0xc0,0x00,0x00,0x00,0x00,  //.**.......*@+..+#@%...*@#........
0x0e,0xfe,0x20,0x00,0x00,0x7f,0x00,0x5e,0xff,0x00,0x00,0xaf,0x70,0x00,0x00,0x00,0x00,  //.#@#+.....*@..*#@@....%@*........
0x05,0xff,0xa0,0x00,0x00,0x7f,0x0a,0xfc,0xdd,0x00,0x00,0xef,0x30,0x00,0x00,0x00,0x00,  //.*@@%.....*@.%@###....#@*........
0x00,0x9f,0xb0,0x00,0x00,0x7f,0xee,0x60,0xcb,0x00,0x02,0xff,0x00,0x00,0x00,0x00,0x00,  //..%@%.....*@##*.#%...+@@.........
0x00,0x02,0x10,0x00,0x04,0xdf,0xb1,0x00,0xfb,0x23,0x0b,0xfa,0x00,0x00,0x00,0x00,0x00,  //...++....*#@%+..@%+*.%@%.........
0x00,0x00,0x00,0x02,0x7f,0xff,0x00,0x01,0xfb,0x1e,0xff,0xf5,0x00,0x00,0x00,0x23,0x00,  //.......+*@@@...+@%+#@@@*......+*.
0x00,0x00,0x00,0x44,0x00,0x7f,0x00,0x05,0xf9,0x02,0xff,0xd0,0x00,0x00,0x00,0x53,0x00,  //......**..*@...*@%.+@@#.......**.
0x00,0x00,0x00,0xc0,0x00,0x7f,0x00,0x04,0xf7,0x00,0x8e,0x20,0x00,0x00,0x00,0x85,0x00,  //......#...*@...*@*..%#+.......%*.
0x00,0x00,0x0a,0x80,0x00,0x7f,0x00,0x00,0xc3,0x00,0x11,0x00,0x00,0x00,0x00,0xc7,0x00,  //.....%%...*@....#*..++........#*.
0x00,0x00,0x5f,0x10,0x00,0x3f,0x40,0x00,0x00,0x00,0x00,0x00,0x00,0x00,0x01,0xfa,0x00,  //....*@+...*@*................+@%.
0x00,0x01,0xe9,0x00,0x00,0x0f,0xb0,0x00,0x00,0x00,0x00,0x00,0x00,0x00,0x0c,0xff,0x10,  //...+#%.....@%................#@@+
0x00,0x0c,0xf3,0x00,0x00,0x0a,0xf9,0x00,0x00,0x00,0x00,0x00,0x00,0x05,0xdf,0xff,0x70,  //...#@*.....%@%.............*#@@@*
0x00,0x9f,0xd0,0x00,0x00,0x01,0xef,0xd8,0x32,0x00,0x00,0x23,0x7a,0xff,0xff,0xfc,0x00,  //..%@#......+#@#%*+....+**%@@@@@#.
0x1a,0xff,0x60,0x00,0x00,0x00,0x2d,0xff,0xff,0xff,0xff,0xff,0xff,0xff,0xfd,0x70,0x00,  //+%@@*.......+#@@@@@@@@@@@@@@@#*..
0x1f,0xff,0x10,0x00,0x00,0x00,0x00,0x5a,0xef,0xff,0xff,0xff,0xff,0xb7,0x20,0x00,0x00,  //+@@@+.........*%#@@@@@@@@@%*+....
0x08,0xfd,0x00,0x00,0x00,0x00,0x00,0x00,0x01,0x35,0x77,0x53,0x20,0x00,0x00,0x00,0x00,  //.%@#.............+******+........
0x00,0xca,0x00,0x00,0x00,0x00,0x00,0x00,0x00,0x00,0x00,0x00,0x00,0x00,0x00,0x00,0x00,  //..#%.............................
0x00,0x01,0x00,0x00,0x00,0x00,0x00,0x00,0x00,0x00,0x00,0x00,0x00,0x00,0x00,0x00,0x00,  //...+.............................


/* 牙 */
0x00,0x00,0x00,0x00,0x00,0x00,0x00,0x00,0x00,0x37,0xa9,0x50,0x00,0x00,0x00,  //..................**%%*......
0x00,0x00,0x00,0x00,0x00,0x00,0x13,0x7a,0xcf,0xff,0xff,0xf8,0x00,0x00,0x00,  //............+**%#@@@@@@%.....
0x00,0x00,0x00,0x02,0xab,0xcf,0xff,0xff,0xfd,0xba,0x77,0x31,0x00,0x00,0x00,  //.......+%%#@@@@@@#%%***+.....
0x00,0x00,0x00,0x00,0x8f,0xfc,0xa7,0x39,0xe4,0x00,0x00,0x00,0x00,0x00,0x00,  //........%@@#%**%#*...........
0x00,0x00,0x00,0x00,0x00,0x00,0x00,0x07,0xff,0x10,0x00,0x00,0x00,0x00,0x00,  //...............*@@+..........
0x00,0x00,0x02,0x10,0x00,0x00,0x00,0x03,0xff,0x10,0x00,0x00,0x00,0x00,0x00,  //.....++........*@@+..........
0x00,0x00,0x06,0xf7,0x00,0x00,0x00,0x03,0xfe,0x00,0x00,0x00,0x00,0x00,0x00,  //.....*@*.......*@#...........
0x00,0x00,0x03,0xfd,0x00,0x00,0x00,0x03,0xfb,0x00,0x00,0x00,0x00,0x00,0x00,  //.....*@#.......*@%...........
0x00,0x00,0x03,0xf6,0x00,0x00,0x00,0x03,0xfb,0x00,0x01,0x37,0x7b,0xa5,0x00,  //.....*@*.......*@%...+***%%*.
0x00,0x00,0x04,0xf2,0x00,0x00,0x00,0x05,0xfd,0x9c,0xff,0xff,0xff,0xff,0xc0,  //.....*@+.......*@#%#@@@@@@@@#
0x00,0x00,0x09,0xf0,0x01,0x37,0x9c,0xff,0xff,0xcb,0xb7,0x77,0x77,0x77,0x60,  //.....%@..+**%#@@@@#%%********
0x00,0x00,0x4f,0xfc,0xff,0xfe,0xbb,0xff,0xfb,0x00,0x00,0x00,0x00,0x00,0x00,  //....*@@#@@@#%%@@@%...........
0x00,0x00,0xbf,0xff,0xc6,0x20,0x0c,0xfb,0xfb,0x00,0x00,0x00,0x00,0x00,0x00,  //....%@@@#*+..#@%@%...........
0x00,0x00,0x7f,0xa2,0x00,0x00,0x6f,0xc3,0xfb,0x00,0x00,0x00,0x00,0x00,0x00,  //....*@%+....*@#*@%...........
0x00,0x00,0x00,0x00,0x00,0x01,0xef,0x23,0xfb,0x00,0x00,0x00,0x00,0x00,0x00,  //...........+#@+*@%...........
0x00,0x00,0x00,0x00,0x00,0x0c,0xf6,0x03,0xfb,0x00,0x00,0x00,0x00,0x00,0x00,  //...........#@*.*@%...........
0x00,0x00,0x00,0x00,0x00,0x8f,0xb0,0x03,0xfb,0x00,0x00,0x00,0x00,0x00,0x00,  //..........%@%..*@%...........
0x00,0x00,0x00,0x00,0x05,0xfd,0x00,0x03,0xfb,0x00,0x00,0x00,0x00,0x00,0x00,  //.........*@#...*@%...........
0x00,0x00,0x00,0x00,0x2f,0xe2,0x00,0x03,0xfb,0x00,0x00,0x00,0x00,0x00,0x00,  //........+@#+...*@%...........
0x00,0x00,0x00,0x02,0xef,0x50,0x00,0x03,0xfb,0x00,0x00,0x00,0x00,0x00,0x00,  //.......+#@*....*@%...........
0x00,0x00,0x00,0x2e,0xf5,0x00,0x00,0x03,0xfb,0x00,0x00,0x00,0x00,0x00,0x00,  //......+#@*.....*@%...........
0x00,0x00,0x02,0xee,0x30,0x00,0x00,0x03,0xfb,0x00,0x00,0x00,0x00,0x00,0x00,  //.....+##*......*@%...........
0x00,0x00,0x5e,0xc2,0x00,0x00,0x00,0x03,0xfb,0x00,0x00,0x00,0x00,0x00,0x00,  //....*##+.......*@%...........
0x00,0x08,0xf7,0x00,0x00,0x00,0x00,0x03,0xfb,0x00,0x00,0x00,0x00,0x00,0x00,  //...%@*.........*@%...........
0x02,0xc9,0x10,0x00,0x00,0x00,0x00,0x04,0xfb,0x00,0x00,0x00,0x00,0x00,0x00,  //.+#%+..........*@%...........
0x02,0x00,0x00,0x00,0x00,0x00,0x00,0x07,0xfb,0x00,0x00,0x00,0x00,0x00,0x00,  //.+.............*@%...........
0x00,0x00,0x00,0x00,0x00,0x00,0x00,0x0b,0xfb,0x00,0x00,0x00,0x00,0x00,0x00,  //...............%@%...........
0x00,0x00,0x00,0x00,0x00,0x09,0xdb,0xcf,0xf8,0x00,0x00,0x00,0x00,0x00,0x00,  //...........%#%#@@%...........
0x00,0x00,0x00,0x00,0x00,0x00,0x5e,0xff,0xf5,0x00,0x00,0x00,0x00,0x00,0x00,  //............*#@@@*...........
0x00,0x00,0x00,0x00,0x00,0x00,0x03,0xff,0xe0,0x00,0x00,0x00,0x00,0x00,0x00,  //.............*@@#............
0x00,0x00,0x00,0x00,0x00,0x00,0x00,0x9f,0x60,0x00,0x00,0x00,0x00,0x00,0x00,  //..............%@*............
0x00,0x00,0x00,0x00,0x00,0x00,0x00,0x06,0x00,0x00,0x00,0x00,0x00,0x00,0x00,  //...............*.............


/* 状 */
0x00,0x00,0x00,0x00,0x5f,0xd2,0x00,0x00,0x00,0x3e,0x91,0x00,0x00,0x00,0x00,0x00,0x00,0x00,  //........*@#+......*#%+.............
0x00,0x00,0x00,0x00,0x0f,0xf9,0x00,0x00,0x00,0x0d,0xfe,0x00,0x00,0x00,0x00,0x00,0x00,0x00,  //.........@@%.......#@#.............
0x00,0x00,0x00,0x00,0x0b,0xf4,0x00,0x00,0x00,0x08,0xfd,0x00,0x00,0x00,0x00,0x00,0x00,0x00,  //.........%@*.......%@#.............
0x00,0x00,0x00,0x00,0x0a,0xf3,0x00,0x00,0x00,0x06,0xf9,0x00,0x00,0x00,0x00,0x00,0x00,0x00,  //.........%@*.......*@%.............
0x00,0x00,0x00,0x00,0x07,0xf3,0x00,0x00,0x00,0x03,0xf7,0x00,0xed,0x91,0x00,0x00,0x00,0x00,  //.........*@*.......*@*..##%+.......
0x00,0x00,0x00,0x00,0x07,0xf2,0x00,0x00,0x00,0x03,0xf7,0x00,0x2e,0xfe,0x20,0x00,0x00,0x00,  //.........*@+.......*@*..+#@#+......
0x00,0x00,0x00,0x00,0x07,0xf0,0x00,0x00,0x00,0x03,0xf7,0x00,0x02,0xef,0x70,0x00,0x00,0x00,  //.........*@........*@*...+#@*......
0x00,0x02,0x00,0x00,0x07,0xf0,0x00,0x00,0x00,0x03,0xf7,0x00,0x00,0x2a,0x40,0x00,0x00,0x00,  //...+.....*@........*@*....+%*......
0x00,0x09,0xe7,0x00,0x07,0xf0,0x00,0x00,0x00,0x03,0xf5,0x00,0x00,0x00,0x00,0x00,0x00,0x00,  //...%#*...*@........*@*.............
0x00,0x01,0xff,0x80,0x07,0xf0,0x00,0x00,0x00,0x04,0xf3,0x00,0x00,0x00,0x00,0x00,0x00,0x00,  //...+@@%..*@........*@*.............
0x00,0x00,0x7f,0xf0,0x07,0xf0,0x00,0x00,0x00,0x07,0xf3,0x00,0x26,0x76,0x00,0x00,0x00,0x00,  //....*@@..*@........*@*..+***.......
0x00,0x00,0x09,0xb0,0x07,0xf0,0x00,0x00,0x00,0x07,0xf8,0x9e,0xff,0xfd,0x10,0x00,0x00,0x00,  //.....%%..*@........*@%%#@@@#+......
0x00,0x00,0x00,0x00,0x07,0xf0,0x00,0x00,0x03,0x7d,0xff,0xfb,0x74,0x00,0x00,0x00,0x00,0x00,  //.........*@......**#@@@%**.........
0x00,0x00,0x00,0x00,0x07,0xf0,0x06,0x8b,0xff,0xee,0xf6,0x00,0x00,0x00,0x00,0x00,0x00,0x00,  //.........*@..*%%@@##@*.............
0x00,0x00,0x00,0x00,0x07,0xf0,0x02,0x9a,0x62,0x0b,0xf0,0x00,0x00,0x00,0x00,0x00,0x00,0x00,  //.........*@..+%%*+.%@..............
0x00,0x00,0x00,0x00,0x6e,0xf0,0x00,0x00,0x00,0x0d,0xf1,0x00,0x00,0x00,0x00,0x00,0x00,0x00,  //........*#@........#@+.............
0x00,0x00,0x00,0x1b,0xc8,0xf0,0x00,0x00,0x00,0x0f,0xec,0x00,0x00,0x00,0x00,0x00,0x00,0x00,  //......+%#%@........@##.............
0x00,0x00,0x07,0xfa,0x0a,0xf0,0x00,0x00,0x00,0x5f,0x88,0x90,0x00,0x00,0x00,0x00,0x00,0x00,  //.....*@%.%@.......*@%%%............
0x00,0x05,0xdf,0x90,0x0b,0xf0,0x00,0x00,0x00,0xbf,0x10,0xe9,0x00,0x00,0x00,0x00,0x00,0x00,  //...*#@%..%@.......%@+.#%...........
0x27,0xdf,0xf8,0x00,0x0b,0xf0,0x00,0x00,0x03,0xf9,0x00,0x5f,0x60,0x00,0x00,0x00,0x00,0x00,  //+*#@@%...%@......*@%..*@*..........
0x5f,0xff,0x50,0x00,0x0b,0xf0,0x00,0x00,0x0d,0xe0,0x00,0x0b,0xf6,0x00,0x00,0x00,0x00,0x00,  //*@@@*....%@......##....%@*.........
0x05,0xc5,0x00,0x00,0x0b,0xf0,0x00,0x00,0xce,0x20,0x00,0x01,0xff,0x90,0x00,0x00,0x00,0x00,  //.*#*.....%@.....##+....+@@%........
0x00,0x00,0x00,0x00,0x0e,0xf0,0x00,0x2c,0xd2,0x00,0x00,0x00,0x7f,0xfc,0x10,0x00,0x00,0x00,  //.........#@...+##+......*@@#+......
0x00,0x00,0x00,0x00,0x0f,0xc0,0x07,0xa5,0x00,0x00,0x00,0x00,0x0b,0xff,0xf7,0x00,0x00,0x00,  //.........@#..*%*.........%@@@*.....
0x00,0x00,0x00,0x00,0x0f,0xb0,0x00,0x00,0x00,0x00,0x00,0x00,0x01,0xef,0xff,0xe9,0x30,0x00,  //.........@%..............+#@@@#%*..
0x00,0x00,0x00,0x00,0x3f,0xb0,0x00,0x00,0x00,0x00,0x00,0x00,0x00,0x4b,0xff,0xff,0xe6,0x00,  //........*@%...............*%@@@@#*.
0x00,0x00,0x00,0x00,0x3f,0xb0,0x00,0x00,0x00,0x00,0x00,0x00,0x00,0x00,0x00,0x00,0x00,0x00,  //........*@%........................
0x00,0x00,0x00,0x00,0x1f,0x90,0x00,0x00,0x00,0x00,0x00,0x00,0x00,0x00,0x00,0x00,0x00,0x00,  //........+@%........................
0x00,0x00,0x00,0x00,0x0b,0x40,0x00,0x00,0x00,0x00,0x00,0x00,0x00,0x00,0x00,0x00,0x00,0x00,  //.........%*........................
0x00,0x00,0x00,0x00,0x01,0x00,0x00,0x00,0x00,0x00,0x00,0x00,0x00,0x00,0x00,0x00,0x00,0x00,  //.........+.........................


/* 用 */
0x00,0x00,0x00,0x00,0x00,0x00,0x00,0x00,0x03,0x58,0xcf,0xfd,0x50,0x00,  //.................**%#@@#*..
0x00,0x00,0x03,0x00,0x00,0x03,0x57,0xbd,0xfd,0xbb,0xbd,0xff,0xfb,0x00,  //.....*.....***%#@#%%%#@@@%.
0x00,0x00,0x09,0xff,0xff,0xdb,0xac,0xe5,0x00,0x00,0x00,0x9f,0xff,0xa0,  //.....%@@@@#%%##*......%@@@%
0x00,0x00,0x02,0xff,0x40,0x00,0x07,0xff,0x10,0x00,0x00,0x1f,0xff,0x50,  //.....+@@*....*@@+.....+@@@*
0x00,0x00,0x00,0xff,0x00,0x00,0x07,0xff,0x00,0x00,0x00,0x0e,0xfe,0x00,  //......@@.....*@@.......#@#.
0x00,0x00,0x00,0xff,0x00,0x00,0x03,0xfc,0x00,0x00,0x00,0x0b,0xfb,0x00,  //......@@.....*@#.......%@%.
0x00,0x00,0x00,0xff,0x00,0x00,0x03,0xfb,0x00,0x00,0x00,0x0b,0xfb,0x00,  //......@@.....*@%.......%@%.
0x00,0x00,0x00,0xff,0x00,0x00,0x03,0xfb,0x00,0x00,0x00,0x08,0xfb,0x00,  //......@@.....*@%.......%@%.
0x00,0x00,0x00,0xff,0x00,0x00,0x03,0xfe,0xff,0xe1,0x00,0x07,0xfb,0x00,  //......@@.....*@#@@#+...*@%.
0x00,0x00,0x00,0xff,0x00,0x48,0xbf,0xff,0xea,0x60,0x00,0x07,0xfb,0x00,  //......@@..*%%@@@#%*....*@%.
0x00,0x00,0x00,0xff,0x00,0x6b,0xba,0xfc,0x00,0x00,0x00,0x07,0xfb,0x00,  //......@@..*%%%@#.......*@%.
0x00,0x00,0x00,0xff,0x00,0x00,0x03,0xf8,0x00,0x00,0x00,0x07,0xfb,0x00,  //......@@.....*@%.......*@%.
0x00,0x00,0x00,0xff,0x00,0x00,0x03,0xf7,0x00,0x00,0x00,0x07,0xfb,0x00,  //......@@.....*@*.......*@%.
0x00,0x00,0x00,0xfc,0x00,0x00,0x03,0xf7,0x00,0x31,0x00,0x05,0xfb,0x00,  //......@#.....*@*..*+...*@%.
0x00,0x00,0x00,0xfb,0x00,0x00,0x03,0xfc,0xcf,0xff,0x20,0x03,0xfb,0x00,  //......@%.....*@##@@@+..*@%.
0x00,0x00,0x00,0xfb,0x00,0x38,0xcf,0xff,0xff,0xa5,0x00,0x03,0xfb,0x00,  //......@%..*%#@@@@@%*...*@%.
0x00,0x00,0x03,0xf9,0x3e,0xff,0xff,0xfb,0x40,0x00,0x00,0x03,0xfb,0x00,  //.....*@%*#@@@@@%*......*@%.
0x00,0x00,0x06,0xf7,0x00,0x22,0x05,0xf7,0x00,0x00,0x00,0x03,0xfb,0x00,  //.....*@*..++.*@*.......*@%.
0x00,0x00,0x08,0xf4,0x00,0x00,0x07,0xf7,0x00,0x00,0x00,0x03,0xfb,0x00,  //.....%@*.....*@*.......*@%.
0x00,0x00,0x0b,0xf1,0x00,0x00,0x07,0xf7,0x00,0x00,0x00,0x03,0xfd,0x00,  //.....%@+.....*@*.......*@#.
0x00,0x00,0x0f,0xe0,0x00,0x00,0x07,0xf5,0x00,0x00,0x00,0x03,0xff,0x00,  //.....@#......*@*.......*@@.
0x00,0x00,0x3f,0xa0,0x00,0x00,0x07,0xf3,0x00,0x00,0x00,0x03,0xff,0x00,  //....*@%......*@*.......*@@.
0x00,0x00,0x8f,0x50,0x00,0x00,0x07,0xf3,0x00,0x00,0x00,0x03,0xff,0x00,  //....%@*......*@*.......*@@.
0x00,0x00,0xdf,0x00,0x00,0x00,0x07,0xf0,0x00,0x00,0x00,0x07,0xff,0x30,  //....#@.......*@........*@@*
0x00,0x04,0xf9,0x00,0x00,0x00,0x07,0xf0,0x00,0x01,0x30,0x0c,0xff,0x30,  //...*@%.......*@....+*..#@@*
0x00,0x0c,0xe0,0x00,0x00,0x00,0x03,0xb0,0x00,0x00,0x7f,0xff,0xff,0x30,  //...##........*%.....*@@@@@*
0x00,0x6e,0x20,0x00,0x00,0x00,0x01,0x60,0x00,0x00,0x02,0xef,0xff,0x00,  //..*#+........+*......+#@@@.
0x02,0xc2,0x00,0x00,0x00,0x00,0x00,0x00,0x00,0x00,0x00,0x4f,0xf9,0x00,  //.+#+..................*@@%.
0x02,0x00,0x00,0x00,0x00,0x00,0x00,0x00,0x00,0x00,0x00,0x0c,0xe1,0x00,  //.+.....................##+.
0x00,0x00,0x00,0x00,0x00,0x00,0x00,0x00,0x00,0x00,0x00,0x03,0x40,0x00,  //.......................**..
0x00,0x00,0x00,0x00,0x00,0x00,0x00,0x00,0x00,0x00,0x00,0x00,0x00,0x00,  //...........................


/* 电 */
0x00,0x00,0x00,0x00,0x17,0x50,0x00,0x00,0x00,0x00,0x00,0x00,0x00,0x00,0x00,  //........+**..................
0x00,0x00,0x00,0x00,0x0d,0xfe,0x40,0x00,0x00,0x00,0x00,0x00,0x00,0x00,0x00,  //.........#@#*................
0x00,0x00,0x00,0x00,0x08,0xff,0x50,0x00,0x00,0x00,0x00,0x00,0x00,0x00,0x00,  //.........%@@*................
0x00,0x00,0x00,0x00,0x07,0xff,0x20,0x00,0x00,0x00,0x00,0x00,0x00,0x00,0x00,  //.........*@@+................
0x00,0x00,0x00,0x00,0x04,0xff,0x00,0x00,0x00,0x00,0x00,0x00,0x00,0x00,0x00,  //.........*@@.................
0x00,0x00,0x00,0x00,0x03,0xff,0x00,0x00,0x00,0x00,0x00,0x00,0x00,0x00,0x00,  //.........*@@.................
0x00,0x00,0x00,0x00,0x03,0xfc,0x00,0x00,0x02,0x6b,0x81,0x00,0x00,0x00,0x00,  //.........*@#.....+*%%+.......
0x00,0x00,0x00,0x00,0x03,0xfc,0x47,0x9b,0xff,0xff,0xfe,0x70,0x00,0x00,0x00,  //.........*@#**%%@@@@@#*......
0x47,0x53,0x37,0x7a,0xbe,0xff,0xb9,0x75,0x33,0x4f,0xff,0xf8,0x00,0x00,0x00,  //*******%%#@@%%*****@@@@%.....
0x4f,0xff,0xfb,0x97,0x46,0xfb,0x00,0x00,0x00,0x0b,0xff,0xf5,0x00,0x00,0x00,  //*@@@@%%***@%.......%@@@*.....
0x0c,0xfa,0x00,0x00,0x03,0xf8,0x00,0x00,0x00,0x0b,0xff,0x70,0x00,0x00,0x00,  //.#@%.....*@%.......%@@*......
0x06,0xfb,0x00,0x00,0x03,0xf7,0x00,0x00,0x00,0x0f,0xfe,0x00,0x00,0x00,0x00,  //.*@%.....*@*.......@@#.......
0x01,0xfd,0x00,0x00,0x03,0xfa,0x77,0x77,0x20,0x1f,0xf8,0x00,0x00,0x00,0x00,  //.+@#.....*@%****+.+@@%.......
0x00,0xdf,0x00,0x48,0xcf,0xff,0xff,0xfa,0x20,0x4f,0xf2,0x00,0x00,0x00,0x00,  //..#@..*%#@@@@@@%+.*@@+.......
0x00,0xaf,0x33,0xbb,0xbc,0xfb,0x63,0x00,0x00,0x8f,0xc0,0x00,0x00,0x00,0x00,  //..%@**%%%#@%**....%@#........
0x00,0x6f,0x50,0x00,0x03,0xf7,0x00,0x00,0x00,0xcf,0x50,0x00,0x00,0x00,0x00,  //..*@*....*@*......#@*........
0x00,0x3f,0x70,0x00,0x03,0xf4,0x00,0x00,0x01,0xfe,0x00,0x00,0x00,0x00,0x00,  //..*@*....*@*.....+@#.........
0x00,0x0f,0xa0,0x00,0x03,0xf3,0x00,0x00,0x05,0xf7,0x00,0x00,0x00,0x00,0x00,  //...@%....*@*.....*@*.........
0x00,0x0d,0xc0,0x00,0x39,0xfc,0xbf,0xff,0xfe,0xe0,0x00,0x00,0x00,0x00,0x00,  //...##...*%@#%@@@@##..........
0x00,0x0a,0xfb,0xff,0xed,0xf9,0x76,0x33,0x3c,0x70,0x00,0x00,0x00,0x00,0x00,  //...%@%@@##@%*****#*..........
0x00,0x05,0xf5,0x30,0x07,0xf3,0x00,0x00,0x01,0x00,0x00,0x00,0x00,0x00,0x00,  //...*@**..*@*.....+...........
0x00,0x00,0x40,0x00,0x07,0xf3,0x00,0x00,0x00,0x00,0x00,0x00,0x00,0x00,0x00,  //....*....*@*.................
0x00,0x00,0x00,0x00,0x07,0xf5,0x00,0x00,0x00,0x00,0x00,0x00,0x00,0x60,0x00,  //.........*@*..............*..
0x00,0x00,0x00,0x00,0x03,0xf7,0x00,0x00,0x00,0x00,0x00,0x00,0x03,0x70,0x00,  //.........*@*.............**..
0x00,0x00,0x00,0x00,0x02,0xfc,0x00,0x00,0x00,0x00,0x00,0x00,0x08,0xa0,0x00,  //.........+@#.............%%..
0x00,0x00,0x00,0x00,0x00,0xef,0x30,0x00,0x00,0x00,0x00,0x00,0x0d,0xe0,0x00,  //..........#@*............##..
0x00,0x00,0x00,0x00,0x00,0x9f,0xe4,0x00,0x00,0x00,0x00,0x01,0xcf,0xf7,0x00,  //..........%@#*.........+#@@*.
0x00,0x00,0x00,0x00,0x00,0x0e,0xff,0xd9,0x74,0x35,0x78,0xcf,0xff,0xfa,0x00,  //...........#@@#%*****%#@@@@%.
0x00,0x00,0x00,0x00,0x00,0x00,0x9f,0xff,0xff,0xff,0xff,0xff,0xfd,0x60,0x00,  //............%@@@@@@@@@@@@#*..
0x00,0x00,0x00,0x00,0x00,0x00,0x01,0x6a,0xbb,0xbb,0xbb,0x86,0x20,0x00,0x00,  //.............+*%%%%%%%%*+....


/* 知 */
0x00,0x00,0x00,0x00,0x00,0x88,0x10,0x00,0x00,0x00,0x00,0x00,0x00,0x00,0x00,0x00,0x00,  //..........%%+.....................
0x00,0x00,0x00,0x00,0x00,0xbf,0xe4,0x00,0x00,0x00,0x00,0x00,0x00,0x00,0x00,0x00,0x00,  //..........%@#*....................
0x00,0x00,0x00,0x00,0x00,0xcf,0xf4,0x00,0x00,0x00,0x00,0x00,0x00,0x00,0x00,0x00,0x00,  //..........#@@*....................
0x00,0x00,0x00,0x00,0x00,0xff,0x80,0x00,0x00,0x00,0x00,0x00,0x00,0x00,0x00,0x00,0x00,  //..........@@%.....................
0x00,0x00,0x00,0x00,0x05,0xfe,0x00,0x00,0x00,0x00,0x00,0x00,0x00,0x00,0x00,0x00,0x00,  //.........*@#......................
0x00,0x00,0x00,0x00,0x0a,0xf7,0x00,0x00,0x00,0x00,0x00,0x00,0x00,0x00,0x00,0x00,0x00,  //.........%@*......................
0x00,0x00,0x00,0x00,0x1f,0xd0,0x00,0x00,0x01,0x00,0x00,0x00,0x00,0x00,0x00,0x00,0x00,  //........+@#......+................
0x00,0x00,0x00,0x00,0x9f,0x50,0x02,0x8d,0xff,0x60,0x00,0x00,0x00,0x00,0x00,0x00,0x00,  //........%@*..+%#@@*...............
0x00,0x00,0x00,0x01,0xfd,0x28,0xdf,0xff,0xa5,0x00,0x00,0x00,0x00,0x00,0x00,0x00,0x00,  //.......+@#+%#@@@%*................
0x00,0x00,0x00,0x0b,0xfd,0xff,0xfc,0x50,0x00,0x00,0x00,0x00,0x00,0x00,0x01,0x00,0x00,  //.......%@#@@@#*..............+....
0x00,0x00,0x00,0x5f,0x50,0x1c,0xf5,0x00,0x00,0x00,0x00,0x00,0x00,0x04,0x9f,0xf7,0x00,  //......*@*.+#@*.............*%@@*..
0x00,0x00,0x02,0xe5,0x00,0x0b,0xf9,0x00,0x00,0x07,0x40,0x03,0x7a,0xff,0xff,0xff,0xc0,  //.....+#*...%@%.....**..**%@@@@@@#.
0x00,0x00,0x2d,0x40,0x00,0x0b,0xf3,0x00,0x00,0x0b,0xff,0xfe,0xb7,0x43,0x4f,0xff,0xf2,  //....+#*....%@*.....%@@@#%****@@@@+
0x00,0x00,0x30,0x00,0x00,0x0f,0xf0,0x00,0x13,0x12,0xff,0x20,0x00,0x00,0x0b,0xff,0x70,  //....*......@@...+*++@@+......%@@*.
0x00,0x00,0x00,0x00,0x00,0x0f,0xf4,0x8d,0xff,0xe1,0xff,0x00,0x00,0x00,0x0b,0xfe,0x00,  //...........@@*%#@@#+@@.......%@#..
0x00,0x00,0x00,0x00,0x36,0x9f,0xfe,0xb7,0x43,0x00,0xbf,0x00,0x00,0x00,0x0e,0xf9,0x00,  //........**%@@#%***..%@.......#@%..
0x03,0x34,0x7a,0xdf,0xff,0xdf,0xa0,0x00,0x00,0x00,0xbf,0x00,0x00,0x00,0x0f,0xf2,0x00,  //.****%#@@@#@%.......%@.......@@+..
0x09,0xff,0xff,0xd8,0x40,0x9f,0x60,0x00,0x00,0x00,0xaf,0x00,0x00,0x00,0x0f,0xd0,0x00,  //.%@@@@#%*.%@*.......%@.......@#...
0x00,0x57,0x61,0x00,0x00,0xef,0x10,0x00,0x00,0x00,0x7f,0x00,0x00,0x00,0x3f,0x80,0x00,  //..***+....#@+.......*@......*@%...
0x00,0x00,0x00,0x00,0x04,0xfc,0x05,0x30,0x00,0x00,0x7f,0x00,0x00,0x00,0x6f,0x60,0x00,  //.........*@#.**.....*@......*@*...
0x00,0x00,0x00,0x00,0x0a,0xf5,0x05,0xfa,0x10,0x00,0x7f,0x03,0x69,0xcf,0xff,0xf3,0x00,  //.........%@*.*@%+...*@.**%#@@@@*..
0x00,0x00,0x00,0x00,0x1f,0xd0,0x00,0xdf,0xe2,0x00,0x7f,0xff,0xdb,0xb9,0x77,0x40,0x00,  //........+@#...#@#+..*@@@#%%%***...
0x00,0x00,0x00,0x00,0xbf,0x40,0x00,0x4f,0xfe,0x00,0x7f,0x30,0x00,0x00,0x00,0x00,0x00,  //........%@*...*@@#..*@*...........
0x00,0x00,0x00,0x05,0xfa,0x00,0x00,0x09,0xff,0x40,0x3f,0x20,0x00,0x00,0x00,0x00,0x00,  //.......*@%.....%@@*.*@+...........
0x00,0x00,0x00,0x2f,0xd0,0x00,0x00,0x00,0xcf,0x40,0x0e,0x00,0x00,0x00,0x00,0x00,0x00,  //......+@#.......#@*..#............
0x00,0x00,0x02,0xee,0x20,0x00,0x00,0x00,0x07,0x00,0x01,0x00,0x00,0x00,0x00,0x00,0x00,  //.....+##+........*...+............
0x00,0x00,0x2e,0xc1,0x00,0x00,0x00,0x00,0x00,0x00,0x00,0x00,0x00,0x00,0x00,0x00,0x00,  //....+##+..........................
0x00,0x04,0xd7,0x00,0x00,0x00,0x00,0x00,0x00,0x00,0x00,0x00,0x00,0x00,0x00,0x00,0x00,  //...*#*............................
0x00,0x28,0x10,0x00,0x00,0x00,0x00,0x00,0x00,0x00,0x00,0x00,0x00,0x00,0x00,0x00,0x00,  //..+%+.............................


/* 示 */
0x00,0x00,0x00,0x00,0x00,0x00,0x00,0x00,0x36,0x8b,0xff,0xfa,0x10,0x00,0x00,0x00,0x00,  //................**%%@@@%+........
0x00,0x00,0x00,0x00,0x00,0x23,0x68,0xbf,0xff,0xff,0xff,0xe9,0x00,0x00,0x00,0x00,0x00,  //..........+**%%@@@@@@@#%.........
0x00,0x00,0x00,0x00,0x01,0xbf,0xff,0xff,0xff,0xb9,0x63,0x00,0x00,0x00,0x00,0x00,0x00,  //.........+%@@@@@@@%%**...........
0x00,0x00,0x00,0x00,0x00,0x01,0x33,0x33,0x00,0x00,0x00,0x00,0x00,0x00,0x00,0x00,0x00,  //...........+****.................
0x00,0x00,0x00,0x00,0x00,0x00,0x00,0x00,0x00,0x00,0x00,0x00,0x00,0x00,0x00,0x00,0x00,  //.................................
0x00,0x00,0x00,0x00,0x00,0x00,0x00,0x00,0x00,0x00,0x00,0x00,0x00,0x00,0x00,0x00,0x00,  //.................................
0x00,0x00,0x00,0x00,0x00,0x00,0x00,0x00,0x00,0x00,0x00,0x00,0x00,0x00,0x00,0x00,0x00,  //.................................
0x00,0x00,0x00,0x00,0x00,0x00,0x00,0x00,0x00,0x00,0x00,0x00,0x23,0x57,0x74,0x00,0x00,  //........................+*****...
0x00,0x00,0x00,0x00,0x00,0x00,0x00,0x00,0x13,0x57,0x9b,0xdf,0xff,0xff,0xff,0xe4,0x00,  //................+***%%#@@@@@@@#*.
0x00,0x00,0x00,0x00,0x33,0x67,0x9b,0xdf,0xff,0xff,0xff,0xff,0xff,0xff,0xff,0xff,0x10,  //........****%%#@@@@@@@@@@@@@@@@@+
0x2b,0xbb,0xcf,0xff,0xff,0xff,0xff,0xcd,0xfb,0x33,0x33,0x31,0x00,0x00,0x33,0x31,0x00,  //+%%%#@@@@@@@@@##@%*****+....***+.
0x06,0xef,0xff,0xfe,0xb8,0x73,0x10,0x03,0xff,0x30,0x00,0x00,0x00,0x00,0x00,0x00,0x00,  //.*#@@@@#%%**+..*@@*..............
0x00,0x03,0x32,0x00,0x00,0x00,0x00,0x00,0xff,0x60,0x00,0x00,0x00,0x00,0x00,0x00,0x00,  //...**+..........@@*..............
0x00,0x00,0x00,0x00,0x00,0x00,0x00,0x00,0xff,0x30,0x00,0x00,0x00,0x00,0x00,0x00,0x00,  //................@@*..............
0x00,0x00,0x00,0x00,0x00,0x00,0x00,0x00,0xcf,0x30,0x00,0x00,0x00,0x00,0x00,0x00,0x00,  //................#@*..............
0x00,0x00,0x00,0x03,0x40,0x00,0x00,0x00,0xbf,0x30,0x00,0x03,0x10,0x00,0x00,0x00,0x00,  //.......**.......%@*....*+........
0x00,0x00,0x00,0x0b,0x90,0x00,0x00,0x00,0xbf,0x30,0x00,0x0e,0xfd,0x93,0x00,0x00,0x00,  //.......%%.......%@*....#@#%*.....
0x00,0x00,0x00,0x2f,0xb0,0x00,0x00,0x00,0xbf,0x30,0x00,0x02,0xef,0xff,0x90,0x00,0x00,  //......+@%.......%@*....+#@@@%....
0x00,0x00,0x00,0xbf,0x90,0x00,0x00,0x00,0xbf,0x30,0x00,0x00,0x2e,0xff,0xf7,0x00,0x00,  //......%@%.......%@*.....+#@@@*...
0x00,0x00,0x04,0xff,0x60,0x00,0x00,0x00,0xbf,0x70,0x00,0x00,0x02,0xef,0xfe,0x00,0x00,  //.....*@@*.......%@*......+#@@#...
0x00,0x00,0x0e,0xff,0x10,0x00,0x00,0x00,0xbf,0x70,0x00,0x00,0x00,0x2e,0xff,0x00,0x00,  //.....#@@+.......%@*.......+#@@...
0x00,0x00,0x3f,0xf9,0x00,0x00,0x00,0x00,0xbf,0x70,0x00,0x00,0x00,0x02,0xde,0x00,0x00,  //....*@@%........%@*........+##...
0x00,0x00,0x0f,0xe0,0x00,0x00,0x00,0x00,0xbf,0x70,0x00,0x00,0x00,0x00,0x01,0x00,0x00,  //.....@#.........%@*..........+...
0x00,0x00,0x04,0x20,0x00,0x00,0x00,0x00,0xdf,0x70,0x00,0x00,0x00,0x00,0x00,0x00,0x00,  //.....*+.........#@*..............
0x00,0x00,0x00,0x00,0x00,0x00,0xcb,0x77,0xff,0x70,0x00,0x00,0x00,0x00,0x00,0x00,0x00,  //............#%**@@*..............
0x00,0x00,0x00,0x00,0x00,0x00,0x09,0xff,0xff,0x30,0x00,0x00,0x00,0x00,0x00,0x00,0x00,  //.............%@@@@*..............
0x00,0x00,0x00,0x00,0x00,0x00,0x00,0x9f,0xfd,0x00,0x00,0x00,0x00,0x00,0x00,0x00,0x00,  //..............%@@#...............
0x00,0x00,0x00,0x00,0x00,0x00,0x00,0x0a,0xf4,0x00,0x00,0x00,0x00,0x00,0x00,0x00,0x00,  //...............%@*...............
0x00,0x00,0x00,0x00,0x00,0x00,0x00,0x00,0x60,0x00,0x00,0x00,0x00,0x00,0x00,0x00,0x00,  //................*................


/* 移 */
0x00,0x00,0x00,0x00,0x00,0x00,0x00,0x00,0x00,0x00,0x00,0x8b,0x60,0x00,0x00,0x00,0x00,  //......................%%*.........
0x00,0x00,0x00,0x00,0x00,0x00,0x02,0x00,0x00,0x00,0x00,0xbf,0xfa,0x00,0x00,0x00,0x00,  //.............+........%@@%........
0x00,0x00,0x00,0x00,0x00,0x00,0x7f,0xb2,0x00,0x00,0x00,0xff,0xc0,0x00,0x00,0x00,0x00,  //............*@%+......@@#.........
0x00,0x00,0x00,0x00,0x00,0x05,0xff,0xfe,0x00,0x00,0x09,0xfc,0x00,0x01,0x73,0x00,0x00,  //...........*@@@#.....%@#...+**....
0x00,0x00,0x00,0x00,0x00,0x7f,0xfd,0x71,0x00,0x00,0x3f,0xe4,0x57,0xbf,0xff,0x90,0x00,  //..........*@@#*+....*@#***%@@@%...
0x00,0x00,0x00,0x00,0x1b,0xfd,0x50,0x00,0x00,0x01,0xed,0x9f,0xe9,0x9f,0xff,0xd1,0x00,  //........+%@#*......+##%@#%%@@@#+..
0x00,0x00,0x00,0x07,0xed,0xe3,0x00,0x00,0x00,0x0c,0xa0,0x00,0x00,0x8f,0xf9,0x00,0x00,  //.......*###*.......#%.....%@@%....
0x00,0x00,0x00,0x46,0x10,0xff,0x60,0x00,0x00,0x63,0x00,0x00,0x05,0xff,0x60,0x00,0x00,  //......**+.@@*.....**.....*@@*.....
0x00,0x00,0x00,0x00,0x00,0xbf,0x40,0x00,0x00,0x07,0x72,0x00,0x5f,0xf5,0x00,0x00,0x00,  //..........%@*......**+..*@@*......
0x00,0x00,0x00,0x00,0x00,0xbf,0x20,0x00,0x00,0x05,0xff,0x15,0xff,0x50,0x00,0x00,0x00,  //..........%@+......*@@+*@@*.......
0x00,0x00,0x00,0x00,0x00,0xbf,0x01,0x67,0x10,0x00,0x4e,0xcf,0xe3,0x00,0x00,0x00,0x00,  //..........%@.+**+...*##@#*........
0x00,0x00,0x00,0x00,0x01,0xcf,0xdf,0xfe,0x70,0x00,0x0a,0xfc,0x20,0x00,0x00,0x00,0x00,  //.........+#@#@@#*....%@#+.........
0x00,0x00,0x03,0x7a,0xef,0xff,0x85,0x20,0x00,0x00,0x9f,0x90,0x20,0x00,0x00,0x00,0x00,  //.....**%#@@@%*+.....%@%.+.........
0x07,0xbf,0xff,0xff,0xaf,0xff,0x00,0x00,0x00,0x1c,0xd4,0x03,0xfd,0x40,0x00,0x00,0x00,  //.*%@@@@@%@@@......+##*.*@#*.......
0x00,0xbf,0xfa,0x50,0x3f,0xff,0x00,0x00,0x05,0xb5,0x00,0x0a,0xff,0x80,0x00,0x20,0x00,  //..%@@%*.*@@@.....*%*...%@@%...+...
0x00,0x02,0x10,0x00,0xbf,0xfe,0x10,0x00,0x00,0x00,0x00,0x6f,0xe4,0x02,0x6d,0xfd,0x20,  //...++...%@@#+.........*@#*.+*#@#+.
0x00,0x00,0x00,0x04,0xfb,0xbe,0xfe,0x90,0x00,0x00,0x06,0xfd,0xbe,0xff,0xff,0xff,0xe0,  //.......*@%%#@#%......*@#%#@@@@@@#.
0x00,0x00,0x00,0x0e,0xe0,0xbb,0x5f,0xfc,0x00,0x00,0x9f,0x80,0x03,0x10,0x4f,0xfe,0x40,  //.......##.%%*@@#....%@%..*+.*@@#*.
0x00,0x00,0x00,0xbf,0x20,0xbb,0x03,0xdf,0x00,0x2c,0xb3,0x00,0x00,0x00,0xbf,0xe2,0x00,  //......%@+.%%.*#@..+#%*......%@#+..
0x00,0x00,0x06,0xf5,0x00,0xcb,0x00,0x02,0x00,0x51,0x00,0x00,0x00,0x07,0xfe,0x20,0x00,  //.....*@*..#%...+..*+.......*@#+...
0x00,0x00,0x3f,0x80,0x00,0xfb,0x00,0x00,0x00,0x00,0x8a,0x30,0x00,0x4f,0xf5,0x00,0x00,  //....*@%...@%........%%*...*@@*....
0x00,0x02,0xe9,0x00,0x00,0xfb,0x00,0x00,0x00,0x00,0x4f,0xf5,0x02,0xef,0x50,0x00,0x00,  //...+#%....@%........*@@*.+#@*.....
0x00,0x0c,0x70,0x00,0x00,0xfb,0x00,0x00,0x00,0x00,0x05,0xff,0x2d,0xf9,0x00,0x00,0x00,  //...#*.....@%.........*@@+#@%......
0x00,0xa3,0x00,0x00,0x03,0xfb,0x00,0x00,0x00,0x00,0x00,0x5e,0xff,0x90,0x00,0x00,0x00,  //..%*.....*@%..........*#@@%.......
0x02,0x00,0x00,0x00,0x05,0xfb,0x00,0x00,0x00,0x00,0x00,0x0c,0xfb,0x00,0x00,0x00,0x00,  //.+.......*@%...........#@%........
0x00,0x00,0x00,0x00,0x08,0xf9,0x00,0x00,0x00,0x00,0x02,0xcf,0xb0,0x00,0x00,0x00,0x00,  //.........%@%.........+#@%.........
0x00,0x00,0x00,0x00,0x0a,0xf7,0x00,0x00,0x00,0x00,0x2e,0xf9,0x00,0x00,0x00,0x00,0x00,  //.........%@*........+#@%..........
0x00,0x00,0x00,0x00,0x06,0xf6,0x00,0x00,0x00,0x05,0xff,0x70,0x00,0x00,0x00,0x00,0x00,  //.........*@*.......*@@*...........
0x00,0x00,0x00,0x00,0x00,0xe2,0x00,0x00,0x00,0x9f,0xd3,0x00,0x00,0x00,0x00,0x00,0x00,  //..........#+......%@#*............
0x00,0x00,0x00,0x00,0x00,0x30,0x00,0x00,0x3d,0xe7,0x00,0x00,0x00,0x00,0x00,0x00,0x00,  //..........*.....*##*..............
0x00,0x00,0x00,0x00,0x00,0x00,0x00,0x1a,0xd7,0x00,0x00,0x00,0x00,0x00,0x00,0x00,0x00,  //..............+%#*................
0x00,0x00,0x00,0x00,0x00,0x00,0x00,0x62,0x00,0x00,0x00,0x00,0x00,0x00,0x00,0x00,0x00,  //..............*+..................


/* 系 */
0x00,0x00,0x00,0x00,0x00,0x00,0x00,0x00,0x06,0x30,0x00,0x00,  //.................**....
0x00,0x00,0x00,0x00,0x00,0x00,0x00,0x01,0xbf,0xf8,0x00,0x00,  //...............+%@@%...
0x00,0x00,0x00,0x00,0x00,0x00,0x05,0xbf,0xff,0xff,0x60,0x00,  //.............*%@@@@@*..
0x00,0x00,0x00,0x00,0x00,0x59,0xef,0xff,0xb7,0x53,0x00,0x00,  //..........*%#@@@%***...
0x00,0x00,0x00,0x47,0xbf,0xfd,0x85,0x20,0x00,0x00,0x00,0x00,  //......**%@@#%*+........
0x00,0x69,0xdf,0xfd,0xb7,0xaf,0x70,0x00,0x00,0x00,0x00,0x00,  //..*%#@@#%*%@*..........
0x00,0x13,0x33,0x00,0x01,0xef,0xf0,0x00,0x00,0x00,0x00,0x00,  //..+***...+#@@..........
0x00,0x00,0x00,0x00,0x0c,0xfb,0x20,0x00,0x10,0x00,0x00,0x00,  //.........#@%+...+......
0x00,0x00,0x00,0x00,0xcf,0x60,0x00,0x00,0xae,0x20,0x00,0x00,  //........#@*.....%#+....
0x00,0x00,0x00,0x0c,0xc2,0x00,0x00,0x05,0xff,0xc0,0x00,0x00,  //.......##+.....*@@#....
0x00,0x00,0x03,0xea,0x00,0x00,0x00,0x5f,0xfd,0x40,0x00,0x00,  //.....*#%......*@@#*....
0x00,0x03,0x9f,0xd3,0x33,0x33,0x36,0xff,0x80,0x00,0x00,0x00,  //...*%@#*******@@%......
0x00,0x0f,0xff,0xff,0xff,0xdb,0xff,0xc2,0x00,0x00,0x00,0x00,  //...@@@@@@@#%@@#+.......
0x00,0x2f,0xea,0x73,0x20,0x09,0xf8,0x00,0x00,0x00,0x00,0x00,  //..+@#%**+..%@%.........
0x00,0x03,0x00,0x00,0x02,0xdd,0x30,0x00,0x10,0x00,0x00,0x00,  //...*.....+##*...+......
0x00,0x00,0x00,0x00,0x8f,0x80,0x00,0x01,0xfb,0x30,0x00,0x00,  //........%@%....+@%*....
0x00,0x00,0x00,0x5d,0xd3,0x00,0x00,0x00,0x7f,0xf8,0x00,0x00,  //......*##*......*@@%...
0x00,0x00,0x6d,0xf7,0x01,0x33,0x67,0x8b,0xbf,0xff,0x30,0x00,  //....*#@*.+****%%%@@@*..
0x00,0xbf,0xff,0xff,0xff,0xff,0xc9,0x73,0x00,0xcf,0x70,0x00,  //..%@@@@@@@@@#%**..#@*..
0x03,0xff,0xff,0xeb,0x75,0xd7,0x00,0x00,0x00,0x0c,0x50,0x00,  //.*@@@@#%**#*.......#*..
0x01,0xe9,0x51,0x00,0x00,0x7f,0xb0,0x00,0x00,0x00,0x00,0x00,  //.+#%*+....*@%..........
0x00,0x00,0x00,0x00,0x00,0x4f,0xb0,0x00,0x00,0x00,0x00,0x00,  //..........*@%..........
0x00,0x00,0x00,0x00,0x00,0x3f,0xb0,0x00,0x00,0x00,0x00,0x00,  //..........*@%..........
0x00,0x07,0x20,0x00,0x00,0x3f,0xb0,0x00,0x69,0x72,0x00,0x00,  //...*+.....*@%...*%*+...
0x00,0x5f,0x10,0x00,0x00,0x3f,0xb0,0x00,0x0d,0xff,0xd3,0x00,  //..*@+.....*@%....#@@#*.
0x02,0xfe,0x00,0x00,0x00,0x3f,0xb0,0x00,0x02,0xcf,0xff,0x20,  //.+@#......*@%....+#@@@+
0x5e,0xf9,0x00,0x00,0x00,0x3f,0xb0,0x00,0x00,0x0c,0xff,0xb0,  //*#@%......*@%......#@@%
0xef,0xe1,0x00,0x00,0x00,0x3f,0xb0,0x00,0x00,0x00,0xcf,0xf0,  //#@#+......*@%.......#@@
0xff,0x40,0x00,0x00,0x00,0x3f,0xd0,0x00,0x00,0x00,0x07,0x80,  //@@*.......*@#........*%
0x53,0x00,0x00,0x06,0x63,0xaf,0xf0,0x00,0x00,0x00,0x00,0x00,  //**.....***%@@..........
0x00,0x00,0x00,0x00,0xcf,0xff,0xb0,0x00,0x00,0x00,0x00,0x00,  //........#@@@%..........
0x00,0x00,0x00,0x00,0x0d,0xff,0x70,0x00,0x00,0x00,0x00,0x00,  //.........#@@*..........
0x00,0x00,0x00,0x00,0x03,0xfe,0x00,0x00,0x00,0x00,0x00,0x00,  //.........*@#...........
0x00,0x00,0x00,0x00,0x00,0x85,0x00,0x00,0x00,0x00,0x00,0x00,  //..........%*...........
0x00,0x00,0x00,0x00,0x00,0x00,0x00,0x00,0x00,0x00,0x00,0x00,  //.......................


/* 络 */
0x00,0x00,0x08,0x91,0x00,0x00,0x00,0x00,0x06,0xd4,0x00,0x00,0x00,0x00,0x00,0x00,0x00,  //.....%%+.........*#*..............
0x00,0x00,0x07,0xfe,0x40,0x00,0x00,0x00,0x03,0xff,0x90,0x00,0x00,0x00,0x00,0x00,0x00,  //.....*@#*........*@@%.............
0x00,0x00,0x08,0xff,0x40,0x00,0x00,0x00,0x05,0xff,0xc0,0x00,0x00,0x00,0x00,0x00,0x00,  //.....%@@*........*@@#.............
0x00,0x00,0x0c,0xf9,0x00,0x00,0x00,0x00,0x0a,0xfd,0x00,0x00,0x00,0x00,0x00,0x00,0x00,  //.....#@%.........%@#..............
0x00,0x00,0x1f,0xd0,0x00,0x00,0x00,0x00,0x1f,0xe2,0x00,0x00,0x00,0x00,0x00,0x00,0x00,  //....+@#.........+@#+..............
0x00,0x00,0x7f,0x30,0x09,0x70,0x00,0x00,0x9f,0x50,0x02,0xaa,0x40,0x00,0x00,0x00,0x00,  //....*@*..%*.....%@*..+%%*.........
0x00,0x00,0xea,0x00,0x0e,0xfb,0x00,0x02,0xfe,0x78,0xcf,0xff,0xf9,0x00,0x00,0x00,0x00,  //....#%...#@%...+@#*%#@@@@%........
0x00,0x07,0xe1,0x00,0x4f,0xfb,0x00,0x0b,0xe7,0x77,0x36,0xff,0xd3,0x00,0x00,0x00,0x00,  //...*#+..*@@%...%#*****@@#*........
0x00,0x2f,0x70,0x00,0xbf,0xc0,0x00,0x7f,0x20,0x00,0x09,0xfe,0x20,0x00,0x00,0x00,0x00,  //..+@*...%@#...*@+....%@#+.........
0x07,0xed,0x00,0x04,0xfc,0x00,0x02,0xfc,0x10,0x00,0x1f,0xf4,0x00,0x00,0x00,0x00,0x00,  //.*##...*@#...+@#+...+@@*..........
0x3f,0xfd,0xbd,0xef,0xe1,0x00,0x1c,0x34,0xe7,0x00,0xaf,0x90,0x00,0x00,0x00,0x00,0x00,  //*@@#%##@#+..+#**#*..%@%...........
0x3f,0xd7,0x30,0x8f,0x20,0x00,0x20,0x00,0x2e,0xc6,0xfc,0x00,0x00,0x00,0x00,0x00,0x00,  //*@#**.%@+...+...+##*@#............
0x03,0x00,0x03,0xf5,0x00,0x00,0x00,0x00,0x02,0xef,0xf2,0x00,0x00,0x00,0x00,0x00,0x00,  //.*...*@*.........+#@@+............
0x00,0x00,0x0d,0x80,0x00,0x00,0x00,0x00,0x02,0xef,0xfb,0x10,0x00,0x00,0x00,0x00,0x00,  //.....#%..........+#@@%+...........
0x00,0x00,0x9b,0x00,0x00,0x00,0x00,0x00,0x2e,0xf6,0x9f,0xe7,0x00,0x00,0x00,0x00,0x00,  //....%%..........+#@*%@#*..........
0x00,0x09,0xfb,0x7a,0xbc,0x60,0x00,0x05,0xee,0x40,0x05,0xff,0xd5,0x00,0x00,0x00,0x00,  //...%@%*%%#*....*##*..*@@#*........
0x00,0xdf,0xff,0xe9,0x30,0x00,0x00,0x8f,0xc1,0x00,0x00,0x2d,0xff,0xd7,0x10,0x00,0x00,  //..#@@@#%*.....%@#+....+#@@#*+.....
0x03,0xff,0xc5,0x00,0x00,0x00,0x3d,0xe7,0x00,0x00,0x00,0x00,0xcf,0xff,0xfc,0x84,0x00,  //.*@@#*......*##*........#@@@@#%*..
0x01,0xd4,0x00,0x00,0x00,0x09,0xe9,0x10,0x00,0x00,0x00,0x00,0x08,0xff,0xff,0xda,0x30,  //.+#*.......%#%+..........%@@@@#%*.
0x00,0x00,0x00,0x00,0x00,0x43,0x00,0x00,0x00,0x00,0x49,0xff,0x90,0x03,0x20,0x00,0x00,  //..........**........*%@@%..*+.....
0x00,0x00,0x00,0x00,0x27,0x20,0x2f,0xc9,0x9b,0xdf,0xeb,0xcf,0xfe,0x20,0x00,0x00,0x00,  //........+*+.+@#%%%#@#%#@@#+.......
0x00,0x00,0x04,0x9e,0xb2,0x00,0x09,0xfb,0x63,0x30,0x00,0x3f,0xff,0x40,0x00,0x00,0x00,  //.....*%#%+...%@%***...*@@@*.......
0x03,0x5a,0xef,0xc3,0x00,0x00,0x04,0xf9,0x00,0x00,0x00,0x3f,0xf3,0x00,0x00,0x00,0x00,  //.**%#@#*.....*@%......*@@*........
0xef,0xff,0xd5,0x00,0x00,0x00,0x00,0xfb,0x00,0x00,0x00,0x3f,0xb0,0x00,0x00,0x00,0x00,  //#@@@#*........@%......*@%.........
0x4f,0xf6,0x00,0x00,0x00,0x00,0x00,0xeb,0x00,0x00,0x00,0x3f,0x40,0x00,0x00,0x00,0x00,  //*@@*..........#%......*@*.........
0x01,0x10,0x00,0x00,0x00,0x00,0x00,0xab,0x00,0x03,0x47,0xbf,0x40,0x00,0x00,0x00,0x00,  //.++...........%%...***%@*.........
0x00,0x00,0x00,0x00,0x00,0x00,0x00,0x7e,0xbf,0xff,0xfb,0xbb,0x60,0x00,0x00,0x00,0x00,  //..............*#%@@@@%%%*.........
0x00,0x00,0x00,0x00,0x00,0x00,0x00,0x2d,0x32,0x00,0x00,0x00,0x00,0x00,0x00,0x00,0x00,  //..............+#*+................
0x00,0x00,0x00,0x00,0x00,0x00,0x00,0x01,0x00,0x00,0x00,0x00,0x00,0x00,0x00,0x00,0x00,  //...............+..................


/* 统 */
0x00,0x00,0x00,0x6a,0x20,0x00,0x00,0x00,0x00,0x5f,0xfb,0x20,0x00,0x00,0x00,0x00,0x00,  //......*%+.........*@@%+..........
0x00,0x00,0x00,0x7f,0xf3,0x00,0x00,0x00,0x00,0x08,0xff,0xe0,0x00,0x00,0x00,0x00,0x00,  //......*@@*.........%@@#..........
0x00,0x00,0x00,0x8f,0xe1,0x00,0x00,0x00,0x00,0x00,0x4e,0xf2,0x00,0x00,0x00,0x00,0x00,  //......%@#+..........*#@+.........
0x00,0x00,0x00,0xdf,0x50,0x00,0x00,0x00,0x00,0x00,0x00,0x20,0x00,0x00,0x00,0x00,0x00,  //......#@*.............+..........
0x00,0x00,0x03,0xfd,0x00,0x00,0x00,0x00,0x00,0x00,0x00,0x00,0x33,0x00,0x00,0x00,0x00,  //.....*@#................**.......
0x00,0x00,0x09,0xf3,0x00,0x41,0x00,0x00,0x00,0x00,0x37,0xbf,0xff,0xe0,0x00,0x00,0x00,  //.....%@*..*+........**%@@@#......
0x00,0x00,0x2f,0xa0,0x00,0xff,0x70,0x03,0x58,0xbf,0xff,0xfc,0x84,0x00,0x00,0x00,0x00,  //....+@%...@@*..**%%@@@@#%*.......
0x00,0x00,0xbe,0x00,0x03,0xff,0xc0,0xbf,0xff,0xff,0x95,0x10,0x00,0x00,0x00,0x00,0x00,  //....%#...*@@#.%@@@@@%*+..........
0x00,0x07,0xf4,0x00,0x0b,0xfb,0x00,0x01,0x31,0x9f,0xc0,0x00,0x00,0x00,0x00,0x00,0x00,  //...*@*...%@%...+*+%@#............
0x00,0x7f,0x60,0x00,0x4f,0x90,0x00,0x00,0x00,0xdf,0x50,0x00,0x00,0x00,0x00,0x00,0x00,  //..*@*...*@%.......#@*............
0x0a,0xff,0x77,0xab,0xeb,0x00,0x00,0x00,0x03,0xf9,0x02,0xd7,0x00,0x00,0x00,0x00,0x00,  //.%@@**%%#%.......*@%.+#*.........
0x0b,0xff,0xd8,0x4a,0xd0,0x00,0x00,0x00,0x0b,0xd0,0x00,0x8f,0xe3,0x00,0x00,0x00,0x00,  //.%@@#%*%#........%#...%@#*.......
0x05,0x93,0x00,0x3f,0x20,0x00,0x00,0x00,0x5f,0x30,0x00,0x0d,0xff,0x20,0x00,0x00,0x00,  //.*%*..*@+.......*@*....#@@+......
0x00,0x00,0x00,0xe6,0x00,0x00,0x00,0x05,0xff,0x77,0xac,0xea,0xef,0x70,0x00,0x00,0x00,  //......#*.......*@@**%##%#@*......
0x00,0x00,0x0c,0xb0,0x02,0x75,0x00,0xbf,0xff,0xd9,0xaa,0x00,0x2d,0x40,0x00,0x00,0x00,  //.....#%..+**..%@@@#%%%..+#*......
0x00,0x00,0xcf,0x9a,0xec,0x30,0x02,0xff,0xbf,0x90,0x3f,0xb0,0x00,0x00,0x00,0x00,0x00,  //....#@%%##*..+@@%@%.*@%..........
0x00,0x0c,0xff,0xfd,0x50,0x00,0x00,0x93,0x0f,0xf5,0x0f,0xd0,0x00,0x00,0x00,0x00,0x00,  //...#@@@#*.....%*.@@*.@#..........
0x00,0x0e,0xfe,0x50,0x00,0x00,0x00,0x00,0x4f,0xe0,0x0f,0x80,0x00,0x00,0x00,0x00,0x00,  //...#@#*.........*@#..@%..........
0x00,0x07,0xa0,0x00,0x00,0x02,0x00,0x00,0xcf,0x40,0x3f,0x50,0x00,0x00,0x00,0x00,0x00,  //...*%......+....#@*.*@*..........
0x00,0x00,0x00,0x00,0x05,0xb5,0x00,0x07,0xfa,0x00,0x3f,0x30,0x00,0x00,0x00,0x01,0x00,  //.........*%*...*@%..*@*........+.
0x00,0x00,0x00,0x05,0xdc,0x20,0x00,0x3f,0xd0,0x00,0x3f,0x20,0x00,0x00,0x00,0x09,0x00,  //.......*##+...*@#...*@+........%.
0x00,0x00,0x05,0xdf,0x70,0x00,0x02,0xee,0x20,0x00,0x3f,0x00,0x00,0x00,0x00,0x0b,0x00,  //.....*#@*....+##+...*@.........%.
0x00,0x39,0xef,0xd3,0x00,0x00,0x2e,0xe2,0x00,0x00,0x3f,0x10,0x00,0x00,0x00,0x4e,0x00,  //..*%#@#*....+##+....*@+.......*#.
0x0e,0xff,0xf8,0x00,0x00,0x03,0xec,0x20,0x00,0x00,0x3f,0x40,0x00,0x00,0x00,0xbf,0x20,  //.#@@@%.....*##+.....*@*.......%@+
0x02,0xde,0x30,0x00,0x00,0x6f,0x80,0x00,0x00,0x00,0x0f,0xc1,0x00,0x00,0x06,0xff,0x90,  //.+##*.....*@%........@#+.....*@@%
0x00,0x00,0x00,0x00,0x09,0x91,0x00,0x00,0x00,0x00,0x08,0xff,0xcb,0xbb,0xef,0xff,0x80,  //.........%%+.........%@@#%%%#@@@%
0x00,0x00,0x00,0x00,0x20,0x00,0x00,0x00,0x00,0x00,0x00,0x8f,0xff,0xff,0xff,0xa3,0x00,  //........+.............%@@@@@@@%*.
0x00,0x00,0x00,0x00,0x00,0x00,0x00,0x00,0x00,0x00,0x00,0x00,0x36,0x76,0x30,0x00,0x00,  //........................*****....


/* 网 */
0x00,0x00,0x00,0x00,0x00,0x00,0x00,0x00,0x04,0x9b,0x50,0x00,  //.................*%%*...
0x00,0x00,0x00,0x00,0x00,0x33,0x78,0xbd,0xff,0xff,0xfc,0x20,  //..........***%%#@@@@@#+.
0x9b,0x77,0x7a,0xbc,0xff,0xcb,0xa7,0x63,0x33,0x4c,0xff,0xf4,  //%%***%%#@@#%%******#@@@*
0x5f,0xd7,0x73,0x32,0x00,0x00,0x00,0x00,0x00,0x01,0xff,0xf7,  //*@#****+...........+@@@*
0x2f,0xb0,0x00,0x00,0x00,0x00,0x00,0x00,0x00,0x00,0xef,0xf0,  //+@%.................#@@.
0x0f,0xb0,0x00,0x00,0x00,0x00,0x00,0x00,0x00,0x00,0xbf,0xb0,  //.@%.................%@%.
0x0f,0xb0,0x00,0x00,0x3c,0x50,0x00,0x07,0x50,0x00,0x8f,0xb0,  //.@%.....*#*....**...%@%.
0x0f,0xb0,0x00,0x00,0x3f,0xf5,0x00,0x09,0xfc,0x00,0x7f,0xb0,  //.@%.....*@@*...%@#..*@%.
0x0f,0xb0,0x00,0x00,0x4f,0xe0,0x00,0x09,0xf9,0x00,0x5f,0xb0,  //.@%.....*@#....%@%..*@%.
0x0f,0xb0,0x00,0x00,0x8f,0x50,0x00,0x0d,0xf2,0x00,0x3f,0xc0,  //.@%.....%@*....#@+..*@#.
0x0f,0xb0,0x61,0x00,0xdd,0x07,0x71,0x1f,0xb0,0x00,0x3f,0xf0,  //.@%.*+..##.**++@%...*@@.
0x0f,0xb0,0x6f,0x72,0xf5,0x00,0xcf,0xcf,0x50,0x00,0x0f,0xf0,  //.@%.*@*+@*..#@#@*....@@.
0x0f,0xb0,0x09,0xfe,0xe0,0x00,0x0b,0xff,0x40,0x00,0x0f,0xf0,  //.@%..%@##....%@@*....@@.
0x0f,0xb0,0x00,0x8f,0xe2,0x00,0x07,0xff,0xfa,0x00,0x0f,0xf2,  //.@%...%@#+...*@@@%...@@+
0x2f,0xb0,0x00,0xbf,0xfe,0x10,0x1e,0xb9,0xff,0xc0,0x0e,0xf3,  //+@%...%@@#+.+#%%@@#..#@*
0x3f,0xb0,0x03,0xf8,0xcf,0x70,0xae,0x00,0x9f,0xf3,0x0b,0xf3,  //*@%..*@%#@*.%#..%@@*.%@*
0x3f,0xb0,0x0d,0xc0,0x2d,0x74,0xc2,0x00,0x09,0xf2,0x0b,0xf7,  //*@%..##.+#**#+...%@+.%@*
0x3f,0x90,0x8c,0x00,0x00,0x19,0x00,0x00,0x00,0x20,0x0b,0xf7,  //*@%.%#....+%......+..%@*
0x7f,0x74,0x90,0x00,0x00,0x00,0x00,0x00,0x00,0x00,0x0b,0xf7,  //*@**%................%@*
0x7f,0x70,0x00,0x00,0x00,0x00,0x00,0x00,0x00,0x00,0x0b,0xfb,  //*@*..................%@%
0xaf,0x70,0x00,0x00,0x00,0x00,0x00,0x00,0x00,0x00,0x0b,0xfb,  //%@*..................%@%
0xbf,0x60,0x00,0x00,0x00,0x00,0x00,0x00,0x00,0x00,0x0b,0xfb,  //%@*..................%@%
0xef,0x30,0x00,0x00,0x00,0x00,0x00,0x00,0x00,0x00,0x0d,0xf8,  //#@*..................#@%
0xff,0x30,0x00,0x00,0x00,0x00,0x00,0x00,0x06,0x10,0x1f,0xf7,  //@@*..............*+.+@@*
0xff,0x00,0x00,0x00,0x00,0x00,0x00,0x00,0x05,0xfc,0xdf,0xf4,  //@@...............*@##@@*
0xcf,0x00,0x00,0x00,0x00,0x00,0x00,0x00,0x00,0x5f,0xff,0xf0,  //#@................*@@@@.
0x4a,0x00,0x00,0x00,0x00,0x00,0x00,0x00,0x00,0x08,0xff,0x90,  //*%.................%@@%.
0x00,0x00,0x00,0x00,0x00,0x00,0x00,0x00,0x00,0x00,0xcf,0x10,  //....................#@+.
0x00,0x00,0x00,0x00,0x00,0x00,0x00,0x00,0x00,0x00,0x24,0x00,  //....................+*..


/* 蓝 */
0x00,0x00,0x00,0x00,0x00,0x00,0x00,0x00,0x00,0x00,0x55,0x00,0x00,0x00,0x00,0x00,0x00,0x00,  //....................**.............
0x00,0x00,0x00,0x00,0x00,0x00,0x00,0x00,0x00,0x00,0x8f,0xd2,0x00,0x00,0x00,0x00,0x00,0x00,  //....................%@#+...........
0x00,0x00,0x00,0x00,0x00,0x3c,0x92,0x00,0x00,0x00,0x7f,0xe1,0x00,0x00,0x00,0x00,0x00,0x00,  //..........*#%+......*@#+...........
0x00,0x00,0x00,0x00,0x00,0x0a,0xfd,0x00,0x00,0x00,0x8f,0x70,0x00,0x00,0x00,0x00,0x00,0x00,  //...........%@#......%@*............
0x00,0x00,0x00,0x00,0x00,0x01,0xff,0x00,0x00,0x00,0xcf,0x45,0x79,0xba,0x50,0x00,0x00,0x00,  //...........+@@......#@***%%%*......
0x00,0x00,0x00,0x00,0x00,0x13,0xdf,0x9b,0xbe,0xff,0xff,0xff,0xff,0xff,0xf7,0x00,0x00,0x00,  //..........+*#@%%%#@@@@@@@@@@@*.....
0x00,0x00,0x0a,0xcf,0xff,0xff,0xff,0xc7,0x73,0x37,0xf1,0x00,0x00,0x00,0x21,0x00,0x00,0x00,  //.....%#@@@@@@@#*****@+......++.....
0x00,0x00,0x02,0x9b,0xa7,0x41,0x3f,0x30,0x00,0x0a,0x80,0x00,0x00,0x00,0x00,0x00,0x00,0x00,  //.....+%%%**+*@*....%%..............
0x00,0x00,0x00,0x00,0x00,0x00,0x0e,0x30,0x00,0x0d,0x00,0x00,0x00,0x00,0x00,0x00,0x00,0x00,  //.............#*....#...............
0x00,0x00,0x00,0x00,0x00,0x00,0x05,0x00,0x00,0x00,0x3e,0x90,0x00,0x00,0x00,0x00,0x00,0x00,  //.............*......*#%............
0x00,0x00,0x00,0x00,0x00,0x00,0x4a,0x50,0x00,0x00,0x4f,0xfa,0x00,0x00,0x00,0x00,0x00,0x00,  //............*%*.....*@@%...........
0x00,0x00,0x00,0x00,0x00,0x00,0x0e,0xfa,0x00,0x00,0x8f,0xe0,0x00,0x00,0x00,0x00,0x00,0x00,  //.............#@%....%@#............
0x00,0x00,0x00,0x01,0x95,0x00,0x09,0xf9,0x00,0x00,0xef,0x30,0x00,0x00,0x00,0x00,0x00,0x00,  //.......+%*...%@%....#@*............
0x00,0x00,0x00,0x00,0xcf,0x70,0x07,0xf7,0x00,0x05,0xfa,0x33,0x58,0xbf,0xe7,0x00,0x00,0x00,  //........#@*..*@*...*@%***%%@#*.....
0x00,0x00,0x00,0x00,0x7f,0x40,0x03,0xf7,0x00,0x0d,0xeb,0xff,0xff,0xff,0xb6,0x00,0x00,0x00,  //........*@*..*@*...##%@@@@@@%*.....
0x00,0x00,0x00,0x00,0x7f,0x30,0x03,0xf7,0x00,0x7e,0x20,0x03,0x33,0x00,0x00,0x00,0x00,0x00,  //........*@*..*@*..*#+..***.........
0x00,0x00,0x00,0x00,0x7f,0x30,0x03,0xf7,0x02,0xf4,0x05,0x50,0x00,0x00,0x00,0x00,0x00,0x00,  //........*@*..*@*.+@*.**............
0x00,0x00,0x00,0x00,0x9f,0x00,0x07,0xf7,0x0a,0x20,0x07,0xfe,0x50,0x00,0x00,0x00,0x00,0x00,  //........%@...*@*.%+..*@#*..........
0x00,0x00,0x00,0x00,0xaf,0x00,0x09,0xf6,0x00,0x00,0x00,0xbf,0xe0,0x00,0x00,0x00,0x00,0x00,  //........%@...%@*......%@#..........
0x00,0x00,0x00,0x00,0x4b,0x00,0x0b,0xf3,0x00,0x00,0x00,0x0a,0xf1,0x00,0x00,0x00,0x00,0x00,  //........*%...%@*.......%@+.........
0x00,0x00,0x00,0x00,0x00,0x00,0x05,0xf1,0x00,0x00,0x00,0x00,0x10,0x00,0x00,0x00,0x00,0x00,  //.............*@+........+..........
0x00,0x00,0x00,0x00,0x00,0x00,0x00,0x20,0x03,0x47,0x8b,0xdf,0xc5,0x00,0x00,0x00,0x00,0x00,  //..............+..***%%#@#*.........
0x00,0x00,0x00,0x01,0xba,0x77,0xbb,0xcf,0xff,0xff,0xb9,0x7b,0xff,0xc0,0x00,0x00,0x00,0x00,  //.......+%%**%%#@@@@@%%*%@@#........
0x00,0x00,0x00,0x00,0xcf,0xb7,0x7c,0x80,0x00,0x7f,0xa0,0x03,0xff,0xe1,0x00,0x00,0x00,0x00,  //........#@%**#%...*@%..*@@#+.......
0x00,0x00,0x00,0x00,0x3f,0xb0,0x07,0xd0,0x00,0x7f,0xc0,0x05,0xfe,0x10,0x00,0x00,0x00,0x00,  //........*@%..*#...*@#..*@#+........
0x00,0x00,0x00,0x00,0x0d,0xc0,0x07,0xf5,0x00,0x9f,0x30,0x09,0xf6,0x00,0x00,0x00,0x00,0x00,  //.........##..*@*..%@*..%@*.........
0x00,0x00,0x00,0x00,0x09,0xf0,0x03,0xf7,0x00,0xbb,0x00,0x0d,0xe0,0x00,0x00,0x00,0x00,0x00,  //.........%@..*@*..%%...##..........
0x00,0x00,0x00,0x00,0x05,0xf0,0x00,0xf7,0x00,0xf4,0x00,0x1f,0x90,0x00,0x00,0x00,0x00,0x00,  //.........*@...@*..@*..+@%..........
0x00,0x00,0x00,0x00,0x02,0xf3,0x00,0xc5,0x03,0xe3,0x47,0xaf,0xbb,0xbb,0xff,0xff,0xa2,0x00,  //.........+@*..#*.*#***%@%%%%@@@@%+.
0x00,0x00,0x03,0x33,0x77,0xfc,0xbb,0xef,0xff,0xff,0xff,0xff,0xbb,0xbb,0xbe,0xff,0xfe,0x00,  //.....*****@#%%#@@@@@@@@@%%%%%#@@@#.
0x05,0xff,0xff,0xff,0xff,0xcb,0xb7,0x77,0x43,0x31,0x00,0x00,0x00,0x00,0x00,0x01,0x33,0x00,  //.*@@@@@@@@#%%******+...........+**.
0x00,0x15,0x76,0x31,0x00,0x00,0x00,0x00,0x00,0x00,0x00,0x00,0x00,0x00,0x00,0x00,0x00,0x00,  //..+****+...........................


/* 账 */
0x00,0x00,0x00,0x00,0x00,0x00,0x00,0x00,0x06,0xc5,0x00,0x00,0x00,0x00,0x00,0x00,0x00,0x00,  //.................*#*................
0x00,0x00,0x00,0x00,0x00,0x00,0x00,0x00,0x00,0xff,0x80,0x00,0x00,0x00,0x00,0x00,0x00,0x00,  //..................@@%...............
0x00,0x00,0x00,0x00,0x00,0x02,0x20,0x00,0x00,0xbf,0x90,0x00,0x00,0x00,0x00,0x00,0x00,0x00,  //...........++.....%@%...............
0x00,0x01,0x00,0x00,0x37,0xcf,0xfd,0x20,0x00,0xaf,0x60,0x00,0x06,0xfa,0x20,0x00,0x00,0x00,  //...+....**#@@#+...%@*....*@%+.......
0x00,0x08,0xfb,0xed,0xb9,0x79,0xff,0xe0,0x00,0x7f,0x30,0x00,0x0c,0xff,0xd0,0x00,0x00,0x00,  //...%@%##%%*%@@#...*@*....#@@#.......
0x00,0x03,0xf8,0x00,0x00,0x00,0xdf,0x70,0x00,0x7f,0x30,0x00,0x6f,0xf7,0x00,0x00,0x00,0x00,  //...*@%......#@*...*@*...*@@*........
0x00,0x03,0xf7,0x00,0x00,0x00,0xbf,0x10,0x00,0x7f,0x30,0x02,0xef,0x50,0x00,0x00,0x00,0x00,  //...*@*......%@+...*@*..+#@*.........
0x00,0x00,0xf7,0x01,0x00,0x00,0xbf,0x00,0x00,0x7f,0x30,0x0e,0xe2,0x00,0x00,0x00,0x00,0x00,  //....@*.+....%@....*@*..##+..........
0x00,0x00,0xf7,0x06,0xf9,0x00,0xbf,0x00,0x00,0x7f,0x30,0xcc,0x20,0x00,0x00,0x00,0x00,0x00,  //....@*.*@%..%@....*@*.##+...........
0x00,0x00,0xf7,0x01,0xff,0x20,0xbb,0x00,0x00,0x6f,0x4c,0xa0,0x00,0x00,0x00,0x00,0x00,0x00,  //....@*.+@@+.%%....*@*#%.............
0x00,0x00,0xf7,0x00,0xff,0x00,0xbb,0x00,0x00,0x3f,0xe7,0x00,0x00,0x00,0x00,0x00,0x00,0x00,  //....@*..@@..%%....*@#*..............
0x00,0x01,0xf7,0x00,0xfb,0x00,0xbb,0x00,0x00,0x3f,0x60,0x00,0x00,0x00,0x20,0x00,0x00,0x00,  //...+@*..@%..%%....*@*.......+.......
0x00,0x03,0xf7,0x00,0xfb,0x00,0xbb,0x00,0x00,0x3f,0x30,0x02,0x59,0xcf,0xff,0xb0,0x00,0x00,  //...*@*..@%..%%....*@*..+*%#@@@%.....
0x00,0x03,0xf7,0x00,0xf9,0x00,0xbb,0x00,0x00,0x3f,0x8b,0xff,0xfe,0xb8,0x63,0x00,0x00,0x00,  //...*@*..@%..%%....*@%%@@@#%%**......
0x00,0x03,0xf5,0x00,0xf7,0x00,0xfb,0x07,0x9b,0xff,0xea,0x73,0x00,0x00,0x00,0x00,0x00,0x00,  //...*@*..@*..@%.*%%@@#%**............
0x00,0x06,0xf3,0x01,0xf7,0x00,0xfb,0x05,0xb8,0x9f,0xe5,0x00,0x00,0x00,0x00,0x00,0x00,0x00,  //...*@*.+@*..@%.*%%%@#*..............
0x00,0x08,0xf3,0x03,0xf5,0x01,0xfa,0x00,0x00,0x3f,0x6e,0x50,0x00,0x00,0x00,0x00,0x00,0x00,  //...%@*.*@*.+@%....*@*#*.............
0x00,0x0b,0xf3,0x05,0xf3,0x05,0xf7,0x00,0x00,0x3f,0x34,0xf7,0x00,0x00,0x00,0x00,0x00,0x00,  //...%@*.*@*.*@*....*@**@*............
0x00,0x0b,0xf0,0x07,0xf1,0x07,0xf7,0x00,0x00,0x3f,0x30,0x7f,0x90,0x00,0x00,0x00,0x00,0x00,  //...%@..*@+.*@*....*@*.*@%...........
0x00,0x0a,0xf0,0x0b,0xe0,0x04,0xf3,0x00,0x00,0x3f,0x30,0x0a,0xf9,0x00,0x00,0x00,0x00,0x00,  //...%@..%#..*@*....*@*..%@%..........
0x00,0x03,0xa0,0x0e,0xa0,0x00,0x90,0x00,0x00,0x3f,0x30,0x00,0xcf,0xc1,0x00,0x00,0x00,0x00,  //...*%..#%...%.....*@*...#@#+........
0x00,0x00,0x00,0x4f,0x63,0x40,0x00,0x00,0x00,0x3f,0x30,0x00,0x2e,0xfe,0x60,0x00,0x00,0x00,  //......*@***.......*@*...+#@#*.......
0x00,0x00,0x00,0x9f,0x13,0xfc,0x30,0x00,0x00,0x7f,0x30,0x00,0x04,0xff,0xfd,0x50,0x00,0x00,  //......%@+*@#*.....*@*....*@@@#*.....
0x00,0x00,0x01,0xfa,0x00,0x9f,0xf5,0x00,0x00,0x7f,0x30,0x00,0x00,0x6f,0xff,0xfe,0x82,0x00,  //.....+@%..%@@*....*@*.....*@@@@#%+..
0x00,0x00,0x09,0xf3,0x00,0x0d,0xff,0x10,0x00,0x7f,0x30,0x00,0x00,0x06,0xff,0xff,0xff,0x60,  //.....%@*...#@@+...*@*......*@@@@@@*.
0x00,0x00,0x3f,0x80,0x00,0x03,0xff,0x70,0x00,0x7f,0x30,0x05,0x91,0x00,0x03,0x33,0x10,0x00,  //....*@%....*@@*...*@*..*%+...***+...
0x00,0x00,0xdc,0x00,0x00,0x00,0x7f,0x70,0x00,0x7f,0x35,0xdc,0x00,0x00,0x00,0x00,0x00,0x00,  //....##......*@*...*@**##............
0x00,0x09,0xe2,0x00,0x00,0x00,0x08,0x20,0x00,0xbf,0xff,0x90,0x00,0x00,0x00,0x00,0x00,0x00,  //...%#+.......%+...%@@@%.............
0x00,0x8c,0x20,0x00,0x00,0x00,0x00,0x00,0x01,0xff,0xf9,0x00,0x00,0x00,0x00,0x00,0x00,0x00,  //..%#+............+@@@%..............
0x05,0x80,0x00,0x00,0x00,0x00,0x00,0x00,0x03,0xff,0xa0,0x00,0x00,0x00,0x00,0x00,0x00,0x00,  //.*%..............*@@%...............
0x03,0x00,0x00,0x00,0x00,0x00,0x00,0x00,0x00,0xdd,0x00,0x00,0x00,0x00,0x00,0x00,0x00,0x00,  //.*................##................
0x00,0x00,0x00,0x00,0x00,0x00,0x00,0x00,0x00,0x11,0x00,0x00,0x00,0x00,0x00,0x00,0x00,0x00,  //..................++................


/* 通 */
0x00,0x00,0x00,0x00,0x00,0x00,0x00,0x00,0x00,0x00,0x02,0x9f,0xfd,0x30,0x00,0x00,0x00,0x00,  //.....................+%@@#*........
0x00,0x00,0x00,0x00,0x00,0x00,0x00,0x00,0x03,0x6a,0xef,0xed,0xff,0xf5,0x00,0x00,0x00,0x00,  //.................**%#@##@@@*.......
0x00,0x00,0x00,0x00,0x00,0x00,0x0d,0xff,0xff,0xe9,0x51,0x07,0xff,0xfe,0x00,0x00,0x00,0x00,  //.............#@@@@#%*+.*@@@#.......
0x00,0x00,0x77,0x40,0x00,0x00,0x00,0x7b,0x92,0x00,0x00,0x2f,0xfb,0x40,0x00,0x00,0x00,0x00,  //....***.......*%%+....+@@%*........
0x00,0x00,0x7f,0xfe,0x40,0x00,0x00,0x00,0x00,0x00,0x00,0xee,0x40,0x00,0x00,0x00,0x00,0x00,  //....*@@#*.............##*..........
0x00,0x00,0x09,0xff,0xc0,0x00,0x00,0x00,0x0a,0xb8,0x3c,0xa0,0x00,0x00,0x00,0x00,0x00,0x00,  //.....%@@#........%%%*#%............
0x00,0x00,0x00,0x5f,0xe0,0x00,0x00,0x00,0x02,0xef,0xf6,0x00,0x00,0x00,0x00,0x00,0x00,0x00,  //......*@#........+#@@*.............
0x00,0x00,0x00,0x01,0x20,0x00,0x00,0x00,0x00,0x0b,0xf1,0x28,0xed,0x70,0x00,0x00,0x00,0x00,  //.......++..........%@++%##*........
0x00,0x00,0x00,0x00,0x00,0x00,0x00,0x00,0x00,0x37,0xce,0xbb,0xef,0xf9,0x00,0x00,0x00,0x00,  //..................**##%%#@@%.......
0x00,0x00,0x00,0x00,0x00,0x00,0x0e,0xcb,0xcd,0xcf,0xc0,0x00,0x6f,0xf5,0x00,0x00,0x00,0x00,  //.............##%###@#...*@@*.......
0x00,0x00,0x00,0x00,0x00,0x00,0x09,0xf9,0x00,0x3f,0xf0,0x00,0x2f,0xf3,0x00,0x00,0x00,0x00,  //.............%@%..*@@...+@@*.......
0x00,0x00,0x00,0x10,0x00,0x00,0x04,0xf7,0x00,0x0f,0xd0,0x00,0x0f,0xf1,0x00,0x00,0x00,0x00,  //......+......*@*...@#....@@+.......
0x00,0x00,0x1c,0xfb,0x20,0x00,0x03,0xf7,0x00,0x0f,0xeb,0xa1,0x0c,0xf0,0x00,0x00,0x00,0x00,  //....+#@%+....*@*...@#%%+.#@........
0x02,0x7b,0xff,0xff,0xd0,0x00,0x03,0xf7,0x49,0xef,0xfe,0x70,0x0b,0xf3,0x00,0x00,0x00,0x00,  //.+*%@@@@#....*@**%#@@#*..%@*.......
0x00,0x89,0x35,0xfe,0x10,0x00,0x03,0xf7,0x13,0x7f,0xa0,0x00,0x0a,0xf3,0x00,0x00,0x00,0x00,  //..%%**@#+....*@*+**@%....%@*.......
0x00,0x00,0x06,0xf6,0x00,0x00,0x03,0xf7,0x00,0x0f,0x70,0x00,0x07,0xf5,0x00,0x00,0x00,0x00,  //.....*@*.....*@*...@*....*@*.......
0x00,0x00,0x07,0xf0,0x00,0x00,0x03,0xf7,0x00,0x0f,0xb9,0xb8,0x07,0xf7,0x00,0x00,0x00,0x00,  //.....*@......*@*...@%%%%.*@*.......
0x00,0x00,0x06,0xf3,0x00,0x00,0x05,0xf7,0x5b,0xff,0xfe,0xa3,0x07,0xf8,0x00,0x00,0x00,0x00,  //.....*@*.....*@**%@@@#%*.*@%.......
0x00,0x00,0x01,0xf9,0x00,0x00,0x07,0xf3,0x04,0x7f,0x80,0x00,0x07,0xfb,0x00,0x00,0x00,0x00,  //.....+@%.....*@*.**@%....*@%.......
0x00,0x00,0x00,0xcf,0x00,0x00,0x0b,0xf3,0x00,0x0f,0x70,0x00,0x07,0xfb,0x00,0x00,0x00,0x00,  //......#@.....%@*...@*....*@%.......
0x00,0x00,0x00,0xac,0x00,0x00,0x0b,0xf1,0x00,0x0f,0x60,0x00,0x07,0xfb,0x00,0x00,0x00,0x00,  //......%#.....%@+...@*....*@%.......
0x00,0x00,0x00,0x98,0x00,0x00,0x0a,0xe0,0x00,0x0f,0x30,0x20,0x0a,0xfb,0x00,0x00,0x00,0x00,  //......%%.....%#....@*.+..%@%.......
0x00,0x00,0x24,0xd9,0x40,0x00,0x05,0xa0,0x00,0x0f,0x10,0x5e,0xff,0xfa,0x00,0x00,0x00,0x00,  //....+*#%*....*%....@+.*#@@@%.......
0x3b,0xcf,0xfe,0xbb,0xcf,0xb6,0x20,0x10,0x00,0x0d,0x00,0x02,0xef,0xf5,0x00,0x00,0x00,0x00,  //*%#@@#%%#@%*+.+....#...+#@@*.......
0x08,0xfe,0x70,0x00,0x00,0x6c,0xfd,0x94,0x00,0x02,0x00,0x00,0x3f,0xd0,0x00,0x00,0x00,0x00,  //.%@#*.....*#@#%*...+....*@#........
0x00,0x10,0x00,0x00,0x00,0x00,0x29,0xff,0xfb,0x62,0x00,0x00,0x09,0x20,0x00,0x00,0x00,0x00,  //..+.........+%@@@%*+.....%+........
0x00,0x00,0x00,0x00,0x00,0x00,0x00,0x17,0xef,0xff,0xfc,0xb7,0x77,0x43,0x33,0x33,0x32,0x00,  //..............+*#@@@@#%**********+.
0x00,0x00,0x00,0x00,0x00,0x00,0x00,0x00,0x05,0xdf,0xff,0xff,0xff,0xff,0xff,0xfe,0x93,0x00,  //.................*#@@@@@@@@@@@@#%*.
0x00,0x00,0x00,0x00,0x00,0x00,0x00,0x00,0x00,0x05,0xcf,0xff,0xff,0xff,0xd9,0x40,0x00,0x00,  //...................*#@@@@@@@#%*....
0x00,0x00,0x00,0x00,0x00,0x00,0x00,0x00,0x00,0x00,0x02,0x8b,0xb7,0x51,0x00,0x00,0x00,0x00,  //.....................+%%%**+.......


/* 面 */
0x00,0x00,0x00,0x00,0x00,0x00,0x00,0x00,0x00,0x16,0xab,0x70,0x00,0x00,0x00,  //..................+*%%*......
0x00,0x00,0x00,0x00,0x00,0x00,0x00,0x36,0x9d,0xff,0xff,0xf5,0x00,0x00,0x00,  //..............**%#@@@@@*.....
0x00,0x00,0x00,0x57,0x77,0x9b,0xef,0xff,0xff,0xfb,0x96,0x20,0x00,0x00,0x00,  //......****%%#@@@@@@%%*+......
0x00,0x00,0x00,0x8f,0xff,0xff,0xff,0xa6,0x30,0x00,0x00,0x00,0x00,0x00,0x00,  //......%@@@@@@@%**............
0x00,0x00,0x00,0x01,0x32,0x03,0xff,0xd0,0x00,0x00,0x00,0x00,0x00,0x00,0x00,  //.......+*+.*@@#..............
0x00,0x00,0x00,0x00,0x00,0x06,0xff,0xb0,0x00,0x00,0x00,0x00,0x00,0x00,0x00,  //...........*@@%..............
0x00,0x00,0x00,0x00,0x00,0x0a,0xf9,0x00,0x00,0x00,0x00,0x00,0x00,0x00,0x00,  //...........%@%...............
0x00,0x00,0x00,0x00,0x00,0x1f,0xa0,0x00,0x00,0x00,0x00,0x00,0x00,0x00,0x00,  //..........+@%................
0x00,0x00,0x00,0x00,0x00,0xbc,0x00,0x00,0x00,0x00,0x00,0x37,0x73,0x00,0x00,  //..........%#..........****...
0x00,0x00,0x00,0x00,0x04,0xe1,0x00,0x00,0x36,0x7b,0xdf,0xff,0xff,0x90,0x00,  //.........*#+....***%#@@@@@%..
0x03,0x10,0x00,0x00,0x2d,0xa7,0xab,0xff,0xff,0xb7,0x74,0x34,0xff,0xfc,0x00,  //.*+.....+#%*%%@@@@%*****@@@#.
0x1f,0xfc,0xbc,0xff,0xdf,0xe7,0x74,0x31,0xff,0x60,0x00,0x00,0xbf,0xff,0x60,  //+@@#%#@@#@#****+@@*.....%@@@*
0x0a,0xff,0x73,0x00,0x0e,0xf0,0x00,0x00,0xbf,0xe0,0x00,0x00,0xbf,0xfd,0x00,  //.%@@**...#@.....%@#.....%@@#.
0x04,0xff,0x40,0x00,0x09,0xf3,0x01,0x30,0xbf,0x90,0x00,0x00,0xbf,0xf5,0x00,  //.*@@*....%@*.+*.%@%.....%@@*.
0x00,0xff,0x70,0x00,0x06,0xfc,0xef,0xf5,0xbf,0x40,0x00,0x00,0xbf,0xf0,0x00,  //..@@*....*@##@@*%@*.....%@@..
0x00,0xbf,0x70,0x00,0x03,0xf9,0x63,0x10,0xbf,0x20,0x00,0x00,0xbf,0xc0,0x00,  //..%@*....*@%**+.%@+.....%@#..
0x00,0x7f,0x90,0x00,0x03,0xf3,0x00,0x00,0xbf,0x00,0x00,0x00,0xef,0xa0,0x00,  //..*@%....*@*....%@......#@%..
0x00,0x6f,0xb0,0x00,0x03,0xf3,0x00,0x10,0xbf,0x00,0x00,0x00,0xff,0x70,0x00,  //..*@%....*@*..+.%@......@@*..
0x00,0x3f,0xb0,0x00,0x03,0xfc,0xcf,0xf2,0xbb,0x00,0x00,0x02,0xff,0x60,0x00,  //..*@%....*@##@@+%%.....+@@*..
0x00,0x3f,0xb0,0x00,0x03,0xf9,0x77,0x20,0xbb,0x00,0x00,0x04,0xff,0x30,0x00,  //..*@%....*@%**+.%%.....*@@*..
0x00,0x0f,0xf0,0x00,0x03,0xf3,0x00,0x00,0xeb,0x00,0x00,0x07,0xff,0x30,0x00,  //...@@....*@*....#%.....*@@*..
0x00,0x0f,0xf0,0x00,0x03,0xf3,0x00,0x00,0xf7,0x00,0x00,0x0c,0xff,0x00,0x00,  //...@@....*@*....@*.....#@@...
0x00,0x0f,0xf0,0x00,0x03,0xf3,0x03,0x37,0xfd,0xbb,0xb6,0x0f,0xfd,0x00,0x00,  //...@@....*@*.***@#%%%*.@@#...
0x00,0x0d,0xf7,0x77,0xac,0xff,0xfc,0xbb,0x97,0x77,0x7f,0xbf,0xf9,0x00,0x00,  //...#@***%#@@@#%%%****@%@@%...
0x00,0x0b,0xf7,0x74,0x33,0x00,0x00,0x00,0x00,0x00,0x0a,0xff,0xf4,0x00,0x00,  //...%@*****...........%@@@*...
0x00,0x06,0xb0,0x00,0x00,0x00,0x00,0x00,0x00,0x00,0x06,0xff,0xd0,0x00,0x00,  //...*%................*@@#....
0x00,0x00,0x20,0x00,0x00,0x00,0x00,0x00,0x00,0x00,0x03,0xff,0x40,0x00,0x00,  //....+................*@@*....
0x00,0x00,0x00,0x00,0x00,0x00,0x00,0x00,0x00,0x00,0x00,0xc5,0x00,0x00,0x00,  //......................#*.....


/* 音 */
0x00,0x00,0x00,0x00,0x00,0x00,0x00,0x07,0x61,0x00,0x00,0x00,0x00,0x00,0x00,0x00,0x00,  //...............**+...............
0x00,0x00,0x00,0x00,0x00,0x00,0x00,0x0c,0xff,0x50,0x00,0x00,0x00,0x00,0x00,0x00,0x00,  //...............#@@*..............
0x00,0x00,0x00,0x00,0x00,0x00,0x00,0x02,0xef,0xd0,0x00,0x00,0x00,0x00,0x00,0x00,0x00,  //...............+#@#..............
0x00,0x00,0x00,0x00,0x00,0x00,0x00,0x00,0x4f,0xb0,0x00,0x00,0x00,0x00,0x00,0x00,0x00,  //................*@%..............
0x00,0x00,0x00,0x00,0x00,0x00,0x00,0x00,0x01,0x20,0x14,0x7b,0xb6,0x00,0x00,0x00,0x00,  //.................++.+**%%*.......
0x00,0x00,0x00,0x00,0x00,0x00,0x00,0x00,0x37,0xbe,0xff,0xff,0xfb,0x00,0x00,0x00,0x00,  //................**%#@@@@@%.......
0x00,0x00,0x00,0x00,0x00,0x13,0x7a,0xdf,0xff,0xff,0xdb,0x85,0x10,0x00,0x00,0x00,0x00,  //..........+**%#@@@@@#%%*+........
0x00,0x00,0x00,0x00,0x0a,0xff,0xff,0xfc,0x96,0x34,0xfb,0x00,0x00,0x00,0x00,0x00,0x00,  //.........%@@@@@#%***@%...........
0x00,0x00,0x00,0x00,0x00,0x23,0x32,0x00,0x00,0x03,0xff,0x90,0x00,0x00,0x00,0x00,0x00,  //..........+**+.....*@@%..........
0x00,0x00,0x00,0x00,0x00,0x08,0x91,0x00,0x00,0x05,0xfd,0x00,0x00,0x00,0x00,0x00,0x00,  //...........%%+.....*@#...........
0x00,0x00,0x00,0x00,0x00,0x06,0xfe,0x20,0x00,0x09,0xf3,0x00,0x00,0x00,0x00,0x00,0x00,  //...........*@#+....%@*...........
0x00,0x00,0x00,0x00,0x00,0x00,0xdf,0xa0,0x00,0x0d,0x80,0x00,0x00,0x00,0x00,0x00,0x00,  //............#@%....#%............
0x00,0x00,0x00,0x00,0x00,0x00,0x2f,0x90,0x00,0x3e,0x00,0x00,0x01,0x34,0x77,0x40,0x00,  //............+@%...*#.....+*****..
0x00,0x00,0x00,0x00,0x00,0x00,0x02,0x00,0x03,0xab,0x8b,0xbe,0xff,0xff,0xff,0xff,0x70,  //.............+...*%%%%%#@@@@@@@@*
0x00,0x00,0x00,0x00,0x02,0x37,0x7b,0xcf,0xff,0xff,0xcb,0xbb,0xbb,0xbd,0xff,0xff,0xf0,  //.........+***%#@@@@@#%%%%%%#@@@@@
0x03,0x37,0x7a,0xbe,0xff,0xff,0xcb,0x76,0x32,0x00,0x00,0x00,0x00,0x00,0x00,0x00,0x00,  //.****%%#@@@@#%***+...............
0x09,0xff,0xff,0xfc,0x95,0x30,0x00,0x00,0x00,0x00,0x00,0x00,0x00,0x00,0x00,0x00,0x00,  //.%@@@@@#%**......................
0x00,0x39,0x73,0x00,0x00,0x00,0x00,0x00,0x00,0x00,0x67,0x30,0x00,0x00,0x00,0x00,0x00,  //..*%**..............***..........
0x00,0x00,0x00,0x00,0x00,0x00,0x00,0x01,0x47,0xcf,0xff,0xfb,0x10,0x00,0x00,0x00,0x00,  //...............+**#@@@@%+........
0x00,0x00,0x00,0x00,0x01,0xbb,0xbb,0xfe,0xb9,0x76,0x7e,0xff,0xd0,0x00,0x00,0x00,0x00,  //.........+%%%%@#%%***#@@#........
0x00,0x00,0x00,0x00,0x00,0xcf,0xb3,0x00,0x00,0x00,0x08,0xff,0x70,0x00,0x00,0x00,0x00,  //..........#@%*.......%@@*........
0x00,0x00,0x00,0x00,0x00,0x7f,0x70,0x00,0x00,0x00,0x05,0xff,0x00,0x00,0x00,0x00,0x00,  //..........*@*........*@@.........
0x00,0x00,0x00,0x00,0x00,0x5f,0x70,0x00,0x00,0x00,0x03,0xfc,0x00,0x00,0x00,0x00,0x00,  //..........*@*........*@#.........
0x00,0x00,0x00,0x00,0x00,0x3f,0x84,0x7b,0xdf,0xf7,0x03,0xfb,0x00,0x00,0x00,0x00,0x00,  //..........*@%**%#@@*.*@%.........
0x00,0x00,0x00,0x00,0x00,0x3f,0xdb,0xbb,0xb8,0x50,0x03,0xfb,0x00,0x00,0x00,0x00,0x00,  //..........*@#%%%%%*..*@%.........
0x00,0x00,0x00,0x00,0x00,0x3f,0x70,0x00,0x00,0x00,0x04,0xfb,0x00,0x00,0x00,0x00,0x00,  //..........*@*........*@%.........
0x00,0x00,0x00,0x00,0x00,0x3f,0x70,0x00,0x00,0x00,0x07,0xfb,0x00,0x00,0x00,0x00,0x00,  //..........*@*........*@%.........
0x00,0x00,0x00,0x00,0x00,0x3f,0x70,0x00,0x00,0x00,0x08,0xfe,0x00,0x00,0x00,0x00,0x00,  //..........*@*........%@#.........
0x00,0x00,0x00,0x00,0x00,0x3f,0x96,0x7b,0xcf,0xff,0xbd,0xfc,0x00,0x00,0x00,0x00,0x00,  //..........*@%**%#@@@%#@#.........
0x00,0x00,0x00,0x00,0x00,0x3f,0xeb,0xa7,0x76,0x36,0xcf,0xfa,0x00,0x00,0x00,0x00,0x00,  //..........*@#%%*****#@@%.........
0x00,0x00,0x00,0x00,0x00,0x0e,0x80,0x00,0x00,0x00,0x1f,0xf5,0x00,0x00,0x00,0x00,0x00,  //...........#%.......+@@*.........
0x00,0x00,0x00,0x00,0x00,0x02,0x10,0x00,0x00,0x00,0x09,0xe0,0x00,0x00,0x00,0x00,0x00,  //...........++........%#..........
0x00,0x00,0x00,0x00,0x00,0x00,0x00,0x00,0x00,0x00,0x01,0x40,0x00,0x00,0x00,0x00,0x00,  //.....................+*..........


/*  */
0x00,0x00,0x00,0x00,0x01,0x9e,0xff,0xfb,0x50,0x00,0x00,0x00,0x00,  //.........+%#@@@%*.........
0x00,0x00,0x00,0x00,0x7f,0xff,0xff,0xff,0xfc,0x20,0x00,0x00,0x00,  //........*@@@@@@@@#+.......
0x00,0x00,0x00,0x09,0xff,0xff,0xff,0xff,0xff,0xe2,0x00,0x00,0x00,  //.......%@@@@@@@@@@#+......
0x00,0x00,0x00,0x6f,0xff,0xff,0xff,0xff,0xff,0xfc,0x00,0x00,0x00,  //......*@@@@@@@@@@@@#......
0x00,0x00,0x00,0xef,0xff,0xff,0xff,0xff,0xff,0xff,0x50,0x00,0x00,  //......#@@@@@@@@@@@@@*.....
0x00,0x00,0x05,0xff,0xff,0xff,0xff,0xff,0xff,0xff,0xc0,0x00,0x00,  //.....*@@@@@@@@@@@@@@#.....
0x00,0x00,0x09,0xff,0xff,0xff,0xff,0xff,0xff,0xff,0xf0,0x00,0x00,  //.....%@@@@@@@@@@@@@@@.....
0x00,0x00,0x0b,0xff,0xff,0xff,0xff,0xff,0xff,0xff,0xf2,0x00,0x00,  //.....%@@@@@@@@@@@@@@@+....
0x00,0x00,0x0b,0xff,0xff,0xff,0xff,0xff,0xff,0xff,0xf1,0x00,0x00,  //.....%@@@@@@@@@@@@@@@+....
0x00,0x00,0x08,0xff,0xff,0xff,0xff,0xff,0xff,0xff,0xf0,0x00,0x00,  //.....%@@@@@@@@@@@@@@@.....
0x00,0x00,0x04,0xff,0xff,0xff,0xff,0xff,0xff,0xff,0xa0,0x00,0x00,  //.....*@@@@@@@@@@@@@@%.....
0x00,0x00,0x00,0xdf,0xff,0xff,0xff,0xff,0xff,0xff,0x30,0x00,0x00,  //......#@@@@@@@@@@@@@*.....
0x00,0x00,0x00,0x3f,0xff,0xff,0xff,0xff,0xff,0xf9,0x00,0x00,0x00,  //......*@@@@@@@@@@@@%......
0x00,0x00,0x00,0x05,0xff,0xff,0xff,0xff,0xff,0xc0,0x00,0x00,0x00,  //.......*@@@@@@@@@@#.......
0x00,0x00,0x16,0x70,0x3d,0xff,0xff,0xff,0xf7,0x04,0x72,0x00,0x00,  //....+**.*#@@@@@@@*.**+....
0x00,0x07,0xff,0xfc,0x20,0x49,0xbb,0xa6,0x10,0x8f,0xff,0xb1,0x00,  //...*@@@#+.*%%%%*+.%@@@%+..
0x00,0x8f,0xff,0xff,0xf9,0x40,0x00,0x02,0x6d,0xff,0xff,0xfe,0x00,  //..%@@@@@@%*....+*#@@@@@#..
0x03,0xff,0xff,0xff,0xff,0xff,0xff,0xff,0xff,0xff,0xff,0xff,0xa0,  //.*@@@@@@@@@@@@@@@@@@@@@@%.
0x0b,0xff,0xff,0xff,0xff,0xff,0xff,0xff,0xff,0xff,0xff,0xff,0xf1,  //.%@@@@@@@@@@@@@@@@@@@@@@@+
0x1f,0xff,0xff,0xff,0xff,0xff,0xff,0xff,0xff,0xff,0xff,0xff,0xf8,  //+@@@@@@@@@@@@@@@@@@@@@@@@%
0x5f,0xff,0xff,0xff,0xff,0xff,0xff,0xff,0xff,0xff,0xff,0xff,0xfc,  //*@@@@@@@@@@@@@@@@@@@@@@@@#
0x9f,0xff,0xff,0xff,0xff,0xff,0xff,0xff,0xff,0xff,0xff,0xff,0xff,  //%@@@@@@@@@@@@@@@@@@@@@@@@@
0xbf,0xff,0xff,0xff,0xff,0xff,0xff,0xff,0xff,0xff,0xff,0xff,0xff,  //%@@@@@@@@@@@@@@@@@@@@@@@@@
0xef,0xff,0xff,0xff,0xff,0xff,0xff,0xff,0xff,0xff,0xff,0xff,0xff,  //#@@@@@@@@@@@@@@@@@@@@@@@@@
0xff,0xff,0xff,0xff,0xff,0xff,0xff,0xff,0xff,0xff,0xff,0xff,0xff,  //@@@@@@@@@@@@@@@@@@@@@@@@@@
0xff,0xff,0xff,0xff,0xff,0xff,0xff,0xff,0xff,0xff,0xff,0xff,0xff,  //@@@@@@@@@@@@@@@@@@@@@@@@@@
0xff,0xff,0xff,0xff,0xff,0xff,0xff,0xff,0xff,0xff,0xff,0xff,0xff,  //@@@@@@@@@@@@@@@@@@@@@@@@@@
0xdf,0xff,0xff,0xff,0xff,0xff,0xff,0xff,0xff,0xff,0xff,0xff,0xff,  //#@@@@@@@@@@@@@@@@@@@@@@@@@
0x9f,0xff,0xff,0xff,0xff,0xff,0xff,0xff,0xff,0xff,0xff,0xff,0xfe,  //%@@@@@@@@@@@@@@@@@@@@@@@@#
0x1e,0xff,0xff,0xff,0xff,0xff,0xff,0xff,0xff,0xff,0xff,0xff,0xf7,  //+#@@@@@@@@@@@@@@@@@@@@@@@*
0x05,0xef,0xff,0xff,0xff,0xff,0xff,0xff,0xff,0xff,0xff,0xff,0x90,  //.*#@@@@@@@@@@@@@@@@@@@@@%.
0x00,0x17,0xbb,0xbb,0xbb,0xbb,0xbb,0xbb,0xbb,0xbb,0xbb,0x95,0x00,  //..+*%%%%%%%%%%%%%%%%%%%*..


/*  */
0x1c,0xff,0xff,0xff,0xff,0xff,0xff,0xb0,0x00,0x06,0xff,0xff,0xff,0xff,0xff,0xff,0xe5,  //+#@@@@@@@@@@@@%....*@@@@@@@@@@@@#*
0xbf,0xff,0xff,0xff,0xff,0xff,0xff,0xf9,0x00,0x3f,0xff,0xff,0xff,0xff,0xff,0xff,0xff,  //%@@@@@@@@@@@@@@%..*@@@@@@@@@@@@@@@
0xff,0xff,0xff,0xff,0xff,0xff,0xff,0xfb,0x00,0x7f,0xff,0xff,0xff,0xff,0xff,0xff,0xff,  //@@@@@@@@@@@@@@@%..*@@@@@@@@@@@@@@@
0xff,0xff,0xff,0xff,0xff,0xff,0xff,0xfb,0x00,0x7f,0xff,0xff,0xff,0xff,0xff,0xff,0xff,  //@@@@@@@@@@@@@@@%..*@@@@@@@@@@@@@@@
0xff,0xff,0xff,0xff,0xff,0xff,0xff,0xfb,0x00,0x7f,0xff,0xff,0xff,0xff,0xff,0xff,0xff,  //@@@@@@@@@@@@@@@%..*@@@@@@@@@@@@@@@
0xff,0xff,0xff,0xff,0xff,0xff,0xff,0xfb,0x00,0x7f,0xff,0xff,0xff,0xff,0xff,0xff,0xff,  //@@@@@@@@@@@@@@@%..*@@@@@@@@@@@@@@@
0xff,0xff,0xff,0xff,0xff,0xff,0xff,0xfb,0x00,0x7f,0xff,0xff,0xff,0xff,0xff,0xff,0xff,  //@@@@@@@@@@@@@@@%..*@@@@@@@@@@@@@@@
0xff,0xff,0xff,0xff,0xff,0xff,0xff,0xfb,0x00,0x7f,0xff,0xff,0xff,0xff,0xff,0xff,0xff,  //@@@@@@@@@@@@@@@%..*@@@@@@@@@@@@@@@
0xff,0xff,0xff,0xff,0xff,0xff,0xff,0xfb,0x00,0x7f,0xff,0xff,0xff,0xff,0xff,0xff,0xff,  //@@@@@@@@@@@@@@@%..*@@@@@@@@@@@@@@@
0xff,0xff,0xff,0xff,0xff,0xff,0xff,0xfb,0x00,0x7f,0xff,0xff,0xff,0xff,0xff,0xff,0xff,  //@@@@@@@@@@@@@@@%..*@@@@@@@@@@@@@@@
0xff,0xff,0xff,0xff,0xff,0xff,0xff,0xfb,0x00,0x7f,0xff,0xff,0xff,0xff,0xff,0xff,0xff,  //@@@@@@@@@@@@@@@%..*@@@@@@@@@@@@@@@
0xbf,0xff,0xff,0xff,0xff,0xff,0xff,0xf9,0x00,0x3f,0xff,0xff,0xff,0xff,0xff,0xff,0xff,  //%@@@@@@@@@@@@@@%..*@@@@@@@@@@@@@@@
0x2d,0xff,0xff,0xff,0xff,0xff,0xff,0xb0,0x00,0x08,0xff,0xff,0xff,0xff,0xff,0xff,0xe5,  //+#@@@@@@@@@@@@%....%@@@@@@@@@@@@#*
0x00,0x23,0x33,0x33,0x33,0x33,0x31,0x00,0x00,0x00,0x03,0x33,0x33,0x33,0x33,0x33,0x00,  //..+**********+.......***********..
0x00,0x00,0x00,0x00,0x00,0x00,0x00,0x00,0x00,0x00,0x00,0x00,0x00,0x00,0x00,0x00,0x00,  //..................................
0x00,0x33,0x33,0x33,0x33,0x33,0x33,0x00,0x00,0x00,0x13,0x33,0x33,0x33,0x33,0x33,0x10,  //..************......+***********+.
0x2e,0xff,0xff,0xff,0xff,0xff,0xff,0xc0,0x00,0x09,0xff,0xff,0xff,0xff,0xff,0xff,0xf5,  //+#@@@@@@@@@@@@#....%@@@@@@@@@@@@@*
0xdf,0xff,0xff,0xff,0xff,0xff,0xff,0xfa,0x00,0x5f,0xff,0xff,0xff,0xff,0xff,0xff,0xff,  //#@@@@@@@@@@@@@@%..*@@@@@@@@@@@@@@@
0xff,0xff,0xff,0xff,0xff,0xff,0xff,0xfb,0x00,0x7f,0xff,0xff,0xff,0xff,0xff,0xff,0xff,  //@@@@@@@@@@@@@@@%..*@@@@@@@@@@@@@@@
0xff,0xff,0xff,0xff,0xff,0xff,0xff,0xfb,0x00,0x7f,0xff,0xff,0xff,0xff,0xff,0xff,0xff,  //@@@@@@@@@@@@@@@%..*@@@@@@@@@@@@@@@
0xff,0xff,0xff,0xff,0xff,0xff,0xff,0xfb,0x00,0x7f,0xff,0xff,0xff,0xff,0xff,0xff,0xff,  //@@@@@@@@@@@@@@@%..*@@@@@@@@@@@@@@@
0xff,0xff,0xff,0xff,0xff,0xff,0xff,0xfb,0x00,0x7f,0xff,0xff,0xff,0xff,0xff,0xff,0xff,  //@@@@@@@@@@@@@@@%..*@@@@@@@@@@@@@@@
0xff,0xff,0xff,0xff,0xff,0xff,0xff,0xfb,0x00,0x7f,0xff,0xff,0xff,0xff,0xff,0xff,0xff,  //@@@@@@@@@@@@@@@%..*@@@@@@@@@@@@@@@
0xff,0xff,0xff,0xff,0xff,0xff,0xff,0xfb,0x00,0x7f,0xff,0xff,0xff,0xff,0xff,0xff,0xff,  //@@@@@@@@@@@@@@@%..*@@@@@@@@@@@@@@@
0xff,0xff,0xff,0xff,0xff,0xff,0xff,0xfb,0x00,0x7f,0xff,0xff,0xff,0xff,0xff,0xff,0xff,  //@@@@@@@@@@@@@@@%..*@@@@@@@@@@@@@@@
0xff,0xff,0xff,0xff,0xff,0xff,0xff,0xfb,0x00,0x7f,0xff,0xff,0xff,0xff,0xff,0xff,0xff,  //@@@@@@@@@@@@@@@%..*@@@@@@@@@@@@@@@
0xff,0xff,0xff,0xff,0xff,0xff,0xff,0xfb,0x00,0x7f,0xff,0xff,0xff,0xff,0xff,0xff,0xff,  //@@@@@@@@@@@@@@@%..*@@@@@@@@@@@@@@@
0xbf,0xff,0xff,0xff,0xff,0xff,0xff,0xf8,0x00,0x3f,0xff,0xff,0xff,0xff,0xff,0xff,0xfe,  //%@@@@@@@@@@@@@@%..*@@@@@@@@@@@@@@#
0x0b,0xff,0xff,0xff,0xff,0xff,0xff,0x90,0x00,0x05,0xef,0xff,0xff,0xff,0xff,0xff,0xd4,  //.%@@@@@@@@@@@@%....*#@@@@@@@@@@@#*


/*  */
0x00,0x00,0x00,0x00,0x00,0x00,0x2f,0xff,0xff,0xd0,0x00,0x00,0x00,0x00,0x00,0x00,  //............+@@@@@#.............
0x00,0x00,0x00,0x00,0x00,0x00,0x5f,0xff,0xff,0xf0,0x00,0x00,0x00,0x00,0x00,0x00,  //............*@@@@@@.............
0x00,0x00,0x00,0x11,0x00,0x00,0x7f,0xff,0xff,0xf3,0x00,0x00,0x20,0x00,0x00,0x00,  //......++....*@@@@@@*....+.......
0x00,0x00,0x04,0xee,0x40,0x00,0xbf,0xff,0xff,0xf4,0x00,0x07,0xfc,0x00,0x00,0x00,  //.....*##*...%@@@@@@*...*@#......
0x00,0x00,0x5f,0xff,0xf8,0x05,0xef,0xff,0xff,0xfb,0x30,0xbf,0xff,0xc0,0x00,0x00,  //....*@@@@%.*#@@@@@@%*.%@@@#.....
0x00,0x03,0xff,0xff,0xff,0xff,0xff,0xff,0xff,0xff,0xff,0xff,0xff,0xfc,0x00,0x00,  //...*@@@@@@@@@@@@@@@@@@@@@@@#....
0x00,0x1e,0xff,0xff,0xff,0xff,0xff,0xff,0xff,0xff,0xff,0xff,0xff,0xff,0xa0,0x00,  //..+#@@@@@@@@@@@@@@@@@@@@@@@@%...
0x00,0x0c,0xff,0xff,0xff,0xff,0xff,0xff,0xff,0xff,0xff,0xff,0xff,0xff,0x80,0x00,  //...#@@@@@@@@@@@@@@@@@@@@@@@@%...
0x00,0x02,0xef,0xff,0xff,0xff,0xff,0xff,0xff,0xff,0xff,0xff,0xff,0xfc,0x00,0x00,  //...+#@@@@@@@@@@@@@@@@@@@@@@#....
0x00,0x00,0x4f,0xff,0xff,0xff,0xff,0xff,0xff,0xff,0xff,0xff,0xff,0xe0,0x00,0x00,  //....*@@@@@@@@@@@@@@@@@@@@@#.....
0x00,0x00,0x0d,0xff,0xff,0xff,0xfe,0xa7,0x7c,0xff,0xff,0xff,0xff,0x90,0x00,0x00,  //.....#@@@@@@@#%**#@@@@@@@@%.....
0x00,0x00,0x5f,0xff,0xff,0xff,0xa0,0x00,0x00,0x2d,0xff,0xff,0xff,0xf1,0x00,0x00,  //....*@@@@@@@%.....+#@@@@@@@+....
0x27,0x8b,0xdf,0xff,0xff,0xfa,0x00,0x00,0x00,0x00,0xef,0xff,0xff,0xfc,0x87,0x30,  //+*%%#@@@@@@%........#@@@@@@#%**.
0xff,0xff,0xff,0xff,0xff,0xf1,0x00,0x00,0x00,0x00,0x5f,0xff,0xff,0xff,0xff,0xfa,  //@@@@@@@@@@@+........*@@@@@@@@@@%
0xff,0xff,0xff,0xff,0xff,0xb0,0x00,0x00,0x00,0x00,0x0f,0xff,0xff,0xff,0xff,0xfb,  //@@@@@@@@@@%..........@@@@@@@@@@%
0xff,0xff,0xff,0xff,0xff,0x70,0x00,0x00,0x00,0x00,0x0c,0xff,0xff,0xff,0xff,0xfb,  //@@@@@@@@@@*..........#@@@@@@@@@%
0xff,0xff,0xff,0xff,0xff,0x90,0x00,0x00,0x00,0x00,0x0e,0xff,0xff,0xff,0xff,0xfb,  //@@@@@@@@@@%..........#@@@@@@@@@%
0xff,0xff,0xff,0xff,0xff,0xd0,0x00,0x00,0x00,0x00,0x1f,0xff,0xff,0xff,0xff,0xfb,  //@@@@@@@@@@#.........+@@@@@@@@@@%
0xae,0xff,0xff,0xff,0xff,0xf4,0x00,0x00,0x00,0x00,0x9f,0xff,0xff,0xff,0xff,0xf7,  //%#@@@@@@@@@*........%@@@@@@@@@@*
0x00,0x03,0x9f,0xff,0xff,0xfe,0x20,0x00,0x00,0x05,0xff,0xff,0xff,0xf8,0x31,0x00,  //...*%@@@@@@#+......*@@@@@@@%*+..
0x00,0x00,0x2f,0xff,0xff,0xff,0xe7,0x00,0x02,0x9f,0xff,0xff,0xff,0xd0,0x00,0x00,  //....+@@@@@@@#*...+%@@@@@@@#.....
0x00,0x00,0x0e,0xff,0xff,0xff,0xff,0xff,0xff,0xff,0xff,0xff,0xff,0xa0,0x00,0x00,  //.....#@@@@@@@@@@@@@@@@@@@@%.....
0x00,0x00,0x9f,0xff,0xff,0xff,0xff,0xff,0xff,0xff,0xff,0xff,0xff,0xf5,0x00,0x00,  //....%@@@@@@@@@@@@@@@@@@@@@@*....
0x00,0x05,0xff,0xff,0xff,0xff,0xff,0xff,0xff,0xff,0xff,0xff,0xff,0xff,0x20,0x00,  //...*@@@@@@@@@@@@@@@@@@@@@@@@+...
0x00,0x0f,0xff,0xff,0xff,0xff,0xff,0xff,0xff,0xff,0xff,0xff,0xff,0xff,0xd0,0x00,  //...@@@@@@@@@@@@@@@@@@@@@@@@@#...
0x00,0x0a,0xff,0xff,0xff,0xff,0xff,0xff,0xff,0xff,0xff,0xff,0xff,0xff,0x60,0x00,  //...%@@@@@@@@@@@@@@@@@@@@@@@@*...
0x00,0x00,0xcf,0xff,0xfe,0x9e,0xff,0xff,0xff,0xff,0xd9,0xff,0xff,0xf9,0x00,0x00,  //....#@@@@#%#@@@@@@@@#%@@@@@%....
0x00,0x00,0x0c,0xff,0xc2,0x00,0xcf,0xff,0xff,0xf8,0x00,0x4e,0xff,0x90,0x00,0x00,  //.....#@@#+..#@@@@@@%..*#@@%.....
0x00,0x00,0x00,0x88,0x00,0x00,0x7f,0xff,0xff,0xf3,0x00,0x02,0xa6,0x00,0x00,0x00,  //......%%....*@@@@@@*...+%*......
0x00,0x00,0x00,0x00,0x00,0x00,0x6f,0xff,0xff,0xf3,0x00,0x00,0x00,0x00,0x00,0x00,  //............*@@@@@@*............
0x00,0x00,0x00,0x00,0x00,0x00,0x3f,0xff,0xff,0xf0,0x00,0x00,0x00,0x00,0x00,0x00,  //............*@@@@@@.............
0x00,0x00,0x00,0x00,0x00,0x00,0x09,0xbb,0xbb,0x60,0x00,0x00,0x00,0x00,0x00,0x00,  //.............%%%%%*.............


/*  */
0x00,0x1e,0xff,0xff,0xff,0x40,0x00,  //..+#@@@@@@*..
0x00,0x3f,0xff,0xff,0xff,0x70,0x00,  //..*@@@@@@@*..
0x00,0x3f,0xff,0xff,0xff,0x70,0x00,  //..*@@@@@@@*..
0x00,0x3f,0xff,0xff,0xff,0x70,0x00,  //..*@@@@@@@*..
0x00,0x3f,0xff,0xff,0xff,0x70,0x00,  //..*@@@@@@@*..
0x00,0x3f,0xff,0xff,0xff,0x70,0x00,  //..*@@@@@@@*..
0x00,0x06,0x77,0x77,0x76,0x00,0x00,  //...*******...
0x00,0x00,0x00,0x00,0x00,0x00,0x00,  //.............
0x00,0x00,0x00,0x00,0x00,0x00,0x00,  //.............
0x00,0x00,0x00,0x00,0x00,0x00,0x00,  //.............
0x27,0x77,0x77,0x77,0x76,0x00,0x00,  //+*********...
0xef,0xff,0xff,0xff,0xff,0x60,0x00,  //#@@@@@@@@@*..
0xff,0xff,0xff,0xff,0xff,0x70,0x00,  //@@@@@@@@@@*..
0xff,0xff,0xff,0xff,0xff,0x70,0x00,  //@@@@@@@@@@*..
0xff,0xff,0xff,0xff,0xff,0x70,0x00,  //@@@@@@@@@@*..
0x5b,0xcf,0xff,0xff,0xff,0x70,0x00,  //*%#@@@@@@@*..
0x00,0x3f,0xff,0xff,0xff,0x70,0x00,  //..*@@@@@@@*..
0x00,0x3f,0xff,0xff,0xff,0x70,0x00,  //..*@@@@@@@*..
0x00,0x3f,0xff,0xff,0xff,0x70,0x00,  //..*@@@@@@@*..
0x00,0x3f,0xff,0xff,0xff,0x70,0x00,  //..*@@@@@@@*..
0x00,0x3f,0xff,0xff,0xff,0x70,0x00,  //..*@@@@@@@*..
0x00,0x3f,0xff,0xff,0xff,0x70,0x00,  //..*@@@@@@@*..
0x00,0x3f,0xff,0xff,0xff,0x70,0x00,  //..*@@@@@@@*..
0x03,0x6f,0xff,0xff,0xff,0x93,0x10,  //.**@@@@@@@%*+
0xcf,0xff,0xff,0xff,0xff,0xff,0xe0,  //#@@@@@@@@@@@#
0xff,0xff,0xff,0xff,0xff,0xff,0xf0,  //@@@@@@@@@@@@@
0xff,0xff,0xff,0xff,0xff,0xff,0xf0,  //@@@@@@@@@@@@@
0xff,0xff,0xff,0xff,0xff,0xff,0xf0,  //@@@@@@@@@@@@@
0x9f,0xff,0xff,0xff,0xff,0xff,0xc0,  //%@@@@@@@@@@@#


/*  */
0x08,0xff,0xff,0xff,0xff,0xff,0xff,0xff,0xff,0xff,0xff,0xff,0xff,0xff,0xff,0xff,0xfd,0x20,  //.%@@@@@@@@@@@@@@@@@@@@@@@@@@@@@@@#+.
0x7f,0xff,0xff,0xff,0xff,0xff,0xff,0xff,0xff,0xff,0xff,0xff,0xff,0xff,0xff,0xff,0xff,0xe1,  //*@@@@@@@@@@@@@@@@@@@@@@@@@@@@@@@@@#+
0xef,0xff,0xff,0xff,0xff,0xff,0xff,0xff,0xff,0xff,0xff,0xff,0xff,0xff,0xff,0xff,0xff,0xf6,  //#@@@@@@@@@@@@@@@@@@@@@@@@@@@@@@@@@@*
0xff,0xff,0xff,0xff,0xff,0xff,0xff,0xff,0xff,0xff,0xff,0xff,0xff,0xff,0xff,0xff,0xff,0xf7,  //@@@@@@@@@@@@@@@@@@@@@@@@@@@@@@@@@@@*
0xff,0xff,0xff,0xff,0xff,0xff,0xff,0xff,0xff,0xff,0xff,0xff,0xff,0xff,0xff,0xff,0xff,0xf7,  //@@@@@@@@@@@@@@@@@@@@@@@@@@@@@@@@@@@*
0xff,0xff,0xff,0xff,0xff,0xff,0xff,0xff,0xff,0xff,0xff,0xff,0xff,0xff,0xff,0xff,0xff,0xf7,  //@@@@@@@@@@@@@@@@@@@@@@@@@@@@@@@@@@@*
0xff,0xff,0xff,0xff,0xff,0xff,0xff,0xff,0xff,0xff,0xff,0xff,0xff,0xff,0xff,0xff,0xff,0xf7,  //@@@@@@@@@@@@@@@@@@@@@@@@@@@@@@@@@@@*
0xff,0xff,0xff,0xff,0xff,0xff,0xff,0xff,0xff,0xff,0xff,0xff,0xff,0xff,0xff,0xff,0xff,0xf7,  //@@@@@@@@@@@@@@@@@@@@@@@@@@@@@@@@@@@*
0xff,0xff,0xff,0xff,0xff,0xff,0xff,0xff,0xff,0xff,0xff,0xff,0xff,0xff,0xff,0xff,0xff,0xf7,  //@@@@@@@@@@@@@@@@@@@@@@@@@@@@@@@@@@@*
0xff,0xff,0xff,0xfc,0x30,0x3e,0xff,0xff,0xff,0xff,0xff,0xff,0x91,0x06,0xff,0xff,0xff,0xf7,  //@@@@@@@#*.*#@@@@@@@@@@@@%+.*@@@@@@@*
0xff,0xff,0xff,0xf3,0x00,0x02,0xef,0xff,0xff,0xff,0xff,0xf9,0x00,0x00,0x9f,0xff,0xff,0xf7,  //@@@@@@@*...+#@@@@@@@@@@%....%@@@@@@*
0xff,0xff,0xff,0xf0,0x00,0x00,0x2c,0xff,0xff,0xff,0xff,0x90,0x00,0x00,0x7f,0xff,0xff,0xf7,  //@@@@@@@.....+#@@@@@@@@%.....*@@@@@@*
0xff,0xff,0xff,0xf3,0x00,0x00,0x00,0xcf,0xff,0xff,0xf9,0x00,0x00,0x00,0xaf,0xff,0xff,0xf7,  //@@@@@@@*......#@@@@@@%......%@@@@@@*
0xff,0xff,0xff,0xfe,0x20,0x00,0x00,0x0c,0xff,0xff,0x50,0x00,0x00,0x07,0xff,0xff,0xff,0xf7,  //@@@@@@@#+......#@@@@*......*@@@@@@@*
0xff,0xff,0xff,0xff,0xe2,0x00,0x00,0x00,0xcf,0xf5,0x00,0x00,0x00,0x9f,0xff,0xff,0xff,0xf7,  //@@@@@@@@#+......#@@*......%@@@@@@@@*
0xff,0xff,0xff,0xff,0xfe,0x20,0x00,0x00,0x0c,0x50,0x00,0x00,0x09,0xff,0xff,0xff,0xff,0xf7,  //@@@@@@@@@#+......#*......%@@@@@@@@@*
0xbf,0xff,0xff,0xff,0xff,0xe2,0x00,0x00,0x00,0x00,0x00,0x00,0x9f,0xff,0xff,0xff,0xff,0xf4,  //%@@@@@@@@@#+............%@@@@@@@@@@*
0x9f,0xff,0xff,0xff,0xff,0xfe,0x20,0x00,0x00,0x00,0x00,0x09,0xff,0xff,0xff,0xff,0xff,0xf1,  //%@@@@@@@@@@#+..........%@@@@@@@@@@@+
0x5f,0xff,0xff,0xff,0xff,0xff,0xf5,0x00,0x00,0x00,0x00,0x9f,0xff,0xff,0xff,0xff,0xff,0xd0,  //*@@@@@@@@@@@@*........%@@@@@@@@@@@#.
0x1f,0xff,0xff,0xff,0xff,0xff,0xff,0x50,0x00,0x00,0x09,0xff,0xff,0xff,0xff,0xff,0xff,0x90,  //+@@@@@@@@@@@@@*......%@@@@@@@@@@@@%.
0x0a,0xff,0xff,0xff,0xff,0xff,0xff,0xf5,0x00,0x00,0xcf,0xff,0xff,0xff,0xff,0xff,0xff,0x30,  //.%@@@@@@@@@@@@@*....#@@@@@@@@@@@@@*.
0x03,0xff,0xff,0xff,0xff,0xff,0xff,0xff,0x71,0x3c,0xff,0xff,0xff,0xff,0xff,0xff,0xfb,0x00,  //.*@@@@@@@@@@@@@@*+*#@@@@@@@@@@@@@%..
0x00,0xbf,0xff,0xff,0xff,0xff,0xff,0xff,0xff,0xff,0xff,0xff,0xff,0xff,0xff,0xff,0xf3,0x00,  //..%@@@@@@@@@@@@@@@@@@@@@@@@@@@@@@*..
0x00,0x2f,0xff,0xff,0xff,0xff,0xff,0xff,0xff,0xff,0xff,0xff,0xff,0xff,0xff,0xff,0xb0,0x00,  //..+@@@@@@@@@@@@@@@@@@@@@@@@@@@@@%...
0x00,0x07,0xff,0xff,0xff,0xff,0xff,0xff,0xff,0xff,0xff,0xff,0xff,0xff,0xff,0xfe,0x00,0x00,  //...*@@@@@@@@@@@@@@@@@@@@@@@@@@@#....
0x00,0x00,0xaf,0xff,0xff,0xff,0xff,0xff,0xff,0xff,0xff,0xff,0xff,0xff,0xff,0xf3,0x00,0x00,  //....%@@@@@@@@@@@@@@@@@@@@@@@@@@*....
0x00,0x00,0x0c,0xff,0xff,0xff,0xff,0xff,0xff,0xff,0xff,0xff,0xff,0xff,0xff,0x50,0x00,0x00,  //.....#@@@@@@@@@@@@@@@@@@@@@@@@*.....
0x00,0x00,0x00,0x9f,0xff,0xff,0xff,0xff,0xff,0xff,0xff,0xff,0xff,0xff,0xe4,0x00,0x00,0x00,  //......%@@@@@@@@@@@@@@@@@@@@@#*......
0x00,0x00,0x00,0x06,0xef,0xff,0xff,0xff,0xff,0xff,0xff,0xff,0xff,0xfb,0x10,0x00,0x00,0x00,  //.......*#@@@@@@@@@@@@@@@@@@%+.......
0x00,0x00,0x00,0x00,0x19,0xff,0xff,0xff,0xff,0xff,0xff,0xff,0xfd,0x50,0x00,0x00,0x00,0x00,  //........+%@@@@@@@@@@@@@@@#*.........
0x00,0x00,0x00,0x00,0x00,0x17,0xdf,0xff,0xff,0xff,0xff,0xfa,0x50,0x00,0x00,0x00,0x00,0x00,  //..........+*#@@@@@@@@@@%*...........
0x00,0x00,0x00,0x00,0x00,0x00,0x01,0x47,0x7b,0x97,0x73,0x00,0x00,0x00,0x00,0x00,0x00,0x00,  //.............+***%%***..............


};


static const lv_font_fmt_txt_glyph_dsc_t glyph_dsc[] = {
    {.bitmap_index = 0,	.adv_w = 38, .box_h = 34, .box_w = 36, .ofs_x = 1, .ofs_y = 1},/*(个)*/
    {.bitmap_index = 612,	.adv_w = 38, .box_h = 31, .box_w = 32, .ofs_x = 3, .ofs_y = 1},/*(于)*/
    {.bitmap_index = 1108,	.adv_w = 38, .box_h = 32, .box_w = 30, .ofs_x = 4, .ofs_y = 3},/*(亮)*/
    {.bitmap_index = 1588,	.adv_w = 38, .box_h = 32, .box_w = 34, .ofs_x = 2, .ofs_y = 2},/*(储)*/
    {.bitmap_index = 2132,	.adv_w = 38, .box_h = 30, .box_w = 34, .ofs_x = 2, .ofs_y = 4},/*(全)*/
    {.bitmap_index = 2642,	.adv_w = 38, .box_h = 32, .box_w = 32, .ofs_x = 3, .ofs_y = 3},/*(关)*/
    {.bitmap_index = 3154,	.adv_w = 38, .box_h = 34, .box_w = 34, .ofs_x = 2, .ofs_y = 1},/*(务)*/
    {.bitmap_index = 3732,	.adv_w = 38, .box_h = 31, .box_w = 32, .ofs_x = 2, .ofs_y = 3},/*(动)*/
    {.bitmap_index = 4228,	.adv_w = 38, .box_h = 30, .box_w = 34, .ofs_x = 1, .ofs_y = 3},/*(化)*/
    {.bitmap_index = 4738,	.adv_w = 38, .box_h = 31, .box_w = 36, .ofs_x = 1, .ofs_y = 2},/*(和)*/
    {.bitmap_index = 5296,	.adv_w = 38, .box_h = 34, .box_w = 28, .ofs_x = 2, .ofs_y = 1},/*(声)*/
    {.bitmap_index = 5772,	.adv_w = 38, .box_h = 34, .box_w = 34, .ofs_x = 2, .ofs_y = 1},/*(存)*/
    {.bitmap_index = 6350,	.adv_w = 38, .box_h = 31, .box_w = 34, .ofs_x = 2, .ofs_y = 2},/*(安)*/
    {.bitmap_index = 6877,	.adv_w = 38, .box_h = 32, .box_w = 34, .ofs_x = 1, .ofs_y = 2},/*(应)*/
    {.bitmap_index = 7421,	.adv_w = 38, .box_h = 32, .box_w = 36, .ofs_x = 1, .ofs_y = 3},/*(度)*/
    {.bitmap_index = 7997,	.adv_w = 38, .box_h = 32, .box_w = 32, .ofs_x = 3, .ofs_y = 3},/*(态)*/
    {.bitmap_index = 8509,	.adv_w = 38, .box_h = 31, .box_w = 32, .ofs_x = 2, .ofs_y = 2},/*(性)*/
    {.bitmap_index = 9005,	.adv_w = 38, .box_h = 33, .box_w = 28, .ofs_x = 3, .ofs_y = 1},/*(户)*/
    {.bitmap_index = 9467,	.adv_w = 38, .box_h = 33, .box_w = 34, .ofs_x = 2, .ofs_y = 1},/*(手)*/
    {.bitmap_index = 10028,	.adv_w = 38, .box_h = 32, .box_w = 36, .ofs_x = 1, .ofs_y = 2},/*(振)*/
    {.bitmap_index = 10604,	.adv_w = 38, .box_h = 34, .box_w = 34, .ofs_x = 2, .ofs_y = 1},/*(新)*/
    {.bitmap_index = 11182,	.adv_w = 38, .box_h = 28, .box_w = 32, .ofs_x = 3, .ofs_y = 4},/*(显)*/
    {.bitmap_index = 11630,	.adv_w = 38, .box_h = 30, .box_w = 36, .ofs_x = 1, .ofs_y = 3},/*(更)*/
    {.bitmap_index = 12170,	.adv_w = 38, .box_h = 30, .box_w = 38, .ofs_x = 0, .ofs_y = 3},/*(服)*/
    {.bitmap_index = 12740,	.adv_w = 38, .box_h = 32, .box_w = 36, .ofs_x = 1, .ofs_y = 2},/*(机)*/
    {.bitmap_index = 13316,	.adv_w = 38, .box_h = 32, .box_w = 36, .ofs_x = 0, .ofs_y = 2},/*(栏)*/
    {.bitmap_index = 13892,	.adv_w = 38, .box_h = 35, .box_w = 32, .ofs_x = 3, .ofs_y = 0},/*(桌)*/
    {.bitmap_index = 14452,	.adv_w = 38, .box_h = 29, .box_w = 34, .ofs_x = 3, .ofs_y = 4},/*(池)*/
    {.bitmap_index = 14945,	.adv_w = 38, .box_h = 32, .box_w = 30, .ofs_x = 4, .ofs_y = 1},/*(牙)*/
    {.bitmap_index = 15425,	.adv_w = 38, .box_h = 30, .box_w = 36, .ofs_x = 2, .ofs_y = 2},/*(状)*/
    {.bitmap_index = 15965,	.adv_w = 38, .box_h = 31, .box_w = 28, .ofs_x = 4, .ofs_y = 1},/*(用)*/
    {.bitmap_index = 16399,	.adv_w = 38, .box_h = 30, .box_w = 30, .ofs_x = 5, .ofs_y = 4},/*(电)*/
    {.bitmap_index = 16849,	.adv_w = 38, .box_h = 29, .box_w = 34, .ofs_x = 1, .ofs_y = 4},/*(知)*/
    {.bitmap_index = 17342,	.adv_w = 38, .box_h = 29, .box_w = 34, .ofs_x = 2, .ofs_y = 2},/*(示)*/
    {.bitmap_index = 17835,	.adv_w = 38, .box_h = 32, .box_w = 34, .ofs_x = 1, .ofs_y = 2},/*(移)*/
    {.bitmap_index = 18379,	.adv_w = 38, .box_h = 35, .box_w = 24, .ofs_x = 7, .ofs_y = 0},/*(系)*/
    {.bitmap_index = 18799,	.adv_w = 38, .box_h = 29, .box_w = 34, .ofs_x = 3, .ofs_y = 3},/*(络)*/
    {.bitmap_index = 19292,	.adv_w = 38, .box_h = 28, .box_w = 34, .ofs_x = 3, .ofs_y = 4},/*(统)*/
    {.bitmap_index = 19768,	.adv_w = 38, .box_h = 29, .box_w = 24, .ofs_x = 7, .ofs_y = 3},/*(网)*/
    {.bitmap_index = 20116,	.adv_w = 38, .box_h = 32, .box_w = 36, .ofs_x = 1, .ofs_y = 3},/*(蓝)*/
    {.bitmap_index = 20692,	.adv_w = 38, .box_h = 32, .box_w = 36, .ofs_x = 1, .ofs_y = 2},/*(账)*/
    {.bitmap_index = 21268,	.adv_w = 38, .box_h = 30, .box_w = 36, .ofs_x = 2, .ofs_y = 3},/*(通)*/
    {.bitmap_index = 21808,	.adv_w = 38, .box_h = 28, .box_w = 30, .ofs_x = 4, .ofs_y = 4},/*(面)*/
    {.bitmap_index = 22228,	.adv_w = 38, .box_h = 33, .box_w = 34, .ofs_x = 2, .ofs_y = 2},/*(音)*/
    {.bitmap_index = 22789,	.adv_w = 26, .box_h = 32, .box_w = 26, .ofs_x = 0, .ofs_y = 2},/*()*/
    {.bitmap_index = 23205,	.adv_w = 34, .box_h = 29, .box_w = 34, .ofs_x = 0, .ofs_y = 4},/*()*/
    {.bitmap_index = 23698,	.adv_w = 32, .box_h = 32, .box_w = 32, .ofs_x = 0, .ofs_y = 2},/*()*/
    {.bitmap_index = 24210,	.adv_w = 13, .box_h = 29, .box_w = 14, .ofs_x = 0, .ofs_y = 4},/*()*/
    {.bitmap_index = 24413,	.adv_w = 36, .box_h = 32, .box_w = 36, .ofs_x = 0, .ofs_y = 2},/*()*/
};


static const uint16_t unicode_list_1[] = {
    0x4e2a,	/*(个)*/
    0x4e8e,	/*(于)*/
    0x4eae,	/*(亮)*/
    0x50a8,	/*(储)*/
    0x5168,	/*(全)*/
    0x5173,	/*(关)*/
    0x52a1,	/*(务)*/
    0x52a8,	/*(动)*/
    0x5316,	/*(化)*/
    0x548c,	/*(和)*/
    0x58f0,	/*(声)*/
    0x5b58,	/*(存)*/
    0x5b89,	/*(安)*/
    0x5e94,	/*(应)*/
    0x5ea6,	/*(度)*/
    0x6001,	/*(态)*/
    0x6027,	/*(性)*/
    0x6237,	/*(户)*/
    0x624b,	/*(手)*/
    0x632f,	/*(振)*/
    0x65b0,	/*(新)*/
    0x663e,	/*(显)*/
    0x66f4,	/*(更)*/
    0x670d,	/*(服)*/
    0x673a,	/*(机)*/
    0x680f,	/*(栏)*/
    0x684c,	/*(桌)*/
    0x6c60,	/*(池)*/
    0x7259,	/*(牙)*/
    0x72b6,	/*(状)*/
    0x7528,	/*(用)*/
    0x7535,	/*(电)*/
    0x77e5,	/*(知)*/
    0x793a,	/*(示)*/
    0x79fb,	/*(移)*/
    0x7cfb,	/*(系)*/
    0x7edc,	/*(络)*/
    0x7edf,	/*(统)*/
    0x7f51,	/*(网)*/
    0x84dd,	/*(蓝)*/
    0x8d26,	/*(账)*/
    0x901a,	/*(通)*/
    0x9762,	/*(面)*/
    0x97f3,	/*(音)*/
    0xf007,	/*()*/
    0xf009,	/*()*/
    0xf013,	/*()*/
    0xf129,	/*()*/
    0xf265,	/*()*/
    0x0000,    /*End indicator*/
};


static const lv_font_fmt_txt_cmap_t cmaps[] = {
    {
        .range_start = 0x4e2a,
        .range_length = 0xf265,
        .type = LV_FONT_FMT_TXT_CMAP_SPARSE_TINY,
        .glyph_id_start = 0,
        .unicode_list = unicode_list_1,
        .glyph_id_ofs_list = NULL,
        .list_length = 49,
    }
};


static lv_font_fmt_txt_glyph_cache_t glyph_cache;


static lv_font_fmt_txt_dsc_t font_dsc = {
    .glyph_bitmap = glyph_bitmap,
    .glyph_dsc = glyph_dsc,
    .cmaps = cmaps,
    .cmap_num = 1,
    .bpp = 4,

    .kern_scale = 0,
    .kern_dsc = NULL,
    .kern_classes = 0,

    .cache = &glyph_cache,
};


static int binsearch(const uint16_t *sortedSeq, int seqLength, uint16_t keyData) {
    int low = 0, mid, high = seqLength - 1;
    while (low <= high) {
        mid = (low + high)>>1;//右移1位等于是/2，奇数，无论奇偶，有个值就行
        if (keyData < sortedSeq[mid]) {
            high = mid - 1;//是mid-1，因为mid已经比较过了
        }
        else if (keyData > sortedSeq[mid]) {
            low = mid + 1;
        }
        else {
            return mid;
        }
    }
    return -1;
}


static const uint8_t * __user_font_get_bitmap(const lv_font_t * font, uint32_t unicode_letter) {
    lv_font_fmt_txt_dsc_t * fdsc = (lv_font_fmt_txt_dsc_t *) font->dsc;

    if( unicode_letter<fdsc->cmaps[0].range_start || unicode_letter>fdsc->cmaps[0].range_length ) return false;

    int i;
    if( unicode_letter==fdsc->cache->last_letter ){
        i = fdsc->cache->last_glyph_id;
    }
    else{
        i = binsearch(fdsc->cmaps[0].unicode_list, fdsc->cmaps[0].list_length, unicode_letter);
    }
    if( i != -1 ) {
        const lv_font_fmt_txt_glyph_dsc_t * gdsc = &fdsc->glyph_dsc[i];
        fdsc->cache->last_glyph_id = i;
        fdsc->cache->last_letter = unicode_letter;
        return &fdsc->glyph_bitmap[gdsc->bitmap_index];
    }
    return NULL;
}


static bool __user_font_get_glyph_dsc(const lv_font_t * font, lv_font_glyph_dsc_t * dsc_out, uint32_t unicode_letter, uint32_t unicode_letter_next) {
    lv_font_fmt_txt_dsc_t * fdsc = (lv_font_fmt_txt_dsc_t *) font->dsc;

    if( unicode_letter<fdsc->cmaps[0].range_start || unicode_letter>fdsc->cmaps[0].range_length ) return false;

    int i;
    if( unicode_letter==fdsc->cache->last_letter ){
        i = fdsc->cache->last_glyph_id;
    }
    else{
        i = binsearch(fdsc->cmaps[0].unicode_list, fdsc->cmaps[0].list_length, unicode_letter);
    }
    if( i != -1 ) {
        const lv_font_fmt_txt_glyph_dsc_t * gdsc = &fdsc->glyph_dsc[i];
        fdsc->cache->last_glyph_id = i;
        fdsc->cache->last_letter = unicode_letter;
        dsc_out->adv_w = gdsc->adv_w;
        dsc_out->box_h = gdsc->box_h;
        dsc_out->box_w = gdsc->box_w;
        dsc_out->ofs_x = gdsc->ofs_x;
        dsc_out->ofs_y = gdsc->ofs_y;
        dsc_out->bpp   = fdsc->bpp;
        return true;
    }
    return false;
}


//楷体,Regular,22
//字模高度：37
//内部字体
//使用排序和二分查表
const lv_font_t setting_font1 = {
    .dsc = &font_dsc,
    .get_glyph_bitmap = __user_font_get_bitmap,
    .get_glyph_dsc = __user_font_get_glyph_dsc,
    .line_height = 37,
    .base_line = 0,
};

