/*
*---------------------------------------------------------------
*                        Lvgl Font Tool                         
*                                                               
* 注:使用unicode编码                                              
* 注:本字体文件由Lvgl Font Tool V0.5测试版 生成                     
* 作者:阿里(qq:617622104)                                         
*---------------------------------------------------------------
*/


#include "lvgl.h"


static const uint8_t glyph_bitmap[] = {
/*   */
0x00,  //.


/* & */
0x00,0x00,0x00,0x00,0x00,0x01,0x9e,0xff,0xff,0xfe,0x70,0x00,0x00,0x00,0x00,0x00,0x00,0x00,0x00,0x00,0x00,0x00,  //...........+%#@@@@@#*......................
0x00,0x00,0x00,0x00,0x00,0x6e,0xff,0xff,0xff,0xff,0xfa,0x00,0x00,0x00,0x00,0x00,0x00,0x00,0x00,0x00,0x00,0x00,  //..........*#@@@@@@@@@%.....................
0x00,0x00,0x00,0x00,0x09,0xff,0xb4,0x33,0x7e,0xff,0xff,0x70,0x00,0x00,0x00,0x00,0x00,0x00,0x00,0x00,0x00,0x00,  //.........%@@%****#@@@@*....................
0x00,0x00,0x00,0x00,0x7f,0xf9,0x00,0x00,0x02,0xef,0xff,0xe0,0x00,0x00,0x00,0x00,0x00,0x00,0x00,0x00,0x00,0x00,  //........*@@%.....+#@@@#....................
0x00,0x00,0x00,0x03,0xff,0xe0,0x00,0x00,0x00,0x7f,0xff,0xf4,0x00,0x00,0x00,0x00,0x00,0x00,0x00,0x00,0x00,0x00,  //.......*@@#.......*@@@@*...................
0x00,0x00,0x00,0x0b,0xff,0x80,0x00,0x00,0x00,0x1f,0xff,0xf7,0x00,0x00,0x00,0x00,0x00,0x00,0x00,0x00,0x00,0x00,  //.......%@@%.......+@@@@*...................
0x00,0x00,0x00,0x2f,0xff,0x30,0x00,0x00,0x00,0x0f,0xff,0xf7,0x00,0x00,0x00,0x00,0x00,0x00,0x00,0x00,0x00,0x00,  //......+@@@*........@@@@*...................
0x00,0x00,0x00,0x8f,0xff,0x10,0x00,0x00,0x00,0x0f,0xff,0xf5,0x00,0x00,0x00,0x00,0x00,0x00,0x00,0x00,0x00,0x00,  //......%@@@+........@@@@*...................
0x00,0x00,0x00,0xbf,0xff,0x00,0x00,0x00,0x00,0x0f,0xff,0xf1,0x00,0x00,0x00,0x00,0x00,0x00,0x00,0x00,0x00,0x00,  //......%@@@.........@@@@+...................
0x00,0x00,0x00,0xef,0xff,0x00,0x00,0x00,0x00,0x2f,0xff,0xd0,0x00,0x00,0x00,0x00,0x00,0x00,0x00,0x00,0x00,0x00,  //......#@@@........+@@@#....................
0x00,0x00,0x00,0xff,0xff,0x30,0x00,0x00,0x00,0x6f,0xff,0x50,0x00,0x00,0x00,0x00,0x00,0x00,0x00,0x00,0x00,0x00,  //......@@@@*.......*@@@*....................
0x00,0x00,0x00,0xdf,0xff,0x50,0x00,0x00,0x00,0xdf,0xfd,0x00,0x00,0x00,0x00,0x00,0x00,0x00,0x00,0x00,0x00,0x00,  //......#@@@*.......#@@#.....................
0x00,0x00,0x00,0xbf,0xff,0x80,0x00,0x00,0x05,0xff,0xf3,0x00,0x00,0x00,0x00,0x00,0x00,0x00,0x00,0x00,0x00,0x00,  //......%@@@%......*@@@*.....................
0x00,0x00,0x00,0x8f,0xff,0xd0,0x00,0x00,0x0e,0xff,0x70,0x00,0x00,0x00,0x00,0x00,0x00,0x00,0x00,0x00,0x00,0x00,  //......%@@@#......#@@*......................
0x00,0x00,0x00,0x5f,0xff,0xf2,0x00,0x00,0xaf,0xf9,0x00,0x00,0x00,0x00,0x00,0x00,0x00,0x00,0x00,0x00,0x00,0x00,  //......*@@@@+....%@@%.......................
0x00,0x00,0x00,0x1f,0xff,0xf9,0x00,0x09,0xff,0x90,0x00,0x00,0x00,0x00,0x00,0x00,0x00,0x00,0x00,0x00,0x00,0x00,  //......+@@@@%...%@@%........................
0x00,0x00,0x00,0x0c,0xff,0xfe,0x00,0xaf,0xf9,0x00,0x00,0x00,0x00,0x00,0x00,0x00,0x00,0x00,0x00,0x00,0x00,0x00,  //.......#@@@#..%@@%.........................
0x00,0x00,0x00,0x05,0xff,0xff,0xad,0xfe,0x50,0x00,0x00,0x03,0x10,0x00,0x00,0x00,0x00,0x00,0x00,0x00,0x00,0x00,  //.......*@@@@%#@#*......*+..................
0x00,0x00,0x00,0x00,0xff,0xff,0xff,0xc2,0x00,0x00,0x02,0xcf,0xfb,0x30,0x00,0x00,0x23,0x36,0x7a,0xb0,0x00,0x00,  //........@@@@@@#+.....+#@@%*.....+****%%....
0x00,0x00,0x00,0x00,0xaf,0xff,0xfa,0x00,0x00,0x00,0x0d,0xff,0xff,0xff,0xff,0xff,0xff,0xff,0xff,0xf1,0x00,0x00,  //........%@@@@%.......#@@@@@@@@@@@@@@@@@+...
0x00,0x00,0x00,0x08,0xff,0xff,0xfe,0x10,0x00,0x00,0x03,0x7a,0xbe,0xff,0xff,0xff,0xff,0xff,0xff,0x90,0x00,0x00,  //.......%@@@@@#+......**%%#@@@@@@@@@@@@%....
0x00,0x00,0x01,0xcf,0xfe,0xff,0xff,0xa0,0x00,0x00,0x00,0x00,0x05,0xff,0xf9,0x34,0x77,0x73,0x30,0x00,0x00,0x00,  //.....+#@@#@@@@%..........*@@@%*******......
0x00,0x00,0x2e,0xff,0x61,0xff,0xff,0xf3,0x00,0x00,0x00,0x00,0x00,0xbf,0xfe,0x00,0x00,0x00,0x00,0x00,0x00,0x00,  //....+#@@*+@@@@@*..........%@@#.............
0x00,0x02,0xef,0xf9,0x00,0x7f,0xff,0xfd,0x00,0x00,0x00,0x00,0x00,0x3f,0xff,0x50,0x00,0x00,0x00,0x00,0x00,0x00,  //...+#@@%..*@@@@#..........*@@@*............
0x00,0x0d,0xff,0xc0,0x00,0x0d,0xff,0xff,0x90,0x00,0x00,0x00,0x00,0x0d,0xff,0xa0,0x00,0x00,0x00,0x00,0x00,0x00,  //...#@@#....#@@@@%..........#@@%............
0x00,0xaf,0xff,0x30,0x00,0x04,0xff,0xff,0xf5,0x00,0x00,0x00,0x00,0x08,0xff,0xd0,0x00,0x00,0x00,0x00,0x00,0x00,  //..%@@@*....*@@@@@*.........%@@#............
0x03,0xff,0xfb,0x00,0x00,0x00,0xaf,0xff,0xfe,0x20,0x00,0x00,0x00,0x05,0xff,0xf0,0x00,0x00,0x00,0x00,0x00,0x00,  //.*@@@%......%@@@@#+........*@@@............
0x0b,0xff,0xf5,0x00,0x00,0x00,0x0e,0xff,0xff,0xc0,0x00,0x00,0x00,0x03,0xff,0xf0,0x00,0x00,0x00,0x00,0x00,0x00,  //.%@@@*.......#@@@@#........*@@@............
0x2f,0xff,0xf0,0x00,0x00,0x00,0x03,0xff,0xff,0xf9,0x00,0x00,0x00,0x03,0xff,0xd0,0x00,0x00,0x00,0x00,0x00,0x00,  //+@@@@........*@@@@@%.......*@@#............
0x8f,0xff,0xe0,0x00,0x00,0x00,0x00,0x8f,0xff,0xff,0x70,0x00,0x00,0x03,0xff,0xb0,0x00,0x00,0x00,0x00,0x00,0x00,  //%@@@#.........%@@@@@*......*@@%............
0xbf,0xff,0xb0,0x00,0x00,0x00,0x00,0x0b,0xff,0xff,0xf5,0x00,0x00,0x05,0xff,0x70,0x00,0x00,0x00,0x00,0x00,0x00,  //%@@@%..........%@@@@@*.....*@@*............
0xff,0xff,0xb0,0x00,0x00,0x00,0x00,0x00,0xdf,0xff,0xff,0x50,0x00,0x07,0xff,0x20,0x00,0x00,0x00,0x00,0x00,0x00,  //@@@@%...........#@@@@@*....*@@+............
0xff,0xff,0xc0,0x00,0x00,0x00,0x00,0x00,0x2e,0xff,0xff,0xf3,0x00,0x0b,0xfd,0x00,0x00,0x00,0x00,0x00,0x00,0x00,  //@@@@#...........+#@@@@@*...%@#.............
0xff,0xff,0xf0,0x00,0x00,0x00,0x00,0x00,0x03,0xff,0xff,0xfe,0x20,0x0f,0xf5,0x00,0x00,0x00,0x00,0x00,0x00,0x00,  //@@@@@............*@@@@@#+..@@*.............
0xff,0xff,0xf1,0x00,0x00,0x00,0x00,0x00,0x00,0x5f,0xff,0xff,0xf5,0x6f,0xe0,0x00,0x00,0x00,0x00,0x00,0x00,0x00,  //@@@@@+............*@@@@@@**@#..............
0xff,0xff,0xf6,0x00,0x00,0x00,0x00,0x00,0x00,0x05,0xff,0xff,0xff,0xef,0x60,0x00,0x00,0x00,0x00,0x00,0x00,0x00,  //@@@@@*.............*@@@@@@#@*..............
0xcf,0xff,0xfd,0x00,0x00,0x00,0x00,0x00,0x00,0x00,0x5f,0xff,0xff,0xfe,0x00,0x00,0x00,0x00,0x00,0x00,0x00,0x00,  //#@@@@#..............*@@@@@@#...............
0x8f,0xff,0xff,0x50,0x00,0x00,0x00,0x00,0x00,0x00,0x05,0xff,0xff,0xff,0x90,0x00,0x00,0x00,0x00,0x00,0x00,0x00,  //%@@@@@*..............*@@@@@@%..............
0x2f,0xff,0xff,0xe0,0x00,0x00,0x00,0x00,0x00,0x00,0x00,0x5f,0xff,0xff,0xfc,0x20,0x00,0x00,0x00,0x00,0x00,0x00,  //+@@@@@#...............*@@@@@@#+............
0x0b,0xff,0xff,0xfc,0x00,0x00,0x00,0x00,0x00,0x00,0x00,0x3e,0xff,0xff,0xff,0xe6,0x00,0x00,0x00,0x00,0x00,0x00,  //.%@@@@@#..............*#@@@@@@#*...........
0x02,0xff,0xff,0xff,0xc2,0x00,0x00,0x00,0x00,0x00,0x08,0xff,0xae,0xff,0xff,0xff,0xb1,0x00,0x00,0x00,0x00,0x00,  //.+@@@@@@#+...........%@@%#@@@@@@%+.........
0x00,0x7f,0xff,0xff,0xff,0x92,0x00,0x00,0x00,0x28,0xef,0xf9,0x00,0xbf,0xff,0xff,0xff,0x91,0x00,0x00,0x00,0x00,  //..*@@@@@@@%+......+%#@@%..%@@@@@@@%+.......
0x00,0x09,0xff,0xff,0xff,0xff,0xeb,0xbb,0xbd,0xff,0xfe,0x60,0x00,0x07,0xff,0xff,0xff,0xff,0xc7,0x35,0x7b,0x40,  //...%@@@@@@@@#%%%%#@@@#*....*@@@@@@@@#****%*
0x00,0x00,0x6f,0xff,0xff,0xff,0xff,0xff,0xff,0xff,0xb1,0x00,0x00,0x00,0x2b,0xff,0xff,0xff,0xff,0xff,0xff,0x50,  //....*@@@@@@@@@@@@@@@%+......+%@@@@@@@@@@@@*
0x00,0x00,0x01,0xaf,0xff,0xff,0xff,0xff,0xff,0xb3,0x00,0x00,0x00,0x00,0x00,0x5d,0xff,0xff,0xff,0xfd,0x71,0x00,  //.....+%@@@@@@@@@@@%*..........*#@@@@@@@#*+.
0x00,0x00,0x00,0x01,0x6b,0xef,0xff,0xeb,0x61,0x00,0x00,0x00,0x00,0x00,0x00,0x00,0x28,0xbb,0xa7,0x20,0x00,0x00,  //.......+*%#@@@#%*+..............+%%%%*+....


/* F */
0x00,0x00,0x03,0x47,0x77,0xbb,0xbb,0xbb,0xbb,0xbb,0xbb,0xbb,0xbd,0xff,0xc2,  //.....*****%%%%%%%%%%%%%%%#@@#+
0x7a,0xbf,0xff,0xff,0xff,0xff,0xff,0xff,0xff,0xff,0xff,0xff,0xff,0xff,0xf7,  //*%%@@@@@@@@@@@@@@@@@@@@@@@@@@*
0xff,0xff,0xff,0xff,0xff,0xff,0xff,0xff,0xff,0xff,0xff,0xff,0xff,0xff,0xf7,  //@@@@@@@@@@@@@@@@@@@@@@@@@@@@@*
0x43,0x33,0x3a,0xff,0xff,0xf7,0x00,0x00,0x00,0x00,0x00,0x00,0x39,0xff,0xf7,  //*****%@@@@@*............*%@@@*
0x00,0x00,0x00,0xef,0xff,0xf7,0x00,0x00,0x00,0x00,0x00,0x00,0x00,0x9f,0xf7,  //......#@@@@*..............%@@*
0x00,0x00,0x00,0xbf,0xff,0xf7,0x00,0x00,0x00,0x00,0x00,0x00,0x00,0x3f,0xf3,  //......%@@@@*..............*@@*
0x00,0x00,0x00,0xbf,0xff,0xf7,0x00,0x00,0x00,0x00,0x00,0x00,0x00,0x0f,0xf3,  //......%@@@@*...............@@*
0x00,0x00,0x00,0xbf,0xff,0xf3,0x00,0x00,0x00,0x00,0x00,0x00,0x00,0x0f,0xf3,  //......%@@@@*...............@@*
0x00,0x00,0x00,0xbf,0xff,0xf3,0x00,0x00,0x00,0x00,0x00,0x00,0x00,0x0f,0xf0,  //......%@@@@*...............@@.
0x00,0x00,0x00,0xbf,0xff,0xf3,0x00,0x00,0x00,0x00,0x00,0x00,0x00,0x0f,0xf0,  //......%@@@@*...............@@.
0x00,0x00,0x00,0xbf,0xff,0xf3,0x00,0x00,0x00,0x00,0x00,0x00,0x00,0x0f,0xd0,  //......%@@@@*...............@#.
0x00,0x00,0x00,0xbf,0xff,0xf3,0x00,0x00,0x00,0x00,0x00,0x00,0x00,0x00,0x00,  //......%@@@@*..................
0x00,0x00,0x00,0xbf,0xff,0xf3,0x00,0x00,0x00,0x00,0x00,0x00,0x00,0x00,0x00,  //......%@@@@*..................
0x00,0x00,0x00,0xbf,0xff,0xf3,0x00,0x00,0x00,0x00,0x00,0x00,0x00,0x00,0x00,  //......%@@@@*..................
0x00,0x00,0x00,0xbf,0xff,0xf3,0x00,0x00,0x00,0x00,0x00,0x00,0x00,0x00,0x00,  //......%@@@@*..................
0x00,0x00,0x00,0xbf,0xff,0xf3,0x00,0x00,0x00,0x00,0x00,0x00,0x00,0x00,0x00,  //......%@@@@*..................
0x00,0x00,0x00,0xbf,0xff,0xf2,0x00,0x00,0x00,0x00,0x00,0x00,0x00,0x00,0x00,  //......%@@@@+..................
0x00,0x00,0x00,0xbf,0xff,0xf0,0x00,0x00,0x00,0x00,0x00,0x00,0x00,0x00,0x00,  //......%@@@@...................
0x00,0x00,0x00,0xbf,0xff,0xf0,0x00,0x00,0x00,0x00,0x00,0x00,0x00,0x00,0x00,  //......%@@@@...................
0x00,0x00,0x00,0xcf,0xff,0xf0,0x00,0x00,0x00,0x00,0x00,0x00,0x00,0x00,0x00,  //......#@@@@...................
0x00,0x00,0x00,0xff,0xff,0xf0,0x00,0x00,0x00,0x00,0x00,0x00,0x00,0x00,0x00,  //......@@@@@...................
0x00,0x00,0x00,0xff,0xff,0xf7,0x77,0x77,0x77,0x77,0x77,0x77,0xbc,0x00,0x00,  //......@@@@@*************%#....
0x00,0x00,0x00,0xff,0xff,0xff,0xff,0xff,0xff,0xff,0xff,0xff,0xff,0x00,0x00,  //......@@@@@@@@@@@@@@@@@@@@....
0x00,0x00,0x00,0xff,0xff,0xff,0xff,0xff,0xff,0xff,0xff,0xff,0xfc,0x00,0x00,  //......@@@@@@@@@@@@@@@@@@@#....
0x00,0x00,0x00,0xff,0xff,0xf0,0x03,0x34,0x77,0x7b,0xbb,0x97,0x40,0x00,0x00,  //......@@@@@..******%%%%**.....
0x00,0x00,0x00,0xff,0xff,0xc0,0x00,0x00,0x00,0x00,0x00,0x00,0x00,0x00,0x00,  //......@@@@#...................
0x00,0x00,0x00,0xff,0xff,0xb0,0x00,0x00,0x00,0x00,0x00,0x00,0x00,0x00,0x00,  //......@@@@%...................
0x00,0x00,0x00,0xff,0xff,0xb0,0x00,0x00,0x00,0x00,0x00,0x00,0x00,0x00,0x00,  //......@@@@%...................
0x00,0x00,0x00,0xff,0xff,0xb0,0x00,0x00,0x00,0x00,0x00,0x00,0x00,0x00,0x00,  //......@@@@%...................
0x00,0x00,0x01,0xff,0xff,0xb0,0x00,0x00,0x00,0x00,0x00,0x00,0x00,0x00,0x00,  //.....+@@@@%...................
0x00,0x00,0x03,0xff,0xff,0xb0,0x00,0x00,0x00,0x00,0x00,0x00,0x00,0x00,0x00,  //.....*@@@@%...................
0x00,0x00,0x03,0xff,0xff,0xb0,0x00,0x00,0x00,0x00,0x00,0x00,0x00,0x00,0x00,  //.....*@@@@%...................
0x00,0x00,0x03,0xff,0xff,0x90,0x00,0x00,0x00,0x00,0x00,0x00,0x00,0x00,0x00,  //.....*@@@@%...................
0x00,0x00,0x03,0xff,0xff,0x70,0x00,0x00,0x00,0x00,0x00,0x00,0x00,0x00,0x00,  //.....*@@@@*...................
0x00,0x00,0x03,0xff,0xff,0x70,0x00,0x00,0x00,0x00,0x00,0x00,0x00,0x00,0x00,  //.....*@@@@*...................
0x00,0x00,0x03,0xff,0xff,0x70,0x00,0x00,0x00,0x00,0x00,0x00,0x00,0x00,0x00,  //.....*@@@@*...................
0x00,0x00,0x05,0xff,0xff,0x70,0x00,0x00,0x00,0x00,0x00,0x00,0x00,0x00,0x00,  //.....*@@@@*...................
0x00,0x00,0x07,0xff,0xff,0x70,0x00,0x00,0x00,0x00,0x00,0x00,0x00,0x00,0x00,  //.....*@@@@*...................
0x00,0x00,0x07,0xff,0xff,0x70,0x00,0x00,0x00,0x00,0x00,0x00,0x00,0x00,0x00,  //.....*@@@@*...................
0x00,0x00,0x07,0xff,0xff,0x70,0x00,0x00,0x00,0x00,0x00,0x00,0x00,0x00,0x00,  //.....*@@@@*...................
0x00,0x00,0x07,0xff,0xff,0x60,0x00,0x00,0x00,0x00,0x00,0x00,0x00,0x00,0x00,  //.....*@@@@*...................
0x00,0x00,0x07,0xff,0xff,0x30,0x00,0x00,0x00,0x00,0x00,0x00,0x00,0x00,0x00,  //.....*@@@@*...................
0x00,0x00,0x07,0xff,0xff,0x30,0x00,0x00,0x00,0x00,0x00,0x00,0x00,0x00,0x00,  //.....*@@@@*...................
0x00,0x00,0x0b,0xff,0xff,0x30,0x00,0x00,0x00,0x00,0x00,0x00,0x00,0x00,0x00,  //.....%@@@@*...................
0x00,0x00,0x0b,0xff,0xff,0x30,0x00,0x00,0x00,0x00,0x00,0x00,0x00,0x00,0x00,  //.....%@@@@*...................
0x00,0x00,0x05,0x74,0x30,0x00,0x00,0x00,0x00,0x00,0x00,0x00,0x00,0x00,0x00,  //.....****.....................


/* G */
0x00,0x00,0x00,0x00,0x00,0x00,0x00,0x00,0x37,0x9b,0xdf,0xff,0xcb,0x96,0x20,0x00,0x00,0x00,  //................**%%#@@@#%%*+......
0x00,0x00,0x00,0x00,0x00,0x00,0x02,0x9e,0xff,0xff,0xff,0xff,0xff,0xff,0xfe,0x92,0x00,0x00,  //.............+%#@@@@@@@@@@@@@#%+...
0x00,0x00,0x00,0x00,0x00,0x03,0xbf,0xff,0xff,0xcb,0xbb,0xbc,0xff,0xff,0xff,0xff,0xa0,0x00,  //...........*%@@@@@#%%%%#@@@@@@@@%..
0x00,0x00,0x00,0x00,0x00,0x9f,0xff,0xf9,0x40,0x00,0x00,0x00,0x04,0x9f,0xff,0xff,0xfe,0x10,  //..........%@@@@%*........*%@@@@@@#+
0x00,0x00,0x00,0x00,0x2d,0xff,0xfa,0x10,0x00,0x00,0x00,0x00,0x00,0x01,0xaf,0xff,0xff,0x70,  //........+#@@@%+............+%@@@@@*
0x00,0x00,0x00,0x05,0xef,0xfe,0x50,0x00,0x00,0x00,0x00,0x00,0x00,0x00,0x06,0xff,0xff,0x70,  //.......*#@@#*................*@@@@*
0x00,0x00,0x00,0x5f,0xff,0xe2,0x00,0x00,0x00,0x00,0x00,0x00,0x00,0x00,0x00,0x5f,0xff,0x70,  //......*@@@#+..................*@@@*
0x00,0x00,0x03,0xff,0xff,0x20,0x00,0x00,0x00,0x00,0x00,0x00,0x00,0x00,0x00,0x0a,0xff,0x70,  //.....*@@@@+....................%@@*
0x00,0x00,0x1e,0xff,0xf6,0x00,0x00,0x00,0x00,0x00,0x00,0x00,0x00,0x00,0x00,0x01,0xff,0x40,  //....+#@@@*.....................+@@*
0x00,0x00,0xbf,0xff,0xb0,0x00,0x00,0x00,0x00,0x00,0x00,0x00,0x00,0x00,0x00,0x00,0xcf,0x30,  //....%@@@%.......................#@*
0x00,0x06,0xff,0xff,0x20,0x00,0x00,0x00,0x00,0x00,0x00,0x00,0x00,0x00,0x00,0x00,0xaf,0x30,  //...*@@@@+.......................%@*
0x00,0x0e,0xff,0xf9,0x00,0x00,0x00,0x00,0x00,0x00,0x00,0x00,0x00,0x00,0x00,0x00,0x7f,0x30,  //...#@@@%........................*@*
0x00,0x7f,0xff,0xf3,0x00,0x00,0x00,0x00,0x00,0x00,0x00,0x00,0x00,0x00,0x00,0x00,0x7f,0x30,  //..*@@@@*........................*@*
0x00,0xef,0xff,0xc0,0x00,0x00,0x00,0x00,0x00,0x00,0x00,0x00,0x00,0x00,0x00,0x00,0x13,0x00,  //..#@@@#.........................+*.
0x05,0xff,0xff,0x60,0x00,0x00,0x00,0x00,0x00,0x00,0x00,0x00,0x00,0x00,0x00,0x00,0x00,0x00,  //.*@@@@*............................
0x0c,0xff,0xff,0x20,0x00,0x00,0x00,0x00,0x00,0x00,0x00,0x00,0x00,0x00,0x00,0x00,0x00,0x00,  //.#@@@@+............................
0x1f,0xff,0xfe,0x00,0x00,0x00,0x00,0x00,0x00,0x00,0x00,0x00,0x00,0x00,0x00,0x00,0x00,0x00,  //+@@@@#.............................
0x5f,0xff,0xfb,0x00,0x00,0x00,0x00,0x00,0x00,0x00,0x00,0x00,0x00,0x00,0x00,0x00,0x00,0x00,  //*@@@@%.............................
0x9f,0xff,0xf7,0x00,0x00,0x00,0x00,0x00,0x00,0x00,0x00,0x00,0x00,0x00,0x00,0x00,0x00,0x00,  //%@@@@*.............................
0xdf,0xff,0xf5,0x00,0x00,0x00,0x00,0x00,0x00,0x00,0x00,0x00,0x00,0x00,0x00,0x00,0x00,0x00,  //#@@@@*.............................
0xff,0xff,0xf3,0x00,0x00,0x00,0x00,0x00,0x00,0x00,0x00,0x00,0x00,0x00,0x00,0x00,0x00,0x00,  //@@@@@*.............................
0xff,0xff,0xf3,0x00,0x00,0x00,0x00,0x00,0x00,0x00,0x00,0x00,0x00,0x00,0x00,0x00,0x00,0x00,  //@@@@@*.............................
0xff,0xff,0xf2,0x00,0x00,0x00,0x00,0x00,0x00,0x00,0x00,0x00,0x00,0x00,0x00,0x00,0x00,0x00,  //@@@@@+.............................
0xff,0xff,0xf0,0x00,0x00,0x00,0x00,0x00,0x00,0x00,0x00,0x00,0x00,0x00,0x00,0x00,0x00,0x00,  //@@@@@..............................
0xff,0xff,0xf0,0x00,0x00,0x00,0x00,0x00,0x00,0x00,0x00,0x00,0x00,0x00,0x00,0x00,0x00,0x00,  //@@@@@..............................
0xff,0xff,0xf3,0x00,0x00,0x00,0x00,0x00,0x00,0x00,0x00,0x00,0x00,0x00,0x00,0x00,0x00,0x00,  //@@@@@*.............................
0xff,0xff,0xf3,0x00,0x00,0x00,0x00,0x00,0x00,0x00,0x00,0x00,0x00,0x00,0x00,0x00,0x00,0x00,  //@@@@@*.............................
0xff,0xff,0xf3,0x00,0x00,0x00,0x00,0x00,0x00,0x00,0x00,0x00,0x00,0x00,0x00,0x00,0x00,0x00,  //@@@@@*.............................
0xff,0xff,0xf6,0x00,0x00,0x00,0x00,0x00,0x00,0x00,0x0b,0xbb,0xbb,0xbb,0xbb,0xbb,0x90,0x00,  //@@@@@*...............%%%%%%%%%%%%..
0xff,0xff,0xf7,0x00,0x00,0x00,0x00,0x00,0x00,0x00,0x0f,0xff,0xff,0xff,0xff,0xff,0xf6,0x00,  //@@@@@*...............@@@@@@@@@@@@*.
0xff,0xff,0xfb,0x00,0x00,0x00,0x00,0x00,0x00,0x00,0x03,0x33,0x33,0x6d,0xff,0xff,0xf7,0x00,  //@@@@@%...............******#@@@@@*.
0xdf,0xff,0xfe,0x00,0x00,0x00,0x00,0x00,0x00,0x00,0x00,0x00,0x00,0x00,0xff,0xff,0xf7,0x00,  //#@@@@#......................@@@@@*.
0xaf,0xff,0xff,0x20,0x00,0x00,0x00,0x00,0x00,0x00,0x00,0x00,0x00,0x00,0xbf,0xff,0xf7,0x00,  //%@@@@@+.....................%@@@@*.
0x5f,0xff,0xff,0x80,0x00,0x00,0x00,0x00,0x00,0x00,0x00,0x00,0x00,0x00,0xbf,0xff,0xf7,0x00,  //*@@@@@%.....................%@@@@*.
0x0f,0xff,0xff,0xd0,0x00,0x00,0x00,0x00,0x00,0x00,0x00,0x00,0x00,0x00,0xbf,0xff,0xf7,0x00,  //.@@@@@#.....................%@@@@*.
0x09,0xff,0xff,0xf5,0x00,0x00,0x00,0x00,0x00,0x00,0x00,0x00,0x00,0x00,0xbf,0xff,0xf6,0x00,  //.%@@@@@*....................%@@@@*.
0x03,0xff,0xff,0xfc,0x00,0x00,0x00,0x00,0x00,0x00,0x00,0x00,0x00,0x00,0xbf,0xff,0xf3,0x00,  //.*@@@@@#....................%@@@@*.
0x00,0xbf,0xff,0xff,0x60,0x00,0x00,0x00,0x00,0x00,0x00,0x00,0x00,0x00,0xbf,0xff,0xf3,0x00,  //..%@@@@@*...................%@@@@*.
0x00,0x1f,0xff,0xff,0xe1,0x00,0x00,0x00,0x00,0x00,0x00,0x00,0x00,0x00,0xbf,0xff,0xf3,0x00,  //..+@@@@@#+..................%@@@@*.
0x00,0x06,0xff,0xff,0xfc,0x00,0x00,0x00,0x00,0x00,0x00,0x00,0x00,0x00,0xbf,0xff,0xf3,0x00,  //...*@@@@@#..................%@@@@*.
0x00,0x00,0x9f,0xff,0xff,0xc0,0x00,0x00,0x00,0x00,0x00,0x00,0x00,0x00,0xbf,0xff,0xf3,0x00,  //....%@@@@@#.................%@@@@*.
0x00,0x00,0x09,0xff,0xff,0xfc,0x20,0x00,0x00,0x00,0x00,0x00,0x00,0x00,0xef,0xff,0xf1,0x00,  //.....%@@@@@#+...............#@@@@+.
0x00,0x00,0x00,0x8f,0xff,0xff,0xf7,0x00,0x00,0x00,0x00,0x00,0x00,0x03,0xff,0xff,0xf0,0x00,  //......%@@@@@@*.............*@@@@@..
0x00,0x00,0x00,0x03,0xdf,0xff,0xff,0xe8,0x20,0x00,0x00,0x00,0x00,0x5e,0xff,0xff,0xe0,0x00,  //.......*#@@@@@#%+.........*#@@@@#..
0x00,0x00,0x00,0x00,0x07,0xef,0xff,0xff,0xfe,0xb8,0x77,0x77,0xbe,0xff,0xff,0xfe,0x50,0x00,  //.........*#@@@@@@#%%****%#@@@@@#*..
0x00,0x00,0x00,0x00,0x00,0x05,0xaf,0xff,0xff,0xff,0xff,0xff,0xff,0xff,0xfc,0x60,0x00,0x00,  //...........*%@@@@@@@@@@@@@@@@#*....
0x00,0x00,0x00,0x00,0x00,0x00,0x00,0x47,0xbb,0xff,0xff,0xff,0xbb,0x74,0x00,0x00,0x00,0x00,  //..............**%%@@@@@@%%**.......


/* L */
0x00,0x15,0x7b,0xbf,0xea,0x20,0x00,0x00,0x00,0x00,0x00,0x00,0x00,0x00,0x00,0x00,  //..+**%%@#%+....................
0xae,0xff,0xff,0xff,0xff,0xe0,0x00,0x00,0x00,0x00,0x00,0x00,0x00,0x00,0x00,0x00,  //%#@@@@@@@@#....................
0xff,0xff,0xff,0xff,0xff,0xf3,0x00,0x00,0x00,0x00,0x00,0x00,0x00,0x00,0x00,0x00,  //@@@@@@@@@@@*...................
0x00,0x00,0x06,0xff,0xff,0xf4,0x00,0x00,0x00,0x00,0x00,0x00,0x00,0x00,0x00,0x00,  //.....*@@@@@*...................
0x00,0x00,0x00,0xdf,0xff,0xf7,0x00,0x00,0x00,0x00,0x00,0x00,0x00,0x00,0x00,0x00,  //......#@@@@*...................
0x00,0x00,0x00,0xbf,0xff,0xf7,0x00,0x00,0x00,0x00,0x00,0x00,0x00,0x00,0x00,0x00,  //......%@@@@*...................
0x00,0x00,0x00,0xbf,0xff,0xf7,0x00,0x00,0x00,0x00,0x00,0x00,0x00,0x00,0x00,0x00,  //......%@@@@*...................
0x00,0x00,0x00,0xbf,0xff,0xf3,0x00,0x00,0x00,0x00,0x00,0x00,0x00,0x00,0x00,0x00,  //......%@@@@*...................
0x00,0x00,0x00,0xbf,0xff,0xf3,0x00,0x00,0x00,0x00,0x00,0x00,0x00,0x00,0x00,0x00,  //......%@@@@*...................
0x00,0x00,0x00,0xbf,0xff,0xf3,0x00,0x00,0x00,0x00,0x00,0x00,0x00,0x00,0x00,0x00,  //......%@@@@*...................
0x00,0x00,0x00,0xbf,0xff,0xf3,0x00,0x00,0x00,0x00,0x00,0x00,0x00,0x00,0x00,0x00,  //......%@@@@*...................
0x00,0x00,0x00,0xbf,0xff,0xf3,0x00,0x00,0x00,0x00,0x00,0x00,0x00,0x00,0x00,0x00,  //......%@@@@*...................
0x00,0x00,0x00,0xbf,0xff,0xf3,0x00,0x00,0x00,0x00,0x00,0x00,0x00,0x00,0x00,0x00,  //......%@@@@*...................
0x00,0x00,0x00,0xbf,0xff,0xf3,0x00,0x00,0x00,0x00,0x00,0x00,0x00,0x00,0x00,0x00,  //......%@@@@*...................
0x00,0x00,0x00,0xbf,0xff,0xf3,0x00,0x00,0x00,0x00,0x00,0x00,0x00,0x00,0x00,0x00,  //......%@@@@*...................
0x00,0x00,0x00,0xbf,0xff,0xf3,0x00,0x00,0x00,0x00,0x00,0x00,0x00,0x00,0x00,0x00,  //......%@@@@*...................
0x00,0x00,0x00,0xbf,0xff,0xf3,0x00,0x00,0x00,0x00,0x00,0x00,0x00,0x00,0x00,0x00,  //......%@@@@*...................
0x00,0x00,0x00,0xbf,0xff,0xf0,0x00,0x00,0x00,0x00,0x00,0x00,0x00,0x00,0x00,0x00,  //......%@@@@....................
0x00,0x00,0x00,0xbf,0xff,0xf0,0x00,0x00,0x00,0x00,0x00,0x00,0x00,0x00,0x00,0x00,  //......%@@@@....................
0x00,0x00,0x00,0xbf,0xff,0xf0,0x00,0x00,0x00,0x00,0x00,0x00,0x00,0x00,0x00,0x00,  //......%@@@@....................
0x00,0x00,0x00,0xbf,0xff,0xf0,0x00,0x00,0x00,0x00,0x00,0x00,0x00,0x00,0x00,0x00,  //......%@@@@....................
0x00,0x00,0x00,0xbf,0xff,0xf0,0x00,0x00,0x00,0x00,0x00,0x00,0x00,0x00,0x00,0x00,  //......%@@@@....................
0x00,0x00,0x00,0xff,0xff,0xf0,0x00,0x00,0x00,0x00,0x00,0x00,0x00,0x00,0x00,0x00,  //......@@@@@....................
0x00,0x00,0x00,0xff,0xff,0xf0,0x00,0x00,0x00,0x00,0x00,0x00,0x00,0x00,0x00,0x00,  //......@@@@@....................
0x00,0x00,0x00,0xff,0xff,0xf0,0x00,0x00,0x00,0x00,0x00,0x00,0x00,0x00,0x00,0x00,  //......@@@@@....................
0x00,0x00,0x00,0xff,0xff,0xb0,0x00,0x00,0x00,0x00,0x00,0x00,0x00,0x00,0x00,0x00,  //......@@@@%....................
0x00,0x00,0x00,0xff,0xff,0xb0,0x00,0x00,0x00,0x00,0x00,0x00,0x00,0x00,0x00,0x00,  //......@@@@%....................
0x00,0x00,0x00,0xff,0xff,0xb0,0x00,0x00,0x00,0x00,0x00,0x00,0x00,0x00,0x00,0x00,  //......@@@@%....................
0x00,0x00,0x00,0xff,0xff,0xb0,0x00,0x00,0x00,0x00,0x00,0x00,0x00,0x00,0x00,0x00,  //......@@@@%....................
0x00,0x00,0x00,0xff,0xff,0xb0,0x00,0x00,0x00,0x00,0x00,0x00,0x00,0x00,0x00,0x00,  //......@@@@%....................
0x00,0x00,0x03,0xff,0xff,0xb0,0x00,0x00,0x00,0x00,0x00,0x00,0x00,0x00,0x00,0x00,  //.....*@@@@%....................
0x00,0x00,0x03,0xff,0xff,0x80,0x00,0x00,0x00,0x00,0x00,0x00,0x00,0x00,0x00,0x00,  //.....*@@@@%....................
0x00,0x00,0x03,0xff,0xff,0x70,0x00,0x00,0x00,0x00,0x00,0x00,0x00,0x00,0x00,0x00,  //.....*@@@@*....................
0x00,0x00,0x03,0xff,0xff,0x70,0x00,0x00,0x00,0x00,0x00,0x00,0x00,0x00,0x00,0x00,  //.....*@@@@*....................
0x00,0x00,0x03,0xff,0xff,0x70,0x00,0x00,0x00,0x00,0x00,0x00,0x00,0x00,0x07,0x70,  //.....*@@@@*..................**
0x00,0x00,0x07,0xff,0xff,0x60,0x00,0x00,0x00,0x00,0x00,0x00,0x00,0x00,0x0e,0xf0,  //.....*@@@@*..................#@
0x00,0x00,0x07,0xff,0xff,0x30,0x00,0x00,0x00,0x00,0x00,0x00,0x00,0x00,0x0f,0xc0,  //.....*@@@@*..................@#
0x00,0x00,0x07,0xff,0xff,0x30,0x00,0x00,0x00,0x00,0x00,0x00,0x00,0x00,0x3f,0xb0,  //.....*@@@@*.................*@%
0x00,0x00,0x07,0xff,0xff,0x30,0x00,0x00,0x00,0x00,0x00,0x00,0x00,0x00,0x8f,0xb0,  //.....*@@@@*.................%@%
0x00,0x00,0x0b,0xff,0xff,0x20,0x00,0x00,0x00,0x00,0x00,0x00,0x00,0x00,0xef,0x80,  //.....%@@@@+.................#@%
0x00,0x00,0x0b,0xff,0xff,0x00,0x00,0x00,0x00,0x00,0x00,0x00,0x00,0x07,0xff,0x60,  //.....%@@@@.................*@@*
0x00,0x00,0x0b,0xff,0xff,0x00,0x00,0x00,0x00,0x00,0x00,0x00,0x01,0x8f,0xff,0x20,  //.....%@@@@...............+%@@@+
0x00,0x00,0x0f,0xff,0xff,0xab,0xdf,0xff,0xff,0xff,0xff,0xff,0xff,0xff,0xfd,0x00,  //.....@@@@@%%#@@@@@@@@@@@@@@@@#.
0x00,0x00,0x0f,0xff,0xff,0xff,0xff,0xff,0xff,0xff,0xff,0xff,0xff,0xff,0xf5,0x00,  //.....@@@@@@@@@@@@@@@@@@@@@@@@*.
0x00,0x00,0x2f,0xff,0xfc,0xbb,0xbb,0xbb,0xbd,0xff,0xff,0xff,0xff,0xff,0x90,0x00,  //....+@@@@#%%%%%%%#@@@@@@@@@@%..
0x00,0x00,0x17,0x31,0x00,0x00,0x00,0x00,0x00,0x02,0x47,0x9b,0xdd,0xb5,0x00,0x00,  //....+**+...........+**%%##%*...


/* O */
0x00,0x00,0x00,0x00,0x00,0x00,0x01,0x59,0xbd,0xff,0xeb,0x96,0x20,0x00,0x00,0x00,0x00,0x00,0x00,  //.............+*%%#@@#%%*+............
0x00,0x00,0x00,0x00,0x00,0x05,0xbf,0xff,0xff,0xff,0xff,0xff,0xfd,0x60,0x00,0x00,0x00,0x00,0x00,  //...........*%@@@@@@@@@@@@#*..........
0x00,0x00,0x00,0x00,0x03,0xcf,0xff,0xfd,0xb8,0x7b,0xcf,0xff,0xff,0xfe,0x50,0x00,0x00,0x00,0x00,  //.........*#@@@@#%%*%#@@@@@@#*........
0x00,0x00,0x00,0x00,0x7f,0xff,0xf9,0x20,0x00,0x00,0x01,0x7e,0xff,0xff,0xfa,0x00,0x00,0x00,0x00,  //........*@@@@%+......+*#@@@@@%.......
0x00,0x00,0x00,0x09,0xff,0xfc,0x20,0x00,0x00,0x00,0x00,0x00,0x8f,0xff,0xff,0xc0,0x00,0x00,0x00,  //.......%@@@#+...........%@@@@@#......
0x00,0x00,0x00,0x9f,0xff,0x90,0x00,0x00,0x00,0x00,0x00,0x00,0x05,0xff,0xff,0xfc,0x00,0x00,0x00,  //......%@@@%..............*@@@@@#.....
0x00,0x00,0x09,0xff,0xfc,0x00,0x00,0x00,0x00,0x00,0x00,0x00,0x00,0x5f,0xff,0xff,0xa0,0x00,0x00,  //.....%@@@#................*@@@@@%....
0x00,0x00,0x4f,0xff,0xe0,0x00,0x00,0x00,0x00,0x00,0x00,0x00,0x00,0x09,0xff,0xff,0xf5,0x00,0x00,  //....*@@@#..................%@@@@@*...
0x00,0x00,0xef,0xff,0x50,0x00,0x00,0x00,0x00,0x00,0x00,0x00,0x00,0x00,0xef,0xff,0xfe,0x00,0x00,  //....#@@@*...................#@@@@#...
0x00,0x09,0xff,0xfd,0x00,0x00,0x00,0x00,0x00,0x00,0x00,0x00,0x00,0x00,0x5f,0xff,0xff,0x70,0x00,  //...%@@@#....................*@@@@@*..
0x00,0x1f,0xff,0xf5,0x00,0x00,0x00,0x00,0x00,0x00,0x00,0x00,0x00,0x00,0x0d,0xff,0xff,0xe0,0x00,  //..+@@@@*.....................#@@@@#..
0x00,0x9f,0xff,0xe0,0x00,0x00,0x00,0x00,0x00,0x00,0x00,0x00,0x00,0x00,0x07,0xff,0xff,0xf4,0x00,  //..%@@@#......................*@@@@@*.
0x00,0xff,0xff,0x90,0x00,0x00,0x00,0x00,0x00,0x00,0x00,0x00,0x00,0x00,0x01,0xff,0xff,0xf9,0x00,  //..@@@@%......................+@@@@@%.
0x06,0xff,0xff,0x50,0x00,0x00,0x00,0x00,0x00,0x00,0x00,0x00,0x00,0x00,0x00,0xcf,0xff,0xfe,0x00,  //.*@@@@*.......................#@@@@#.
0x0c,0xff,0xff,0x10,0x00,0x00,0x00,0x00,0x00,0x00,0x00,0x00,0x00,0x00,0x00,0x8f,0xff,0xff,0x20,  //.#@@@@+.......................%@@@@@+
0x1f,0xff,0xfd,0x00,0x00,0x00,0x00,0x00,0x00,0x00,0x00,0x00,0x00,0x00,0x00,0x4f,0xff,0xff,0x50,  //+@@@@#........................*@@@@@*
0x5f,0xff,0xfb,0x00,0x00,0x00,0x00,0x00,0x00,0x00,0x00,0x00,0x00,0x00,0x00,0x1f,0xff,0xff,0x70,  //*@@@@%........................+@@@@@*
0x9f,0xff,0xf7,0x00,0x00,0x00,0x00,0x00,0x00,0x00,0x00,0x00,0x00,0x00,0x00,0x0f,0xff,0xff,0xb0,  //%@@@@*.........................@@@@@%
0xcf,0xff,0xf6,0x00,0x00,0x00,0x00,0x00,0x00,0x00,0x00,0x00,0x00,0x00,0x00,0x0d,0xff,0xff,0xb0,  //#@@@@*.........................#@@@@%
0xff,0xff,0xf3,0x00,0x00,0x00,0x00,0x00,0x00,0x00,0x00,0x00,0x00,0x00,0x00,0x0b,0xff,0xff,0xb0,  //@@@@@*.........................%@@@@%
0xff,0xff,0xf3,0x00,0x00,0x00,0x00,0x00,0x00,0x00,0x00,0x00,0x00,0x00,0x00,0x0b,0xff,0xff,0xd0,  //@@@@@*.........................%@@@@#
0xff,0xff,0xf3,0x00,0x00,0x00,0x00,0x00,0x00,0x00,0x00,0x00,0x00,0x00,0x00,0x0b,0xff,0xff,0xf0,  //@@@@@*.........................%@@@@@
0xff,0xff,0xf3,0x00,0x00,0x00,0x00,0x00,0x00,0x00,0x00,0x00,0x00,0x00,0x00,0x07,0xff,0xff,0xe0,  //@@@@@*.........................*@@@@#
0xff,0xff,0xf3,0x00,0x00,0x00,0x00,0x00,0x00,0x00,0x00,0x00,0x00,0x00,0x00,0x07,0xff,0xff,0xb0,  //@@@@@*.........................*@@@@%
0xff,0xff,0xf3,0x00,0x00,0x00,0x00,0x00,0x00,0x00,0x00,0x00,0x00,0x00,0x00,0x08,0xff,0xff,0xb0,  //@@@@@*.........................%@@@@%
0xff,0xff,0xf3,0x00,0x00,0x00,0x00,0x00,0x00,0x00,0x00,0x00,0x00,0x00,0x00,0x0b,0xff,0xff,0xb0,  //@@@@@*.........................%@@@@%
0xff,0xff,0xf3,0x00,0x00,0x00,0x00,0x00,0x00,0x00,0x00,0x00,0x00,0x00,0x00,0x0b,0xff,0xff,0x80,  //@@@@@*.........................%@@@@%
0xff,0xff,0xf3,0x00,0x00,0x00,0x00,0x00,0x00,0x00,0x00,0x00,0x00,0x00,0x00,0x0b,0xff,0xff,0x70,  //@@@@@*.........................%@@@@*
0xff,0xff,0xf5,0x00,0x00,0x00,0x00,0x00,0x00,0x00,0x00,0x00,0x00,0x00,0x00,0x0d,0xff,0xff,0x30,  //@@@@@*.........................#@@@@*
0xff,0xff,0xf7,0x00,0x00,0x00,0x00,0x00,0x00,0x00,0x00,0x00,0x00,0x00,0x00,0x0f,0xff,0xff,0x00,  //@@@@@*.........................@@@@@.
0xff,0xff,0xf9,0x00,0x00,0x00,0x00,0x00,0x00,0x00,0x00,0x00,0x00,0x00,0x00,0x2f,0xff,0xfc,0x00,  //@@@@@%........................+@@@@#.
0xff,0xff,0xfc,0x00,0x00,0x00,0x00,0x00,0x00,0x00,0x00,0x00,0x00,0x00,0x00,0x4f,0xff,0xf8,0x00,  //@@@@@#........................*@@@@%.
0xbf,0xff,0xff,0x00,0x00,0x00,0x00,0x00,0x00,0x00,0x00,0x00,0x00,0x00,0x00,0x8f,0xff,0xf4,0x00,  //%@@@@@........................%@@@@*.
0x8f,0xff,0xff,0x40,0x00,0x00,0x00,0x00,0x00,0x00,0x00,0x00,0x00,0x00,0x00,0xcf,0xff,0xe0,0x00,  //%@@@@@*.......................#@@@#..
0x4f,0xff,0xff,0x90,0x00,0x00,0x00,0x00,0x00,0x00,0x00,0x00,0x00,0x00,0x00,0xff,0xff,0x80,0x00,  //*@@@@@%.......................@@@@%..
0x0e,0xff,0xff,0xe0,0x00,0x00,0x00,0x00,0x00,0x00,0x00,0x00,0x00,0x00,0x05,0xff,0xff,0x10,0x00,  //.#@@@@#......................*@@@@+..
0x08,0xff,0xff,0xf5,0x00,0x00,0x00,0x00,0x00,0x00,0x00,0x00,0x00,0x00,0x0c,0xff,0xf9,0x00,0x00,  //.%@@@@@*.....................#@@@%...
0x01,0xff,0xff,0xfd,0x00,0x00,0x00,0x00,0x00,0x00,0x00,0x00,0x00,0x00,0x3f,0xff,0xf1,0x00,0x00,  //.+@@@@@#....................*@@@@+...
0x00,0x9f,0xff,0xff,0x60,0x00,0x00,0x00,0x00,0x00,0x00,0x00,0x00,0x00,0xbf,0xff,0x70,0x00,0x00,  //..%@@@@@*...................%@@@*....
0x00,0x1e,0xff,0xff,0xe1,0x00,0x00,0x00,0x00,0x00,0x00,0x00,0x00,0x06,0xff,0xfc,0x00,0x00,0x00,  //..+#@@@@#+.................*@@@#.....
0x00,0x05,0xff,0xff,0xfc,0x00,0x00,0x00,0x00,0x00,0x00,0x00,0x00,0x2e,0xff,0xe2,0x00,0x00,0x00,  //...*@@@@@#................+#@@#+.....
0x00,0x00,0x9f,0xff,0xff,0xc0,0x00,0x00,0x00,0x00,0x00,0x00,0x02,0xef,0xff,0x40,0x00,0x00,0x00,  //....%@@@@@#..............+#@@@*......
0x00,0x00,0x09,0xff,0xff,0xfc,0x20,0x00,0x00,0x00,0x00,0x00,0x4e,0xff,0xe5,0x00,0x00,0x00,0x00,  //.....%@@@@@#+...........*#@@#*.......
0x00,0x00,0x00,0x7f,0xff,0xff,0xf9,0x10,0x00,0x00,0x00,0x3b,0xff,0xfd,0x20,0x00,0x00,0x00,0x00,  //......*@@@@@@%+.......*%@@@#+........
0x00,0x00,0x00,0x03,0xdf,0xff,0xff,0xfc,0x97,0x77,0xad,0xff,0xff,0x90,0x00,0x00,0x00,0x00,0x00,  //.......*#@@@@@@#%***%#@@@@%..........
0x00,0x00,0x00,0x00,0x05,0xdf,0xff,0xff,0xff,0xff,0xff,0xff,0x91,0x00,0x00,0x00,0x00,0x00,0x00,  //.........*#@@@@@@@@@@@@@%+...........
0x00,0x00,0x00,0x00,0x00,0x02,0x7b,0xdf,0xff,0xff,0xc9,0x50,0x00,0x00,0x00,0x00,0x00,0x00,0x00,  //...........+*%#@@@@@#%*..............


/* R */
0x00,0x00,0x23,0x78,0xbc,0xff,0xff,0xff,0xff,0xff,0xff,0xb8,0x20,0x00,0x00,0x00,0x00,0x00,0x00,0x00,  //....+**%%#@@@@@@@@@@@@%%+..............
0x7a,0xcf,0xff,0xff,0xff,0xff,0xff,0xff,0xff,0xff,0xff,0xff,0xfb,0x20,0x00,0x00,0x00,0x00,0x00,0x00,  //*%#@@@@@@@@@@@@@@@@@@@@@@%+............
0xff,0xff,0xff,0xff,0xff,0xf9,0x00,0x00,0x00,0x26,0xdf,0xff,0xff,0xf5,0x00,0x00,0x00,0x00,0x00,0x00,  //@@@@@@@@@@@%......+*#@@@@@@*...........
0x33,0x10,0x3a,0xff,0xff,0xf7,0x00,0x00,0x00,0x00,0x05,0xef,0xff,0xff,0x50,0x00,0x00,0x00,0x00,0x00,  //**+.*%@@@@@*.........*#@@@@@*..........
0x00,0x00,0x00,0xef,0xff,0xf7,0x00,0x00,0x00,0x00,0x00,0x2e,0xff,0xff,0xe1,0x00,0x00,0x00,0x00,0x00,  //......#@@@@*..........+#@@@@#+.........
0x00,0x00,0x00,0xbf,0xff,0xf5,0x00,0x00,0x00,0x00,0x00,0x04,0xff,0xff,0xf9,0x00,0x00,0x00,0x00,0x00,  //......%@@@@*...........*@@@@@%.........
0x00,0x00,0x00,0xbf,0xff,0xf3,0x00,0x00,0x00,0x00,0x00,0x00,0xcf,0xff,0xfe,0x00,0x00,0x00,0x00,0x00,  //......%@@@@*............#@@@@#.........
0x00,0x00,0x00,0xbf,0xff,0xf3,0x00,0x00,0x00,0x00,0x00,0x00,0x6f,0xff,0xff,0x10,0x00,0x00,0x00,0x00,  //......%@@@@*............*@@@@@+........
0x00,0x00,0x00,0xbf,0xff,0xf3,0x00,0x00,0x00,0x00,0x00,0x00,0x3f,0xff,0xff,0x30,0x00,0x00,0x00,0x00,  //......%@@@@*............*@@@@@*........
0x00,0x00,0x00,0xbf,0xff,0xf3,0x00,0x00,0x00,0x00,0x00,0x00,0x0f,0xff,0xff,0x30,0x00,0x00,0x00,0x00,  //......%@@@@*.............@@@@@*........
0x00,0x00,0x00,0xbf,0xff,0xf3,0x00,0x00,0x00,0x00,0x00,0x00,0x0f,0xff,0xff,0x30,0x00,0x00,0x00,0x00,  //......%@@@@*.............@@@@@*........
0x00,0x00,0x00,0xbf,0xff,0xf3,0x00,0x00,0x00,0x00,0x00,0x00,0x0f,0xff,0xff,0x20,0x00,0x00,0x00,0x00,  //......%@@@@*.............@@@@@+........
0x00,0x00,0x00,0xbf,0xff,0xf3,0x00,0x00,0x00,0x00,0x00,0x00,0x0f,0xff,0xff,0x00,0x00,0x00,0x00,0x00,  //......%@@@@*.............@@@@@.........
0x00,0x00,0x00,0xbf,0xff,0xf3,0x00,0x00,0x00,0x00,0x00,0x00,0x2f,0xff,0xfa,0x00,0x00,0x00,0x00,0x00,  //......%@@@@*............+@@@@%.........
0x00,0x00,0x00,0xbf,0xff,0xf1,0x00,0x00,0x00,0x00,0x00,0x00,0x5f,0xff,0xf5,0x00,0x00,0x00,0x00,0x00,  //......%@@@@+............*@@@@*.........
0x00,0x00,0x00,0xbf,0xff,0xf0,0x00,0x00,0x00,0x00,0x00,0x00,0xaf,0xff,0xd0,0x00,0x00,0x00,0x00,0x00,  //......%@@@@.............%@@@#..........
0x00,0x00,0x00,0xbf,0xff,0xf0,0x00,0x00,0x00,0x00,0x00,0x01,0xff,0xff,0x40,0x00,0x00,0x00,0x00,0x00,  //......%@@@@............+@@@@*..........
0x00,0x00,0x00,0xbf,0xff,0xf0,0x00,0x00,0x00,0x00,0x00,0x0a,0xff,0xf9,0x00,0x00,0x00,0x00,0x00,0x00,  //......%@@@@............%@@@%...........
0x00,0x00,0x00,0xbf,0xff,0xf0,0x00,0x00,0x00,0x00,0x00,0x9f,0xff,0xc0,0x00,0x00,0x00,0x00,0x00,0x00,  //......%@@@@...........%@@@#............
0x00,0x00,0x00,0xcf,0xff,0xf0,0x00,0x00,0x00,0x00,0x09,0xff,0xf9,0x00,0x00,0x00,0x00,0x00,0x00,0x00,  //......#@@@@..........%@@@%.............
0x00,0x00,0x00,0xff,0xff,0xf0,0x00,0x00,0x00,0x06,0xef,0xfe,0x40,0x00,0x00,0x00,0x00,0x00,0x00,0x00,  //......@@@@@........*#@@#*..............
0x00,0x00,0x00,0xff,0xff,0xf0,0x00,0x33,0x7b,0xff,0xfe,0x70,0x00,0x00,0x00,0x00,0x00,0x00,0x00,0x00,  //......@@@@@...***%@@@#*................
0x00,0x00,0x00,0xff,0xff,0xf0,0x5f,0xff,0xff,0xfa,0x50,0x00,0x00,0x00,0x00,0x00,0x00,0x00,0x00,0x00,  //......@@@@@.*@@@@@@%*..................
0x00,0x00,0x00,0xff,0xff,0xc0,0x0b,0xff,0xff,0x90,0x00,0x00,0x00,0x00,0x00,0x00,0x00,0x00,0x00,0x00,  //......@@@@#..%@@@@%....................
0x00,0x00,0x00,0xff,0xff,0xb0,0x03,0xff,0xff,0xf3,0x00,0x00,0x00,0x00,0x00,0x00,0x00,0x00,0x00,0x00,  //......@@@@%..*@@@@@*...................
0x00,0x00,0x00,0xff,0xff,0xb0,0x00,0xaf,0xff,0xfc,0x00,0x00,0x00,0x00,0x00,0x00,0x00,0x00,0x00,0x00,  //......@@@@%...%@@@@#...................
0x00,0x00,0x00,0xff,0xff,0xb0,0x00,0x1f,0xff,0xff,0x60,0x00,0x00,0x00,0x00,0x00,0x00,0x00,0x00,0x00,  //......@@@@%...+@@@@@*..................
0x00,0x00,0x00,0xff,0xff,0xb0,0x00,0x07,0xff,0xff,0xe0,0x00,0x00,0x00,0x00,0x00,0x00,0x00,0x00,0x00,  //......@@@@%....*@@@@#..................
0x00,0x00,0x00,0xff,0xff,0xb0,0x00,0x00,0xdf,0xff,0xfa,0x00,0x00,0x00,0x00,0x00,0x00,0x00,0x00,0x00,  //......@@@@%.....#@@@@%.................
0x00,0x00,0x01,0xff,0xff,0xb0,0x00,0x00,0x4f,0xff,0xff,0x30,0x00,0x00,0x00,0x00,0x00,0x00,0x00,0x00,  //.....+@@@@%.....*@@@@@*................
0x00,0x00,0x03,0xff,0xff,0xb0,0x00,0x00,0x0b,0xff,0xff,0xd0,0x00,0x00,0x00,0x00,0x00,0x00,0x00,0x00,  //.....*@@@@%......%@@@@#................
0x00,0x00,0x03,0xff,0xff,0xb0,0x00,0x00,0x01,0xff,0xff,0xf8,0x00,0x00,0x00,0x00,0x00,0x00,0x00,0x00,  //.....*@@@@%......+@@@@@%...............
0x00,0x00,0x03,0xff,0xff,0x70,0x00,0x00,0x00,0x7f,0xff,0xff,0x30,0x00,0x00,0x00,0x00,0x00,0x00,0x00,  //.....*@@@@*.......*@@@@@*..............
0x00,0x00,0x03,0xff,0xff,0x70,0x00,0x00,0x00,0x0d,0xff,0xff,0xd0,0x00,0x00,0x00,0x00,0x00,0x00,0x00,  //.....*@@@@*........#@@@@#..............
0x00,0x00,0x03,0xff,0xff,0x70,0x00,0x00,0x00,0x03,0xff,0xff,0xf9,0x00,0x00,0x00,0x00,0x00,0x00,0x00,  //.....*@@@@*........*@@@@@%.............
0x00,0x00,0x03,0xff,0xff,0x70,0x00,0x00,0x00,0x00,0x8f,0xff,0xff,0x50,0x00,0x00,0x00,0x00,0x00,0x00,  //.....*@@@@*.........%@@@@@*............
0x00,0x00,0x06,0xff,0xff,0x70,0x00,0x00,0x00,0x00,0x0d,0xff,0xff,0xe2,0x00,0x00,0x00,0x00,0x00,0x00,  //.....*@@@@*..........#@@@@#+...........
0x00,0x00,0x07,0xff,0xff,0x70,0x00,0x00,0x00,0x00,0x03,0xff,0xff,0xfc,0x00,0x00,0x00,0x00,0x00,0x00,  //.....*@@@@*..........*@@@@@#...........
0x00,0x00,0x07,0xff,0xff,0x70,0x00,0x00,0x00,0x00,0x00,0x7f,0xff,0xff,0xc0,0x00,0x00,0x00,0x00,0x00,  //.....*@@@@*...........*@@@@@#..........
0x00,0x00,0x07,0xff,0xff,0x70,0x00,0x00,0x00,0x00,0x00,0x0b,0xff,0xff,0xf9,0x00,0x00,0x00,0x00,0x00,  //.....*@@@@*............%@@@@@%.........
0x00,0x00,0x07,0xff,0xff,0x50,0x00,0x00,0x00,0x00,0x00,0x00,0xef,0xff,0xff,0x90,0x00,0x00,0x00,0x00,  //.....*@@@@*.............#@@@@@%........
0x00,0x00,0x07,0xff,0xff,0x30,0x00,0x00,0x00,0x00,0x00,0x00,0x2e,0xff,0xff,0xfc,0x20,0x00,0x00,0x00,  //.....*@@@@*.............+#@@@@@#+......
0x00,0x00,0x09,0xff,0xff,0x30,0x00,0x00,0x00,0x00,0x00,0x00,0x04,0xff,0xff,0xff,0xfa,0x77,0x7a,0x80,  //.....%@@@@*..............*@@@@@@@%***%%
0x00,0x00,0x0b,0xff,0xff,0x30,0x00,0x00,0x00,0x00,0x00,0x00,0x00,0x5f,0xff,0xff,0xff,0xff,0xff,0x90,  //.....%@@@@*...............*@@@@@@@@@@@%
0x00,0x00,0x0b,0xff,0xff,0x30,0x00,0x00,0x00,0x00,0x00,0x00,0x00,0x02,0xef,0xff,0xff,0xfe,0x92,0x00,  //.....%@@@@*................+#@@@@@@#%+.
0x00,0x00,0x05,0x74,0x30,0x00,0x00,0x00,0x00,0x00,0x00,0x00,0x00,0x00,0x07,0xbb,0xb8,0x40,0x00,0x00,  //.....****....................*%%%%*....


/* S */
0x00,0x00,0x00,0x00,0x00,0x48,0xbd,0xff,0xcb,0x84,0x00,0x00,  //..........*%%#@@#%%*....
0x00,0x00,0x00,0x01,0x9e,0xff,0xff,0xff,0xff,0xff,0xf9,0x10,  //.......+%#@@@@@@@@@@@%+.
0x00,0x00,0x00,0x7e,0xff,0xfd,0xbb,0xbd,0xff,0xff,0xff,0xe2,  //......*#@@@#%%%#@@@@@@#+
0x00,0x00,0x0b,0xff,0xe7,0x10,0x00,0x00,0x17,0xef,0xff,0xfa,  //.....%@@#*+.....+*#@@@@%
0x00,0x00,0xcf,0xfc,0x10,0x00,0x00,0x00,0x00,0x1c,0xff,0xfb,  //....#@@#+.........+#@@@%
0x00,0x09,0xff,0xc0,0x00,0x00,0x00,0x00,0x00,0x00,0xef,0xf7,  //...%@@#.............#@@*
0x00,0x4f,0xff,0x20,0x00,0x00,0x00,0x00,0x00,0x00,0x5f,0xf7,  //..*@@@+.............*@@*
0x00,0xdf,0xf9,0x00,0x00,0x00,0x00,0x00,0x00,0x00,0x0f,0xf7,  //..#@@%...............@@*
0x05,0xff,0xf4,0x00,0x00,0x00,0x00,0x00,0x00,0x00,0x0b,0xf7,  //.*@@@*...............%@*
0x0a,0xff,0xf0,0x00,0x00,0x00,0x00,0x00,0x00,0x00,0x08,0xf7,  //.%@@@................%@*
0x0e,0xff,0xf0,0x00,0x00,0x00,0x00,0x00,0x00,0x00,0x07,0xf7,  //.#@@@................*@*
0x1f,0xff,0xf0,0x00,0x00,0x00,0x00,0x00,0x00,0x00,0x08,0xf6,  //+@@@@................%@*
0x3f,0xff,0xf2,0x00,0x00,0x00,0x00,0x00,0x00,0x00,0x00,0x00,  //*@@@@+..................
0x3f,0xff,0xf6,0x00,0x00,0x00,0x00,0x00,0x00,0x00,0x00,0x00,  //*@@@@*..................
0x3f,0xff,0xfd,0x00,0x00,0x00,0x00,0x00,0x00,0x00,0x00,0x00,  //*@@@@#..................
0x0f,0xff,0xff,0x60,0x00,0x00,0x00,0x00,0x00,0x00,0x00,0x00,  //.@@@@@*.................
0x0d,0xff,0xff,0xf3,0x00,0x00,0x00,0x00,0x00,0x00,0x00,0x00,  //.#@@@@@*................
0x08,0xff,0xff,0xff,0x50,0x00,0x00,0x00,0x00,0x00,0x00,0x00,  //.%@@@@@@*...............
0x01,0xef,0xff,0xff,0xf8,0x00,0x00,0x00,0x00,0x00,0x00,0x00,  //.+#@@@@@@%..............
0x00,0x7f,0xff,0xff,0xff,0xd3,0x00,0x00,0x00,0x00,0x00,0x00,  //..*@@@@@@@#*............
0x00,0x09,0xff,0xff,0xff,0xff,0xb2,0x00,0x00,0x00,0x00,0x00,  //...%@@@@@@@@%+..........
0x00,0x00,0x9f,0xff,0xff,0xff,0xff,0x91,0x00,0x00,0x00,0x00,  //....%@@@@@@@@@%+........
0x00,0x00,0x07,0xff,0xff,0xff,0xff,0xff,0x80,0x00,0x00,0x00,  //.....*@@@@@@@@@@%.......
0x00,0x00,0x00,0x2c,0xff,0xff,0xff,0xff,0xfe,0x50,0x00,0x00,  //......+#@@@@@@@@@#*.....
0x00,0x00,0x00,0x00,0x6e,0xff,0xff,0xff,0xff,0xfa,0x00,0x00,  //........*#@@@@@@@@@%....
0x00,0x00,0x00,0x00,0x00,0x8f,0xff,0xff,0xff,0xff,0xc2,0x00,  //..........%@@@@@@@@@#+..
0x00,0x00,0x00,0x00,0x00,0x01,0x9f,0xff,0xff,0xff,0xfe,0x00,  //...........+%@@@@@@@@#..
0x00,0x00,0x00,0x00,0x00,0x00,0x03,0xcf,0xff,0xff,0xff,0xb0,  //.............*#@@@@@@@%.
0x00,0x00,0x00,0x00,0x00,0x00,0x00,0x07,0xff,0xff,0xff,0xf5,  //...............*@@@@@@@*
0x00,0x00,0x00,0x00,0x00,0x00,0x00,0x00,0x3e,0xff,0xff,0xfc,  //................*#@@@@@#
0x00,0x00,0x00,0x00,0x00,0x00,0x00,0x00,0x02,0xef,0xff,0xff,  //.................+#@@@@@
0x00,0x00,0x00,0x00,0x00,0x00,0x00,0x00,0x00,0x6f,0xff,0xff,  //..................*@@@@@
0x00,0x00,0x00,0x00,0x00,0x00,0x00,0x00,0x00,0x0c,0xff,0xff,  //...................#@@@@
0x00,0x00,0x00,0x00,0x00,0x00,0x00,0x00,0x00,0x05,0xff,0xff,  //...................*@@@@
0x77,0x00,0x00,0x00,0x00,0x00,0x00,0x00,0x00,0x02,0xff,0xff,  //**.................+@@@@
0xff,0x00,0x00,0x00,0x00,0x00,0x00,0x00,0x00,0x00,0xff,0xff,  //@@..................@@@@
0xff,0x00,0x00,0x00,0x00,0x00,0x00,0x00,0x00,0x00,0xff,0xff,  //@@..................@@@@
0xff,0x00,0x00,0x00,0x00,0x00,0x00,0x00,0x00,0x02,0xff,0xfd,  //@@.................+@@@#
0xff,0x00,0x00,0x00,0x00,0x00,0x00,0x00,0x00,0x05,0xff,0xf7,  //@@.................*@@@*
0xff,0x40,0x00,0x00,0x00,0x00,0x00,0x00,0x00,0x0b,0xff,0xf1,  //@@*................%@@@+
0xff,0xa0,0x00,0x00,0x00,0x00,0x00,0x00,0x00,0x4f,0xff,0x70,  //@@%...............*@@@*.
0xff,0xf3,0x00,0x00,0x00,0x00,0x00,0x00,0x02,0xef,0xfc,0x00,  //@@@*.............+#@@#..
0xff,0xfe,0x20,0x00,0x00,0x00,0x00,0x00,0x3e,0xff,0xc0,0x00,  //@@@#+...........*#@@#...
0xff,0xff,0xf7,0x10,0x00,0x00,0x00,0x4b,0xff,0xfb,0x00,0x00,  //@@@@@*+.......*%@@@%....
0xff,0xff,0xff,0xfc,0xb7,0x78,0xbe,0xff,0xfe,0x60,0x00,0x00,  //@@@@@@@#%**%%#@@@#*.....
0x2b,0xff,0xff,0xff,0xff,0xff,0xff,0xfd,0x70,0x00,0x00,0x00,  //+%@@@@@@@@@@@@@#*.......
0x00,0x16,0x9b,0xff,0xff,0xfd,0xb7,0x20,0x00,0x00,0x00,0x00,  //..+*%%@@@@@#%*+.........


/* T */
0x00,0x39,0xbb,0xbb,0xbb,0xbb,0x77,0x77,0x77,0x77,0x77,0x77,0x77,0x77,0x77,0xbb,0xcf,0xb0,  //..*%%%%%%%%%******************%%#@%
0x08,0xff,0xff,0xff,0xff,0xff,0xff,0xff,0xff,0xff,0xff,0xff,0xff,0xff,0xff,0xff,0xff,0xe0,  //.%@@@@@@@@@@@@@@@@@@@@@@@@@@@@@@@@#
0x1f,0xff,0xff,0xff,0xff,0xff,0xff,0xff,0xff,0xff,0xff,0xff,0xff,0xff,0xff,0xff,0xff,0x90,  //+@@@@@@@@@@@@@@@@@@@@@@@@@@@@@@@@@%
0x7f,0xff,0xd5,0x10,0x00,0x00,0x00,0x7f,0xff,0xfc,0x67,0x79,0xbb,0xdf,0xff,0xff,0xd7,0x00,  //*@@@#*+.......*@@@@#***%%%#@@@@@#*.
0x9f,0xfc,0x00,0x00,0x00,0x00,0x00,0x7f,0xff,0xfb,0x00,0x00,0x00,0x00,0x00,0x00,0x00,0x00,  //%@@#..........*@@@@%...............
0xbf,0xf1,0x00,0x00,0x00,0x00,0x00,0x7f,0xff,0xfb,0x00,0x00,0x00,0x00,0x00,0x00,0x00,0x00,  //%@@+..........*@@@@%...............
0xbf,0xc0,0x00,0x00,0x00,0x00,0x00,0x7f,0xff,0xfb,0x00,0x00,0x00,0x00,0x00,0x00,0x00,0x00,  //%@#...........*@@@@%...............
0xbf,0x70,0x00,0x00,0x00,0x00,0x00,0x7f,0xff,0xfb,0x00,0x00,0x00,0x00,0x00,0x00,0x00,0x00,  //%@*...........*@@@@%...............
0xbf,0x50,0x00,0x00,0x00,0x00,0x00,0x7f,0xff,0xf7,0x00,0x00,0x00,0x00,0x00,0x00,0x00,0x00,  //%@*...........*@@@@*...............
0xbf,0x30,0x00,0x00,0x00,0x00,0x00,0x7f,0xff,0xf7,0x00,0x00,0x00,0x00,0x00,0x00,0x00,0x00,  //%@*...........*@@@@*...............
0xbf,0x30,0x00,0x00,0x00,0x00,0x00,0x7f,0xff,0xf7,0x00,0x00,0x00,0x00,0x00,0x00,0x00,0x00,  //%@*...........*@@@@*...............
0x57,0x10,0x00,0x00,0x00,0x00,0x00,0x7f,0xff,0xf7,0x00,0x00,0x00,0x00,0x00,0x00,0x00,0x00,  //**+...........*@@@@*...............
0x00,0x00,0x00,0x00,0x00,0x00,0x00,0x7f,0xff,0xf7,0x00,0x00,0x00,0x00,0x00,0x00,0x00,0x00,  //..............*@@@@*...............
0x00,0x00,0x00,0x00,0x00,0x00,0x00,0x7f,0xff,0xf7,0x00,0x00,0x00,0x00,0x00,0x00,0x00,0x00,  //..............*@@@@*...............
0x00,0x00,0x00,0x00,0x00,0x00,0x00,0x7f,0xff,0xf7,0x00,0x00,0x00,0x00,0x00,0x00,0x00,0x00,  //..............*@@@@*...............
0x00,0x00,0x00,0x00,0x00,0x00,0x00,0x7f,0xff,0xf7,0x00,0x00,0x00,0x00,0x00,0x00,0x00,0x00,  //..............*@@@@*...............
0x00,0x00,0x00,0x00,0x00,0x00,0x00,0x7f,0xff,0xf7,0x00,0x00,0x00,0x00,0x00,0x00,0x00,0x00,  //..............*@@@@*...............
0x00,0x00,0x00,0x00,0x00,0x00,0x00,0x7f,0xff,0xf3,0x00,0x00,0x00,0x00,0x00,0x00,0x00,0x00,  //..............*@@@@*...............
0x00,0x00,0x00,0x00,0x00,0x00,0x00,0x7f,0xff,0xf3,0x00,0x00,0x00,0x00,0x00,0x00,0x00,0x00,  //..............*@@@@*...............
0x00,0x00,0x00,0x00,0x00,0x00,0x00,0x7f,0xff,0xf3,0x00,0x00,0x00,0x00,0x00,0x00,0x00,0x00,  //..............*@@@@*...............
0x00,0x00,0x00,0x00,0x00,0x00,0x00,0x7f,0xff,0xf3,0x00,0x00,0x00,0x00,0x00,0x00,0x00,0x00,  //..............*@@@@*...............
0x00,0x00,0x00,0x00,0x00,0x00,0x00,0x7f,0xff,0xf3,0x00,0x00,0x00,0x00,0x00,0x00,0x00,0x00,  //..............*@@@@*...............
0x00,0x00,0x00,0x00,0x00,0x00,0x00,0x7f,0xff,0xf3,0x00,0x00,0x00,0x00,0x00,0x00,0x00,0x00,  //..............*@@@@*...............
0x00,0x00,0x00,0x00,0x00,0x00,0x00,0xaf,0xff,0xf3,0x00,0x00,0x00,0x00,0x00,0x00,0x00,0x00,  //..............%@@@@*...............
0x00,0x00,0x00,0x00,0x00,0x00,0x00,0xbf,0xff,0xf3,0x00,0x00,0x00,0x00,0x00,0x00,0x00,0x00,  //..............%@@@@*...............
0x00,0x00,0x00,0x00,0x00,0x00,0x00,0xbf,0xff,0xf1,0x00,0x00,0x00,0x00,0x00,0x00,0x00,0x00,  //..............%@@@@+...............
0x00,0x00,0x00,0x00,0x00,0x00,0x00,0xbf,0xff,0xf0,0x00,0x00,0x00,0x00,0x00,0x00,0x00,0x00,  //..............%@@@@................
0x00,0x00,0x00,0x00,0x00,0x00,0x00,0xbf,0xff,0xf0,0x00,0x00,0x00,0x00,0x00,0x00,0x00,0x00,  //..............%@@@@................
0x00,0x00,0x00,0x00,0x00,0x00,0x00,0xbf,0xff,0xf0,0x00,0x00,0x00,0x00,0x00,0x00,0x00,0x00,  //..............%@@@@................
0x00,0x00,0x00,0x00,0x00,0x00,0x00,0xbf,0xff,0xf0,0x00,0x00,0x00,0x00,0x00,0x00,0x00,0x00,  //..............%@@@@................
0x00,0x00,0x00,0x00,0x00,0x00,0x00,0xbf,0xff,0xf0,0x00,0x00,0x00,0x00,0x00,0x00,0x00,0x00,  //..............%@@@@................
0x00,0x00,0x00,0x00,0x00,0x00,0x00,0xff,0xff,0xf0,0x00,0x00,0x00,0x00,0x00,0x00,0x00,0x00,  //..............@@@@@................
0x00,0x00,0x00,0x00,0x00,0x00,0x00,0xff,0xff,0xf0,0x00,0x00,0x00,0x00,0x00,0x00,0x00,0x00,  //..............@@@@@................
0x00,0x00,0x00,0x00,0x00,0x00,0x00,0xff,0xff,0xd0,0x00,0x00,0x00,0x00,0x00,0x00,0x00,0x00,  //..............@@@@#................
0x00,0x00,0x00,0x00,0x00,0x00,0x00,0xff,0xff,0xb0,0x00,0x00,0x00,0x00,0x00,0x00,0x00,0x00,  //..............@@@@%................
0x00,0x00,0x00,0x00,0x00,0x00,0x00,0xff,0xff,0xb0,0x00,0x00,0x00,0x00,0x00,0x00,0x00,0x00,  //..............@@@@%................
0x00,0x00,0x00,0x00,0x00,0x00,0x00,0xff,0xff,0xb0,0x00,0x00,0x00,0x00,0x00,0x00,0x00,0x00,  //..............@@@@%................
0x00,0x00,0x00,0x00,0x00,0x00,0x00,0xff,0xff,0xb0,0x00,0x00,0x00,0x00,0x00,0x00,0x00,0x00,  //..............@@@@%................
0x00,0x00,0x00,0x00,0x00,0x00,0x03,0xff,0xff,0xb0,0x00,0x00,0x00,0x00,0x00,0x00,0x00,0x00,  //.............*@@@@%................
0x00,0x00,0x00,0x00,0x00,0x00,0x03,0xff,0xff,0xb0,0x00,0x00,0x00,0x00,0x00,0x00,0x00,0x00,  //.............*@@@@%................
0x00,0x00,0x00,0x00,0x00,0x00,0x03,0xff,0xff,0xb0,0x00,0x00,0x00,0x00,0x00,0x00,0x00,0x00,  //.............*@@@@%................
0x00,0x00,0x00,0x00,0x00,0x00,0x03,0xff,0xff,0xb0,0x00,0x00,0x00,0x00,0x00,0x00,0x00,0x00,  //.............*@@@@%................
0x00,0x00,0x00,0x00,0x00,0x00,0x03,0xff,0xff,0x70,0x00,0x00,0x00,0x00,0x00,0x00,0x00,0x00,  //.............*@@@@*................
0x00,0x00,0x00,0x00,0x00,0x00,0x03,0xff,0xff,0x70,0x00,0x00,0x00,0x00,0x00,0x00,0x00,0x00,  //.............*@@@@*................
0x00,0x00,0x00,0x00,0x00,0x00,0x07,0xff,0xff,0x70,0x00,0x00,0x00,0x00,0x00,0x00,0x00,0x00,  //.............*@@@@*................
0x00,0x00,0x00,0x00,0x00,0x00,0x03,0x75,0x31,0x00,0x00,0x00,0x00,0x00,0x00,0x00,0x00,0x00,  //.............****+.................


/* V */
0x00,0x00,0x00,0x00,0x00,0x00,0x00,0x00,0x00,0x00,0x00,0x00,0x00,0x00,0x00,0x06,0xbb,0x95,0x00,  //...............................*%%%*..
0x00,0x25,0x9b,0xff,0xfc,0x20,0x00,0x00,0x00,0x00,0x00,0x00,0x00,0x00,0x00,0x00,0xcf,0xff,0xc0,  //..+*%%@@@#+.....................#@@@#.
0xae,0xff,0xff,0xff,0xff,0xe0,0x00,0x00,0x00,0x00,0x00,0x00,0x00,0x00,0x00,0x00,0x2f,0xff,0xfb,  //%#@@@@@@@@#.....................+@@@@%
0xff,0xff,0xff,0xff,0xff,0xf8,0x00,0x00,0x00,0x00,0x00,0x00,0x00,0x00,0x00,0x00,0x09,0xff,0xff,  //@@@@@@@@@@@%.....................%@@@@
0x20,0x00,0x17,0xff,0xff,0xfe,0x00,0x00,0x00,0x00,0x00,0x00,0x00,0x00,0x00,0x00,0x04,0xff,0xff,  //+...+*@@@@@#.....................*@@@@
0x00,0x00,0x00,0x7f,0xff,0xff,0x40,0x00,0x00,0x00,0x00,0x00,0x00,0x00,0x00,0x00,0x00,0xff,0xff,  //......*@@@@@*.....................@@@@
0x00,0x00,0x00,0x0d,0xff,0xff,0x80,0x00,0x00,0x00,0x00,0x00,0x00,0x00,0x00,0x00,0x00,0xff,0xff,  //.......#@@@@%.....................@@@@
0x00,0x00,0x00,0x06,0xff,0xff,0xd0,0x00,0x00,0x00,0x00,0x00,0x00,0x00,0x00,0x00,0x00,0xff,0xff,  //.......*@@@@#.....................@@@@
0x00,0x00,0x00,0x00,0xff,0xff,0xf2,0x00,0x00,0x00,0x00,0x00,0x00,0x00,0x00,0x00,0x00,0xff,0xfd,  //........@@@@@+....................@@@#
0x00,0x00,0x00,0x00,0xaf,0xff,0xf6,0x00,0x00,0x00,0x00,0x00,0x00,0x00,0x00,0x00,0x02,0xff,0xf9,  //........%@@@@*...................+@@@%
0x00,0x00,0x00,0x00,0x5f,0xff,0xfa,0x00,0x00,0x00,0x00,0x00,0x00,0x00,0x00,0x00,0x05,0xff,0xf4,  //........*@@@@%...................*@@@*
0x00,0x00,0x00,0x00,0x1f,0xff,0xff,0x00,0x00,0x00,0x00,0x00,0x00,0x00,0x00,0x00,0x08,0xff,0xe0,  //........+@@@@@...................%@@#.
0x00,0x00,0x00,0x00,0x0c,0xff,0xff,0x30,0x00,0x00,0x00,0x00,0x00,0x00,0x00,0x00,0x0d,0xff,0x90,  //.........#@@@@*..................#@@%.
0x00,0x00,0x00,0x00,0x08,0xff,0xff,0x70,0x00,0x00,0x00,0x00,0x00,0x00,0x00,0x00,0x1f,0xff,0x30,  //.........%@@@@*.................+@@@*.
0x00,0x00,0x00,0x00,0x04,0xff,0xff,0xb0,0x00,0x00,0x00,0x00,0x00,0x00,0x00,0x00,0x6f,0xfd,0x00,  //.........*@@@@%.................*@@#..
0x00,0x00,0x00,0x00,0x00,0xff,0xff,0xf0,0x00,0x00,0x00,0x00,0x00,0x00,0x00,0x00,0xcf,0xf7,0x00,  //..........@@@@@.................#@@*..
0x00,0x00,0x00,0x00,0x00,0xcf,0xff,0xf3,0x00,0x00,0x00,0x00,0x00,0x00,0x00,0x01,0xff,0xf1,0x00,  //..........#@@@@*...............+@@@+..
0x00,0x00,0x00,0x00,0x00,0x8f,0xff,0xf7,0x00,0x00,0x00,0x00,0x00,0x00,0x00,0x06,0xff,0x90,0x00,  //..........%@@@@*...............*@@%...
0x00,0x00,0x00,0x00,0x00,0x4f,0xff,0xfa,0x00,0x00,0x00,0x00,0x00,0x00,0x00,0x0d,0xff,0x30,0x00,  //..........*@@@@%...............#@@*...
0x00,0x00,0x00,0x00,0x00,0x1f,0xff,0xfe,0x00,0x00,0x00,0x00,0x00,0x00,0x00,0x3f,0xfc,0x00,0x00,  //..........+@@@@#..............*@@#....
0x00,0x00,0x00,0x00,0x00,0x0d,0xff,0xff,0x10,0x00,0x00,0x00,0x00,0x00,0x00,0x9f,0xf5,0x00,0x00,  //...........#@@@@+.............%@@*....
0x00,0x00,0x00,0x00,0x00,0x0a,0xff,0xff,0x50,0x00,0x00,0x00,0x00,0x00,0x00,0xff,0xd0,0x00,0x00,  //...........%@@@@*.............@@#.....
0x00,0x00,0x00,0x00,0x00,0x06,0xff,0xff,0x80,0x00,0x00,0x00,0x00,0x00,0x07,0xff,0x70,0x00,0x00,  //...........*@@@@%............*@@*.....
0x00,0x00,0x00,0x00,0x00,0x03,0xff,0xff,0xb0,0x00,0x00,0x00,0x00,0x00,0x0d,0xfe,0x00,0x00,0x00,  //...........*@@@@%............#@#......
0x00,0x00,0x00,0x00,0x00,0x00,0xff,0xff,0xf0,0x00,0x00,0x00,0x00,0x00,0x5f,0xf8,0x00,0x00,0x00,  //............@@@@@...........*@@%......
0x00,0x00,0x00,0x00,0x00,0x00,0xbf,0xff,0xf3,0x00,0x00,0x00,0x00,0x00,0xbf,0xf1,0x00,0x00,0x00,  //............%@@@@*..........%@@+......
0x00,0x00,0x00,0x00,0x00,0x00,0x8f,0xff,0xf6,0x00,0x00,0x00,0x00,0x03,0xff,0x90,0x00,0x00,0x00,  //............%@@@@*.........*@@%.......
0x00,0x00,0x00,0x00,0x00,0x00,0x5f,0xff,0xf9,0x00,0x00,0x00,0x00,0x0a,0xff,0x10,0x00,0x00,0x00,  //............*@@@@%.........%@@+.......
0x00,0x00,0x00,0x00,0x00,0x00,0x2f,0xff,0xfc,0x00,0x00,0x00,0x00,0x1f,0xf9,0x00,0x00,0x00,0x00,  //............+@@@@#........+@@%........
0x00,0x00,0x00,0x00,0x00,0x00,0x0e,0xff,0xff,0x00,0x00,0x00,0x00,0x9f,0xf1,0x00,0x00,0x00,0x00,  //.............#@@@@........%@@+........
0x00,0x00,0x00,0x00,0x00,0x00,0x0b,0xff,0xff,0x30,0x00,0x00,0x01,0xff,0x90,0x00,0x00,0x00,0x00,  //.............%@@@@*......+@@%.........
0x00,0x00,0x00,0x00,0x00,0x00,0x07,0xff,0xff,0x50,0x00,0x00,0x09,0xff,0x10,0x00,0x00,0x00,0x00,  //.............*@@@@*......%@@+.........
0x00,0x00,0x00,0x00,0x00,0x00,0x04,0xff,0xff,0x80,0x00,0x00,0x1f,0xf9,0x00,0x00,0x00,0x00,0x00,  //.............*@@@@%.....+@@%..........
0x00,0x00,0x00,0x00,0x00,0x00,0x01,0xff,0xff,0xb0,0x00,0x00,0x7f,0xf1,0x00,0x00,0x00,0x00,0x00,  //.............+@@@@%.....*@@+..........
0x00,0x00,0x00,0x00,0x00,0x00,0x00,0xef,0xff,0xf0,0x00,0x00,0xef,0x90,0x00,0x00,0x00,0x00,0x00,  //..............#@@@@.....#@%...........
0x00,0x00,0x00,0x00,0x00,0x00,0x00,0xbf,0xff,0xf1,0x00,0x07,0xff,0x10,0x00,0x00,0x00,0x00,0x00,  //..............%@@@@+...*@@+...........
0x00,0x00,0x00,0x00,0x00,0x00,0x00,0x7f,0xff,0xf3,0x00,0x0e,0xf9,0x00,0x00,0x00,0x00,0x00,0x00,  //..............*@@@@*...#@%............
0x00,0x00,0x00,0x00,0x00,0x00,0x00,0x4f,0xff,0xf7,0x00,0x7f,0xe1,0x00,0x00,0x00,0x00,0x00,0x00,  //..............*@@@@*..*@#+............
0x00,0x00,0x00,0x00,0x00,0x00,0x00,0x1f,0xff,0xfa,0x00,0xef,0x70,0x00,0x00,0x00,0x00,0x00,0x00,  //..............+@@@@%..#@*.............
0x00,0x00,0x00,0x00,0x00,0x00,0x00,0x0e,0xff,0xfc,0x09,0xfe,0x00,0x00,0x00,0x00,0x00,0x00,0x00,  //...............#@@@#.%@#..............
0x00,0x00,0x00,0x00,0x00,0x00,0x00,0x0b,0xff,0xff,0x1f,0xf7,0x00,0x00,0x00,0x00,0x00,0x00,0x00,  //...............%@@@@+@@*..............
0x00,0x00,0x00,0x00,0x00,0x00,0x00,0x07,0xff,0xff,0xcf,0xd0,0x00,0x00,0x00,0x00,0x00,0x00,0x00,  //...............*@@@@#@#...............
0x00,0x00,0x00,0x00,0x00,0x00,0x00,0x04,0xff,0xff,0xff,0x50,0x00,0x00,0x00,0x00,0x00,0x00,0x00,  //...............*@@@@@@*...............
0x00,0x00,0x00,0x00,0x00,0x00,0x00,0x01,0xff,0xff,0xfd,0x00,0x00,0x00,0x00,0x00,0x00,0x00,0x00,  //...............+@@@@@#................
0x00,0x00,0x00,0x00,0x00,0x00,0x00,0x00,0xef,0xff,0xf3,0x00,0x00,0x00,0x00,0x00,0x00,0x00,0x00,  //................#@@@@*................
0x00,0x00,0x00,0x00,0x00,0x00,0x00,0x00,0xbf,0xff,0xb0,0x00,0x00,0x00,0x00,0x00,0x00,0x00,0x00,  //................%@@@%.................
0x00,0x00,0x00,0x00,0x00,0x00,0x00,0x00,0x5b,0xb8,0x10,0x00,0x00,0x00,0x00,0x00,0x00,0x00,0x00,  //................*%%%+.................


/* e */
0x00,0x00,0x00,0x00,0x04,0xaf,0xff,0xff,0xfc,0x50,0x00,  //.........*%@@@@@@#*...
0x00,0x00,0x00,0x03,0xcf,0xff,0xff,0xff,0xff,0xfb,0x00,  //.......*#@@@@@@@@@@%..
0x00,0x00,0x00,0x7f,0xfb,0x40,0x01,0x7f,0xff,0xff,0xa0,  //......*@@%*..+*@@@@@%.
0x00,0x00,0x09,0xff,0x80,0x00,0x00,0x05,0xff,0xff,0xf2,  //.....%@@%......*@@@@@+
0x00,0x00,0x9f,0xf9,0x00,0x00,0x00,0x00,0xcf,0xff,0xf7,  //....%@@%........#@@@@*
0x00,0x04,0xff,0xd0,0x00,0x00,0x00,0x00,0x7f,0xff,0xf7,  //...*@@#.........*@@@@*
0x00,0x0e,0xff,0x50,0x00,0x00,0x00,0x00,0x7f,0xff,0xf7,  //...#@@*.........*@@@@*
0x00,0x9f,0xfd,0x00,0x00,0x00,0x00,0x00,0x9f,0xff,0xf2,  //..%@@#..........%@@@@+
0x01,0xff,0xf8,0x00,0x00,0x00,0x00,0x02,0xff,0xff,0x80,  //.+@@@%.........+@@@@%.
0x08,0xff,0xf3,0x00,0x00,0x00,0x00,0x2e,0xff,0xf9,0x00,  //.%@@@*........+#@@@%..
0x0e,0xff,0xf0,0x00,0x00,0x00,0x19,0xff,0xfe,0x70,0x00,  //.#@@@.......+%@@@#*...
0x2f,0xff,0xc0,0x00,0x03,0x7c,0xff,0xfe,0x71,0x00,0x00,  //+@@@#....**#@@@#*+....
0x7f,0xff,0xeb,0xbf,0xff,0xff,0xd9,0x40,0x00,0x00,0x00,  //*@@@#%%@@@@@#%*.......
0xaf,0xff,0xff,0xdb,0x97,0x30,0x00,0x00,0x00,0x00,0x00,  //%@@@@@#%%**...........
0xbf,0xff,0xb0,0x00,0x00,0x00,0x00,0x00,0x00,0x00,0x00,  //%@@@%.................
0xff,0xff,0xb0,0x00,0x00,0x00,0x00,0x00,0x00,0x00,0x00,  //@@@@%.................
0xff,0xff,0xb0,0x00,0x00,0x00,0x00,0x00,0x00,0x00,0x00,  //@@@@%.................
0xff,0xff,0xd0,0x00,0x00,0x00,0x00,0x00,0x00,0x00,0x00,  //@@@@#.................
0xdf,0xff,0xf1,0x00,0x00,0x00,0x00,0x00,0x00,0x00,0x00,  //#@@@@+................
0xbf,0xff,0xf6,0x00,0x00,0x00,0x00,0x00,0x00,0x00,0x00,  //%@@@@*................
0x7f,0xff,0xfd,0x00,0x00,0x00,0x00,0x00,0x00,0x00,0x00,  //*@@@@#................
0x2f,0xff,0xff,0x50,0x00,0x00,0x00,0x00,0x00,0x00,0x00,  //+@@@@@*...............
0x0c,0xff,0xff,0xe0,0x00,0x00,0x00,0x00,0x00,0x05,0xd1,  //.#@@@@#............*#+
0x04,0xff,0xff,0xfc,0x00,0x00,0x00,0x00,0x00,0x7f,0xc0,  //.*@@@@@#..........*@#.
0x00,0xbf,0xff,0xff,0xd3,0x00,0x00,0x00,0x3c,0xfe,0x10,  //..%@@@@@#*......*#@#+.
0x00,0x0d,0xff,0xff,0xff,0xc7,0x56,0x8d,0xff,0xe2,0x00,  //...#@@@@@@#***%#@@#+..
0x00,0x02,0xcf,0xff,0xff,0xff,0xff,0xff,0xfb,0x00,0x00,  //...+#@@@@@@@@@@@@%....
0x00,0x00,0x08,0xff,0xff,0xff,0xff,0xfe,0x60,0x00,0x00,  //.....%@@@@@@@@@#*.....
0x00,0x00,0x00,0x18,0xcf,0xff,0xda,0x50,0x00,0x00,0x00,  //......+%#@@@#%*.......


/* r */
0x00,0x01,0x6a,0xef,0xfc,0x00,0x00,0x00,0x00,0x9f,0xff,0xfc,0x00,  //...+*%#@@#........%@@@@#.
0x16,0xcf,0xff,0xff,0xff,0x50,0x00,0x00,0x2d,0xff,0xff,0xff,0xa0,  //+*#@@@@@@@*.....+#@@@@@@%
0xbf,0xeb,0xbf,0xff,0xff,0x70,0x00,0x00,0xef,0xff,0xff,0xff,0xf0,  //%@#%%@@@@@*.....#@@@@@@@@
0x11,0x00,0x03,0xff,0xff,0x70,0x00,0x0c,0xff,0xff,0xff,0xff,0xd0,  //++...*@@@@*....#@@@@@@@@#
0x00,0x00,0x00,0xff,0xff,0x70,0x00,0x7f,0xff,0xd9,0x8c,0xff,0x70,  //......@@@@*...*@@@#%%#@@*
0x00,0x00,0x00,0xff,0xff,0x40,0x01,0xef,0xf6,0x00,0x00,0x4b,0x00,  //......@@@@*..+#@@*....*%.
0x00,0x00,0x00,0xff,0xff,0x30,0x09,0xff,0x50,0x00,0x00,0x00,0x00,  //......@@@@*..%@@*........
0x00,0x00,0x00,0xff,0xff,0x30,0x1f,0xf7,0x00,0x00,0x00,0x00,0x00,  //......@@@@*.+@@*.........
0x00,0x00,0x00,0xff,0xff,0x20,0x7f,0xd0,0x00,0x00,0x00,0x00,0x00,  //......@@@@+.*@#..........
0x00,0x00,0x00,0xff,0xff,0x00,0xdf,0x50,0x00,0x00,0x00,0x00,0x00,  //......@@@@..#@*..........
0x00,0x00,0x00,0xff,0xff,0x04,0xfd,0x00,0x00,0x00,0x00,0x00,0x00,  //......@@@@.*@#...........
0x00,0x00,0x00,0xff,0xff,0x09,0xf5,0x00,0x00,0x00,0x00,0x00,0x00,  //......@@@@.%@*...........
0x00,0x00,0x00,0xff,0xfb,0x0e,0xe0,0x00,0x00,0x00,0x00,0x00,0x00,  //......@@@%.##............
0x00,0x00,0x02,0xff,0xfb,0x4f,0x90,0x00,0x00,0x00,0x00,0x00,0x00,  //.....+@@@%*@%............
0x00,0x00,0x03,0xff,0xfb,0x9f,0x40,0x00,0x00,0x00,0x00,0x00,0x00,  //.....*@@@%%@*............
0x00,0x00,0x03,0xff,0xf7,0xde,0x00,0x00,0x00,0x00,0x00,0x00,0x00,  //.....*@@@*##.............
0x00,0x00,0x03,0xff,0xf9,0xfa,0x00,0x00,0x00,0x00,0x00,0x00,0x00,  //.....*@@@%@%.............
0x00,0x00,0x03,0xff,0xfc,0xf5,0x00,0x00,0x00,0x00,0x00,0x00,0x00,  //.....*@@@#@*.............
0x00,0x00,0x03,0xff,0xff,0xf1,0x00,0x00,0x00,0x00,0x00,0x00,0x00,  //.....*@@@@@+.............
0x00,0x00,0x06,0xff,0xff,0xd0,0x00,0x00,0x00,0x00,0x00,0x00,0x00,  //.....*@@@@#..............
0x00,0x00,0x07,0xff,0xff,0xa0,0x00,0x00,0x00,0x00,0x00,0x00,0x00,  //.....*@@@@%..............
0x00,0x00,0x07,0xff,0xff,0x60,0x00,0x00,0x00,0x00,0x00,0x00,0x00,  //.....*@@@@*..............
0x00,0x00,0x07,0xff,0xff,0x30,0x00,0x00,0x00,0x00,0x00,0x00,0x00,  //.....*@@@@*..............
0x00,0x00,0x08,0xff,0xff,0x00,0x00,0x00,0x00,0x00,0x00,0x00,0x00,  //.....%@@@@...............
0x00,0x00,0x0b,0xff,0xfd,0x00,0x00,0x00,0x00,0x00,0x00,0x00,0x00,  //.....%@@@#...............
0x00,0x00,0x0b,0xff,0xfb,0x00,0x00,0x00,0x00,0x00,0x00,0x00,0x00,  //.....%@@@%...............
0x00,0x00,0x0b,0xff,0xf8,0x00,0x00,0x00,0x00,0x00,0x00,0x00,0x00,  //.....%@@@%...............
0x00,0x00,0x0d,0xff,0xf7,0x00,0x00,0x00,0x00,0x00,0x00,0x00,0x00,  //.....#@@@*...............
0x00,0x00,0x07,0x53,0x10,0x00,0x00,0x00,0x00,0x00,0x00,0x00,0x00,  //.....***+................


/*  */
0x00,0x00,0x00,0x00,0x00,0x00,0x00,0x00,0x00,0x00,0x00,0x01,0x69,0xbb,0xbb,0xb9,0x62,0x00,0x00,0x00,0x00,0x00,0x00,0x00,0x00,0x00,0x00,0x00,0x00,  //.......................+*%%%%%%%*+.......................
0x00,0x00,0x00,0x00,0x00,0x00,0x00,0x00,0x00,0x00,0x05,0xcf,0xff,0xff,0xff,0xff,0xff,0xd6,0x00,0x00,0x00,0x00,0x00,0x00,0x00,0x00,0x00,0x00,0x00,  //.....................*#@@@@@@@@@@@#*.....................
0x00,0x00,0x00,0x00,0x00,0x00,0x00,0x00,0x00,0x04,0xdf,0xff,0xff,0xff,0xff,0xff,0xff,0xff,0xe5,0x00,0x00,0x00,0x00,0x00,0x00,0x00,0x00,0x00,0x00,  //...................*#@@@@@@@@@@@@@@@#*...................
0x00,0x00,0x00,0x00,0x00,0x00,0x00,0x00,0x00,0x9f,0xff,0xff,0xff,0xff,0xff,0xff,0xff,0xff,0xff,0xa0,0x00,0x00,0x00,0x00,0x00,0x00,0x00,0x00,0x00,  //..................%@@@@@@@@@@@@@@@@@@@%..................
0x00,0x00,0x00,0x00,0x00,0x00,0x00,0x00,0x0c,0xff,0xff,0xff,0xff,0xff,0xff,0xff,0xff,0xff,0xff,0xfc,0x10,0x00,0x00,0x00,0x00,0x00,0x00,0x00,0x00,  //.................#@@@@@@@@@@@@@@@@@@@@@#+................
0x00,0x00,0x00,0x00,0x00,0x00,0x00,0x00,0xcf,0xff,0xff,0xff,0xff,0xff,0xff,0xff,0xff,0xff,0xff,0xff,0xe1,0x00,0x00,0x00,0x00,0x00,0x00,0x00,0x00,  //................#@@@@@@@@@@@@@@@@@@@@@@@#+...............
0x00,0x00,0x00,0x00,0x00,0x00,0x00,0x0b,0xff,0xff,0xff,0xff,0xff,0xff,0xff,0xff,0xff,0xff,0xff,0xff,0xfc,0x00,0x00,0x00,0x00,0x00,0x00,0x00,0x00,  //...............%@@@@@@@@@@@@@@@@@@@@@@@@@#...............
0x00,0x00,0x00,0x00,0x00,0x00,0x00,0x7f,0xff,0xff,0xff,0xff,0xff,0xff,0xff,0xff,0xff,0xff,0xff,0xff,0xff,0xa0,0x00,0x00,0x00,0x00,0x00,0x00,0x00,  //..............*@@@@@@@@@@@@@@@@@@@@@@@@@@@%..............
0x00,0x00,0x00,0x00,0x00,0x00,0x02,0xff,0xff,0xff,0xff,0xff,0xff,0xff,0xff,0xff,0xff,0xff,0xff,0xff,0xff,0xf4,0x00,0x00,0x00,0x00,0x00,0x00,0x00,  //.............+@@@@@@@@@@@@@@@@@@@@@@@@@@@@@*.............
0x00,0x00,0x00,0x00,0x00,0x00,0x0b,0xff,0xff,0xff,0xff,0xff,0xff,0xff,0xff,0xff,0xff,0xff,0xff,0xff,0xff,0xfd,0x00,0x00,0x00,0x00,0x00,0x00,0x00,  //.............%@@@@@@@@@@@@@@@@@@@@@@@@@@@@@#.............
0x00,0x00,0x00,0x00,0x00,0x00,0x3f,0xff,0xff,0xff,0xff,0xff,0xff,0xff,0xff,0xff,0xff,0xff,0xff,0xff,0xff,0xff,0x50,0x00,0x00,0x00,0x00,0x00,0x00,  //............*@@@@@@@@@@@@@@@@@@@@@@@@@@@@@@@*............
0x00,0x00,0x00,0x00,0x00,0x00,0x9f,0xff,0xff,0xff,0xff,0xff,0xff,0xff,0xff,0xff,0xff,0xff,0xff,0xff,0xff,0xff,0xc0,0x00,0x00,0x00,0x00,0x00,0x00,  //............%@@@@@@@@@@@@@@@@@@@@@@@@@@@@@@@#............
0x00,0x00,0x00,0x00,0x00,0x00,0xef,0xff,0xff,0xff,0xff,0xff,0xff,0xff,0xff,0xff,0xff,0xff,0xff,0xff,0xff,0xff,0xf0,0x00,0x00,0x00,0x00,0x00,0x00,  //............#@@@@@@@@@@@@@@@@@@@@@@@@@@@@@@@@............
0x00,0x00,0x00,0x00,0x00,0x02,0xff,0xff,0xff,0xff,0xff,0xff,0xff,0xff,0xff,0xff,0xff,0xff,0xff,0xff,0xff,0xff,0xf4,0x00,0x00,0x00,0x00,0x00,0x00,  //...........+@@@@@@@@@@@@@@@@@@@@@@@@@@@@@@@@@*...........
0x00,0x00,0x00,0x00,0x00,0x05,0xff,0xff,0xff,0xff,0xff,0xff,0xff,0xff,0xff,0xff,0xff,0xff,0xff,0xff,0xff,0xff,0xf7,0x00,0x00,0x00,0x00,0x00,0x00,  //...........*@@@@@@@@@@@@@@@@@@@@@@@@@@@@@@@@@*...........
0x00,0x00,0x00,0x00,0x00,0x07,0xff,0xff,0xff,0xff,0xff,0xff,0xff,0xff,0xff,0xff,0xff,0xff,0xff,0xff,0xff,0xff,0xf9,0x00,0x00,0x00,0x00,0x00,0x00,  //...........*@@@@@@@@@@@@@@@@@@@@@@@@@@@@@@@@@%...........
0x00,0x00,0x00,0x00,0x00,0x07,0xff,0xff,0xff,0xff,0xff,0xff,0xff,0xff,0xff,0xff,0xff,0xff,0xff,0xff,0xff,0xff,0xfb,0x00,0x00,0x00,0x00,0x00,0x00,  //...........*@@@@@@@@@@@@@@@@@@@@@@@@@@@@@@@@@%...........
0x00,0x00,0x00,0x00,0x00,0x07,0xff,0xff,0xff,0xff,0xff,0xff,0xff,0xff,0xff,0xff,0xff,0xff,0xff,0xff,0xff,0xff,0xfb,0x00,0x00,0x00,0x00,0x00,0x00,  //...........*@@@@@@@@@@@@@@@@@@@@@@@@@@@@@@@@@%...........
0x00,0x00,0x00,0x00,0x00,0x07,0xff,0xff,0xff,0xff,0xff,0xff,0xff,0xff,0xff,0xff,0xff,0xff,0xff,0xff,0xff,0xff,0xfb,0x00,0x00,0x00,0x00,0x00,0x00,  //...........*@@@@@@@@@@@@@@@@@@@@@@@@@@@@@@@@@%...........
0x00,0x00,0x00,0x00,0x00,0x07,0xff,0xff,0xff,0xff,0xff,0xff,0xff,0xff,0xff,0xff,0xff,0xff,0xff,0xff,0xff,0xff,0xf8,0x00,0x00,0x00,0x00,0x00,0x00,  //...........*@@@@@@@@@@@@@@@@@@@@@@@@@@@@@@@@@%...........
0x00,0x00,0x00,0x00,0x00,0x03,0xff,0xff,0xff,0xff,0xff,0xff,0xff,0xff,0xff,0xff,0xff,0xff,0xff,0xff,0xff,0xff,0xf6,0x00,0x00,0x00,0x00,0x00,0x00,  //...........*@@@@@@@@@@@@@@@@@@@@@@@@@@@@@@@@@*...........
0x00,0x00,0x00,0x00,0x00,0x00,0xff,0xff,0xff,0xff,0xff,0xff,0xff,0xff,0xff,0xff,0xff,0xff,0xff,0xff,0xff,0xff,0xf3,0x00,0x00,0x00,0x00,0x00,0x00,  //............@@@@@@@@@@@@@@@@@@@@@@@@@@@@@@@@@*...........
0x00,0x00,0x00,0x00,0x00,0x00,0xcf,0xff,0xff,0xff,0xff,0xff,0xff,0xff,0xff,0xff,0xff,0xff,0xff,0xff,0xff,0xff,0xe0,0x00,0x00,0x00,0x00,0x00,0x00,  //............#@@@@@@@@@@@@@@@@@@@@@@@@@@@@@@@#............
0x00,0x00,0x00,0x00,0x00,0x00,0x6f,0xff,0xff,0xff,0xff,0xff,0xff,0xff,0xff,0xff,0xff,0xff,0xff,0xff,0xff,0xff,0x90,0x00,0x00,0x00,0x00,0x00,0x00,  //............*@@@@@@@@@@@@@@@@@@@@@@@@@@@@@@@%............
0x00,0x00,0x00,0x00,0x00,0x00,0x0e,0xff,0xff,0xff,0xff,0xff,0xff,0xff,0xff,0xff,0xff,0xff,0xff,0xff,0xff,0xff,0x10,0x00,0x00,0x00,0x00,0x00,0x00,  //.............#@@@@@@@@@@@@@@@@@@@@@@@@@@@@@@+............
0x00,0x00,0x00,0x00,0x00,0x00,0x07,0xff,0xff,0xff,0xff,0xff,0xff,0xff,0xff,0xff,0xff,0xff,0xff,0xff,0xff,0xf9,0x00,0x00,0x00,0x00,0x00,0x00,0x00,  //.............*@@@@@@@@@@@@@@@@@@@@@@@@@@@@@%.............
0x00,0x00,0x00,0x00,0x00,0x00,0x00,0xdf,0xff,0xff,0xff,0xff,0xff,0xff,0xff,0xff,0xff,0xff,0xff,0xff,0xff,0xe1,0x00,0x00,0x00,0x00,0x00,0x00,0x00,  //..............#@@@@@@@@@@@@@@@@@@@@@@@@@@@#+.............
0x00,0x00,0x00,0x00,0x00,0x00,0x00,0x2f,0xff,0xff,0xff,0xff,0xff,0xff,0xff,0xff,0xff,0xff,0xff,0xff,0xff,0x50,0x00,0x00,0x00,0x00,0x00,0x00,0x00,  //..............+@@@@@@@@@@@@@@@@@@@@@@@@@@@*..............
0x00,0x00,0x00,0x00,0x00,0x00,0x00,0x05,0xff,0xff,0xff,0xff,0xff,0xff,0xff,0xff,0xff,0xff,0xff,0xff,0xf8,0x00,0x00,0x00,0x00,0x00,0x00,0x00,0x00,  //...............*@@@@@@@@@@@@@@@@@@@@@@@@@%...............
0x00,0x00,0x00,0x00,0x00,0x00,0x00,0x00,0x5f,0xff,0xff,0xff,0xff,0xff,0xff,0xff,0xff,0xff,0xff,0xff,0x90,0x00,0x00,0x00,0x00,0x00,0x00,0x00,0x00,  //................*@@@@@@@@@@@@@@@@@@@@@@@%................
0x00,0x00,0x00,0x00,0x00,0x00,0x00,0x00,0x05,0xff,0xff,0xff,0xff,0xff,0xff,0xff,0xff,0xff,0xff,0xf7,0x00,0x00,0x00,0x00,0x00,0x00,0x00,0x00,0x00,  //.................*@@@@@@@@@@@@@@@@@@@@@*.................
0x00,0x00,0x00,0x00,0x00,0x00,0x35,0x60,0x00,0x2c,0xff,0xff,0xff,0xff,0xff,0xff,0xff,0xff,0xfe,0x40,0x00,0x46,0x30,0x00,0x00,0x00,0x00,0x00,0x00,  //............***...+#@@@@@@@@@@@@@@@@@#*...***............
0x00,0x00,0x00,0x00,0x05,0xcf,0xff,0xf9,0x00,0x00,0x7e,0xff,0xff,0xff,0xff,0xff,0xff,0xfe,0x70,0x00,0x06,0xff,0xff,0xc5,0x00,0x00,0x00,0x00,0x00,  //.........*#@@@@%....*#@@@@@@@@@@@@@#*....*@@@@#*.........
0x00,0x00,0x00,0x02,0xcf,0xff,0xff,0xff,0xb0,0x00,0x00,0x5a,0xff,0xff,0xff,0xff,0xfb,0x60,0x00,0x00,0x9f,0xff,0xff,0xff,0xd3,0x00,0x00,0x00,0x00,  //.......+#@@@@@@@%.....*%@@@@@@@@@%*.....%@@@@@@@#*.......
0x00,0x00,0x00,0x5f,0xff,0xff,0xff,0xff,0xfe,0x60,0x00,0x00,0x02,0x36,0x77,0x33,0x00,0x00,0x00,0x4d,0xff,0xff,0xff,0xff,0xff,0x60,0x00,0x00,0x00,  //......*@@@@@@@@@@#*......+******......*#@@@@@@@@@@*......
0x00,0x00,0x05,0xff,0xff,0xff,0xff,0xff,0xff,0xfd,0x50,0x00,0x00,0x00,0x00,0x00,0x00,0x00,0x4b,0xff,0xff,0xff,0xff,0xff,0xff,0xf7,0x00,0x00,0x00,  //.....*@@@@@@@@@@@@@#*...............*%@@@@@@@@@@@@@*.....
0x00,0x00,0x2f,0xff,0xff,0xff,0xff,0xff,0xff,0xff,0xfe,0x94,0x10,0x00,0x00,0x00,0x04,0x8d,0xff,0xff,0xff,0xff,0xff,0xff,0xff,0xff,0x40,0x00,0x00,  //....+@@@@@@@@@@@@@@@@#%*+........*%#@@@@@@@@@@@@@@@@*....
0x00,0x00,0xdf,0xff,0xff,0xff,0xff,0xff,0xff,0xff,0xff,0xff,0xff,0xbb,0xbb,0xbe,0xff,0xff,0xff,0xff,0xff,0xff,0xff,0xff,0xff,0xff,0xe0,0x00,0x00,  //....#@@@@@@@@@@@@@@@@@@@@@%%%%%#@@@@@@@@@@@@@@@@@@@@#....
0x00,0x06,0xff,0xff,0xff,0xff,0xff,0xff,0xff,0xff,0xff,0xff,0xff,0xff,0xff,0xff,0xff,0xff,0xff,0xff,0xff,0xff,0xff,0xff,0xff,0xff,0xf8,0x00,0x00,  //...*@@@@@@@@@@@@@@@@@@@@@@@@@@@@@@@@@@@@@@@@@@@@@@@@@%...
0x00,0x0d,0xff,0xff,0xff,0xff,0xff,0xff,0xff,0xff,0xff,0xff,0xff,0xff,0xff,0xff,0xff,0xff,0xff,0xff,0xff,0xff,0xff,0xff,0xff,0xff,0xff,0x10,0x00,  //...#@@@@@@@@@@@@@@@@@@@@@@@@@@@@@@@@@@@@@@@@@@@@@@@@@@+..
0x00,0x5f,0xff,0xff,0xff,0xff,0xff,0xff,0xff,0xff,0xff,0xff,0xff,0xff,0xff,0xff,0xff,0xff,0xff,0xff,0xff,0xff,0xff,0xff,0xff,0xff,0xff,0x70,0x00,  //..*@@@@@@@@@@@@@@@@@@@@@@@@@@@@@@@@@@@@@@@@@@@@@@@@@@@*..
0x00,0xaf,0xff,0xff,0xff,0xff,0xff,0xff,0xff,0xff,0xff,0xff,0xff,0xff,0xff,0xff,0xff,0xff,0xff,0xff,0xff,0xff,0xff,0xff,0xff,0xff,0xff,0xd0,0x00,  //..%@@@@@@@@@@@@@@@@@@@@@@@@@@@@@@@@@@@@@@@@@@@@@@@@@@@#..
0x00,0xff,0xff,0xff,0xff,0xff,0xff,0xff,0xff,0xff,0xff,0xff,0xff,0xff,0xff,0xff,0xff,0xff,0xff,0xff,0xff,0xff,0xff,0xff,0xff,0xff,0xff,0xf2,0x00,  //..@@@@@@@@@@@@@@@@@@@@@@@@@@@@@@@@@@@@@@@@@@@@@@@@@@@@@+.
0x05,0xff,0xff,0xff,0xff,0xff,0xff,0xff,0xff,0xff,0xff,0xff,0xff,0xff,0xff,0xff,0xff,0xff,0xff,0xff,0xff,0xff,0xff,0xff,0xff,0xff,0xff,0xf8,0x00,  //.*@@@@@@@@@@@@@@@@@@@@@@@@@@@@@@@@@@@@@@@@@@@@@@@@@@@@@%.
0x09,0xff,0xff,0xff,0xff,0xff,0xff,0xff,0xff,0xff,0xff,0xff,0xff,0xff,0xff,0xff,0xff,0xff,0xff,0xff,0xff,0xff,0xff,0xff,0xff,0xff,0xff,0xfc,0x00,  //.%@@@@@@@@@@@@@@@@@@@@@@@@@@@@@@@@@@@@@@@@@@@@@@@@@@@@@#.
0x0d,0xff,0xff,0xff,0xff,0xff,0xff,0xff,0xff,0xff,0xff,0xff,0xff,0xff,0xff,0xff,0xff,0xff,0xff,0xff,0xff,0xff,0xff,0xff,0xff,0xff,0xff,0xff,0x00,  //.#@@@@@@@@@@@@@@@@@@@@@@@@@@@@@@@@@@@@@@@@@@@@@@@@@@@@@@.
0x1f,0xff,0xff,0xff,0xff,0xff,0xff,0xff,0xff,0xff,0xff,0xff,0xff,0xff,0xff,0xff,0xff,0xff,0xff,0xff,0xff,0xff,0xff,0xff,0xff,0xff,0xff,0xff,0x30,  //+@@@@@@@@@@@@@@@@@@@@@@@@@@@@@@@@@@@@@@@@@@@@@@@@@@@@@@@*
0x3f,0xff,0xff,0xff,0xff,0xff,0xff,0xff,0xff,0xff,0xff,0xff,0xff,0xff,0xff,0xff,0xff,0xff,0xff,0xff,0xff,0xff,0xff,0xff,0xff,0xff,0xff,0xff,0x70,  //*@@@@@@@@@@@@@@@@@@@@@@@@@@@@@@@@@@@@@@@@@@@@@@@@@@@@@@@*
0x7f,0xff,0xff,0xff,0xff,0xff,0xff,0xff,0xff,0xff,0xff,0xff,0xff,0xff,0xff,0xff,0xff,0xff,0xff,0xff,0xff,0xff,0xff,0xff,0xff,0xff,0xff,0xff,0x90,  //*@@@@@@@@@@@@@@@@@@@@@@@@@@@@@@@@@@@@@@@@@@@@@@@@@@@@@@@%
0x8f,0xff,0xff,0xff,0xff,0xff,0xff,0xff,0xff,0xff,0xff,0xff,0xff,0xff,0xff,0xff,0xff,0xff,0xff,0xff,0xff,0xff,0xff,0xff,0xff,0xff,0xff,0xff,0xb0,  //%@@@@@@@@@@@@@@@@@@@@@@@@@@@@@@@@@@@@@@@@@@@@@@@@@@@@@@@%
0xbf,0xff,0xff,0xff,0xff,0xff,0xff,0xff,0xff,0xff,0xff,0xff,0xff,0xff,0xff,0xff,0xff,0xff,0xff,0xff,0xff,0xff,0xff,0xff,0xff,0xff,0xff,0xff,0xc0,  //%@@@@@@@@@@@@@@@@@@@@@@@@@@@@@@@@@@@@@@@@@@@@@@@@@@@@@@@#
0xbf,0xff,0xff,0xff,0xff,0xff,0xff,0xff,0xff,0xff,0xff,0xff,0xff,0xff,0xff,0xff,0xff,0xff,0xff,0xff,0xff,0xff,0xff,0xff,0xff,0xff,0xff,0xff,0xf0,  //%@@@@@@@@@@@@@@@@@@@@@@@@@@@@@@@@@@@@@@@@@@@@@@@@@@@@@@@@
0xcf,0xff,0xff,0xff,0xff,0xff,0xff,0xff,0xff,0xff,0xff,0xff,0xff,0xff,0xff,0xff,0xff,0xff,0xff,0xff,0xff,0xff,0xff,0xff,0xff,0xff,0xff,0xff,0xf0,  //#@@@@@@@@@@@@@@@@@@@@@@@@@@@@@@@@@@@@@@@@@@@@@@@@@@@@@@@@
0xff,0xff,0xff,0xff,0xff,0xff,0xff,0xff,0xff,0xff,0xff,0xff,0xff,0xff,0xff,0xff,0xff,0xff,0xff,0xff,0xff,0xff,0xff,0xff,0xff,0xff,0xff,0xff,0xf0,  //@@@@@@@@@@@@@@@@@@@@@@@@@@@@@@@@@@@@@@@@@@@@@@@@@@@@@@@@@
0xff,0xff,0xff,0xff,0xff,0xff,0xff,0xff,0xff,0xff,0xff,0xff,0xff,0xff,0xff,0xff,0xff,0xff,0xff,0xff,0xff,0xff,0xff,0xff,0xff,0xff,0xff,0xff,0xf0,  //@@@@@@@@@@@@@@@@@@@@@@@@@@@@@@@@@@@@@@@@@@@@@@@@@@@@@@@@@
0xff,0xff,0xff,0xff,0xff,0xff,0xff,0xff,0xff,0xff,0xff,0xff,0xff,0xff,0xff,0xff,0xff,0xff,0xff,0xff,0xff,0xff,0xff,0xff,0xff,0xff,0xff,0xff,0xf0,  //@@@@@@@@@@@@@@@@@@@@@@@@@@@@@@@@@@@@@@@@@@@@@@@@@@@@@@@@@
0xff,0xff,0xff,0xff,0xff,0xff,0xff,0xff,0xff,0xff,0xff,0xff,0xff,0xff,0xff,0xff,0xff,0xff,0xff,0xff,0xff,0xff,0xff,0xff,0xff,0xff,0xff,0xff,0xf0,  //@@@@@@@@@@@@@@@@@@@@@@@@@@@@@@@@@@@@@@@@@@@@@@@@@@@@@@@@@
0xff,0xff,0xff,0xff,0xff,0xff,0xff,0xff,0xff,0xff,0xff,0xff,0xff,0xff,0xff,0xff,0xff,0xff,0xff,0xff,0xff,0xff,0xff,0xff,0xff,0xff,0xff,0xff,0xf0,  //@@@@@@@@@@@@@@@@@@@@@@@@@@@@@@@@@@@@@@@@@@@@@@@@@@@@@@@@@
0xff,0xff,0xff,0xff,0xff,0xff,0xff,0xff,0xff,0xff,0xff,0xff,0xff,0xff,0xff,0xff,0xff,0xff,0xff,0xff,0xff,0xff,0xff,0xff,0xff,0xff,0xff,0xff,0xf0,  //@@@@@@@@@@@@@@@@@@@@@@@@@@@@@@@@@@@@@@@@@@@@@@@@@@@@@@@@@
0xbf,0xff,0xff,0xff,0xff,0xff,0xff,0xff,0xff,0xff,0xff,0xff,0xff,0xff,0xff,0xff,0xff,0xff,0xff,0xff,0xff,0xff,0xff,0xff,0xff,0xff,0xff,0xff,0xe0,  //%@@@@@@@@@@@@@@@@@@@@@@@@@@@@@@@@@@@@@@@@@@@@@@@@@@@@@@@#
0x8f,0xff,0xff,0xff,0xff,0xff,0xff,0xff,0xff,0xff,0xff,0xff,0xff,0xff,0xff,0xff,0xff,0xff,0xff,0xff,0xff,0xff,0xff,0xff,0xff,0xff,0xff,0xff,0xa0,  //%@@@@@@@@@@@@@@@@@@@@@@@@@@@@@@@@@@@@@@@@@@@@@@@@@@@@@@@%
0x4f,0xff,0xff,0xff,0xff,0xff,0xff,0xff,0xff,0xff,0xff,0xff,0xff,0xff,0xff,0xff,0xff,0xff,0xff,0xff,0xff,0xff,0xff,0xff,0xff,0xff,0xff,0xff,0x50,  //*@@@@@@@@@@@@@@@@@@@@@@@@@@@@@@@@@@@@@@@@@@@@@@@@@@@@@@@*
0x0d,0xff,0xff,0xff,0xff,0xff,0xff,0xff,0xff,0xff,0xff,0xff,0xff,0xff,0xff,0xff,0xff,0xff,0xff,0xff,0xff,0xff,0xff,0xff,0xff,0xff,0xff,0xfe,0x00,  //.#@@@@@@@@@@@@@@@@@@@@@@@@@@@@@@@@@@@@@@@@@@@@@@@@@@@@@#.
0x05,0xff,0xff,0xff,0xff,0xff,0xff,0xff,0xff,0xff,0xff,0xff,0xff,0xff,0xff,0xff,0xff,0xff,0xff,0xff,0xff,0xff,0xff,0xff,0xff,0xff,0xff,0xf7,0x00,  //.*@@@@@@@@@@@@@@@@@@@@@@@@@@@@@@@@@@@@@@@@@@@@@@@@@@@@@*.
0x00,0xbf,0xff,0xff,0xff,0xff,0xff,0xff,0xff,0xff,0xff,0xff,0xff,0xff,0xff,0xff,0xff,0xff,0xff,0xff,0xff,0xff,0xff,0xff,0xff,0xff,0xff,0xc0,0x00,  //..%@@@@@@@@@@@@@@@@@@@@@@@@@@@@@@@@@@@@@@@@@@@@@@@@@@@#..
0x00,0x0e,0xff,0xff,0xff,0xff,0xff,0xff,0xff,0xff,0xff,0xff,0xff,0xff,0xff,0xff,0xff,0xff,0xff,0xff,0xff,0xff,0xff,0xff,0xff,0xff,0xfe,0x20,0x00,  //...#@@@@@@@@@@@@@@@@@@@@@@@@@@@@@@@@@@@@@@@@@@@@@@@@@#+..
0x00,0x02,0xdf,0xff,0xff,0xff,0xff,0xff,0xff,0xff,0xff,0xff,0xff,0xff,0xff,0xff,0xff,0xff,0xff,0xff,0xff,0xff,0xff,0xff,0xff,0xff,0xe2,0x00,0x00,  //...+#@@@@@@@@@@@@@@@@@@@@@@@@@@@@@@@@@@@@@@@@@@@@@@@#+...
0x00,0x00,0x09,0xff,0xff,0xff,0xff,0xff,0xff,0xff,0xff,0xff,0xff,0xff,0xff,0xff,0xff,0xff,0xff,0xff,0xff,0xff,0xff,0xff,0xff,0xfb,0x10,0x00,0x00,  //.....%@@@@@@@@@@@@@@@@@@@@@@@@@@@@@@@@@@@@@@@@@@@@@%+....
0x00,0x00,0x00,0x16,0xab,0xbb,0xbb,0xbb,0xbb,0xbb,0xbb,0xbb,0xbb,0xbb,0xbb,0xbb,0xbb,0xbb,0xbb,0xbb,0xbb,0xbb,0xbb,0xbb,0xb7,0x20,0x00,0x00,0x00,  //......+*%%%%%%%%%%%%%%%%%%%%%%%%%%%%%%%%%%%%%%%%%*+......


/*  */
0x00,0x05,0xbb,0xbb,0xbb,0xbb,0xbb,0xbb,0xbb,0xbb,0xbb,0xbb,0xbb,0xbb,0xbb,0x70,0x00,0x00,0x00,0x00,0x00,0x05,0xbb,0xbb,0xbb,0xbb,0xbb,0xbb,0xbb,0xbb,0xbb,0xbb,0xbb,0xbb,0xbb,0x70,0x00,  //...*%%%%%%%%%%%%%%%%%%%%%%%%%%*............*%%%%%%%%%%%%%%%%%%%%%%%%%%*...
0x00,0xcf,0xff,0xff,0xff,0xff,0xff,0xff,0xff,0xff,0xff,0xff,0xff,0xff,0xff,0xfe,0x20,0x00,0x00,0x00,0x00,0xcf,0xff,0xff,0xff,0xff,0xff,0xff,0xff,0xff,0xff,0xff,0xff,0xff,0xff,0xfe,0x20,  //..#@@@@@@@@@@@@@@@@@@@@@@@@@@@@#+.........#@@@@@@@@@@@@@@@@@@@@@@@@@@@@#+.
0x0c,0xff,0xff,0xff,0xff,0xff,0xff,0xff,0xff,0xff,0xff,0xff,0xff,0xff,0xff,0xff,0xe2,0x00,0x00,0x00,0x0c,0xff,0xff,0xff,0xff,0xff,0xff,0xff,0xff,0xff,0xff,0xff,0xff,0xff,0xff,0xff,0xe2,  //.#@@@@@@@@@@@@@@@@@@@@@@@@@@@@@@#+.......#@@@@@@@@@@@@@@@@@@@@@@@@@@@@@@#+
0x7f,0xff,0xff,0xff,0xff,0xff,0xff,0xff,0xff,0xff,0xff,0xff,0xff,0xff,0xff,0xff,0xfb,0x00,0x00,0x00,0x7f,0xff,0xff,0xff,0xff,0xff,0xff,0xff,0xff,0xff,0xff,0xff,0xff,0xff,0xff,0xff,0xfb,  //*@@@@@@@@@@@@@@@@@@@@@@@@@@@@@@@@%......*@@@@@@@@@@@@@@@@@@@@@@@@@@@@@@@@%
0xcf,0xff,0xff,0xff,0xff,0xff,0xff,0xff,0xff,0xff,0xff,0xff,0xff,0xff,0xff,0xff,0xff,0x10,0x00,0x00,0xcf,0xff,0xff,0xff,0xff,0xff,0xff,0xff,0xff,0xff,0xff,0xff,0xff,0xff,0xff,0xff,0xff,  //#@@@@@@@@@@@@@@@@@@@@@@@@@@@@@@@@@+.....#@@@@@@@@@@@@@@@@@@@@@@@@@@@@@@@@@
0xff,0xff,0xff,0xff,0xff,0xff,0xff,0xff,0xff,0xff,0xff,0xff,0xff,0xff,0xff,0xff,0xff,0x30,0x00,0x00,0xff,0xff,0xff,0xff,0xff,0xff,0xff,0xff,0xff,0xff,0xff,0xff,0xff,0xff,0xff,0xff,0xff,  //@@@@@@@@@@@@@@@@@@@@@@@@@@@@@@@@@@*.....@@@@@@@@@@@@@@@@@@@@@@@@@@@@@@@@@@
0xff,0xff,0xff,0xff,0xff,0xff,0xff,0xff,0xff,0xff,0xff,0xff,0xff,0xff,0xff,0xff,0xff,0x30,0x00,0x00,0xff,0xff,0xff,0xff,0xff,0xff,0xff,0xff,0xff,0xff,0xff,0xff,0xff,0xff,0xff,0xff,0xff,  //@@@@@@@@@@@@@@@@@@@@@@@@@@@@@@@@@@*.....@@@@@@@@@@@@@@@@@@@@@@@@@@@@@@@@@@
0xff,0xff,0xff,0xff,0xff,0xff,0xff,0xff,0xff,0xff,0xff,0xff,0xff,0xff,0xff,0xff,0xff,0x30,0x00,0x00,0xff,0xff,0xff,0xff,0xff,0xff,0xff,0xff,0xff,0xff,0xff,0xff,0xff,0xff,0xff,0xff,0xff,  //@@@@@@@@@@@@@@@@@@@@@@@@@@@@@@@@@@*.....@@@@@@@@@@@@@@@@@@@@@@@@@@@@@@@@@@
0xff,0xff,0xff,0xff,0xff,0xff,0xff,0xff,0xff,0xff,0xff,0xff,0xff,0xff,0xff,0xff,0xff,0x30,0x00,0x00,0xff,0xff,0xff,0xff,0xff,0xff,0xff,0xff,0xff,0xff,0xff,0xff,0xff,0xff,0xff,0xff,0xff,  //@@@@@@@@@@@@@@@@@@@@@@@@@@@@@@@@@@*.....@@@@@@@@@@@@@@@@@@@@@@@@@@@@@@@@@@
0xff,0xff,0xff,0xff,0xff,0xff,0xff,0xff,0xff,0xff,0xff,0xff,0xff,0xff,0xff,0xff,0xff,0x30,0x00,0x00,0xff,0xff,0xff,0xff,0xff,0xff,0xff,0xff,0xff,0xff,0xff,0xff,0xff,0xff,0xff,0xff,0xff,  //@@@@@@@@@@@@@@@@@@@@@@@@@@@@@@@@@@*.....@@@@@@@@@@@@@@@@@@@@@@@@@@@@@@@@@@
0xff,0xff,0xff,0xff,0xff,0xff,0xff,0xff,0xff,0xff,0xff,0xff,0xff,0xff,0xff,0xff,0xff,0x30,0x00,0x00,0xff,0xff,0xff,0xff,0xff,0xff,0xff,0xff,0xff,0xff,0xff,0xff,0xff,0xff,0xff,0xff,0xff,  //@@@@@@@@@@@@@@@@@@@@@@@@@@@@@@@@@@*.....@@@@@@@@@@@@@@@@@@@@@@@@@@@@@@@@@@
0xff,0xff,0xff,0xff,0xff,0xff,0xff,0xff,0xff,0xff,0xff,0xff,0xff,0xff,0xff,0xff,0xff,0x30,0x00,0x00,0xff,0xff,0xff,0xff,0xff,0xff,0xff,0xff,0xff,0xff,0xff,0xff,0xff,0xff,0xff,0xff,0xff,  //@@@@@@@@@@@@@@@@@@@@@@@@@@@@@@@@@@*.....@@@@@@@@@@@@@@@@@@@@@@@@@@@@@@@@@@
0xff,0xff,0xff,0xff,0xff,0xff,0xff,0xff,0xff,0xff,0xff,0xff,0xff,0xff,0xff,0xff,0xff,0x30,0x00,0x00,0xff,0xff,0xff,0xff,0xff,0xff,0xff,0xff,0xff,0xff,0xff,0xff,0xff,0xff,0xff,0xff,0xff,  //@@@@@@@@@@@@@@@@@@@@@@@@@@@@@@@@@@*.....@@@@@@@@@@@@@@@@@@@@@@@@@@@@@@@@@@
0xff,0xff,0xff,0xff,0xff,0xff,0xff,0xff,0xff,0xff,0xff,0xff,0xff,0xff,0xff,0xff,0xff,0x30,0x00,0x00,0xff,0xff,0xff,0xff,0xff,0xff,0xff,0xff,0xff,0xff,0xff,0xff,0xff,0xff,0xff,0xff,0xff,  //@@@@@@@@@@@@@@@@@@@@@@@@@@@@@@@@@@*.....@@@@@@@@@@@@@@@@@@@@@@@@@@@@@@@@@@
0xff,0xff,0xff,0xff,0xff,0xff,0xff,0xff,0xff,0xff,0xff,0xff,0xff,0xff,0xff,0xff,0xff,0x30,0x00,0x00,0xff,0xff,0xff,0xff,0xff,0xff,0xff,0xff,0xff,0xff,0xff,0xff,0xff,0xff,0xff,0xff,0xff,  //@@@@@@@@@@@@@@@@@@@@@@@@@@@@@@@@@@*.....@@@@@@@@@@@@@@@@@@@@@@@@@@@@@@@@@@
0xff,0xff,0xff,0xff,0xff,0xff,0xff,0xff,0xff,0xff,0xff,0xff,0xff,0xff,0xff,0xff,0xff,0x30,0x00,0x00,0xff,0xff,0xff,0xff,0xff,0xff,0xff,0xff,0xff,0xff,0xff,0xff,0xff,0xff,0xff,0xff,0xff,  //@@@@@@@@@@@@@@@@@@@@@@@@@@@@@@@@@@*.....@@@@@@@@@@@@@@@@@@@@@@@@@@@@@@@@@@
0xff,0xff,0xff,0xff,0xff,0xff,0xff,0xff,0xff,0xff,0xff,0xff,0xff,0xff,0xff,0xff,0xff,0x30,0x00,0x00,0xff,0xff,0xff,0xff,0xff,0xff,0xff,0xff,0xff,0xff,0xff,0xff,0xff,0xff,0xff,0xff,0xff,  //@@@@@@@@@@@@@@@@@@@@@@@@@@@@@@@@@@*.....@@@@@@@@@@@@@@@@@@@@@@@@@@@@@@@@@@
0xff,0xff,0xff,0xff,0xff,0xff,0xff,0xff,0xff,0xff,0xff,0xff,0xff,0xff,0xff,0xff,0xff,0x30,0x00,0x00,0xff,0xff,0xff,0xff,0xff,0xff,0xff,0xff,0xff,0xff,0xff,0xff,0xff,0xff,0xff,0xff,0xff,  //@@@@@@@@@@@@@@@@@@@@@@@@@@@@@@@@@@*.....@@@@@@@@@@@@@@@@@@@@@@@@@@@@@@@@@@
0xff,0xff,0xff,0xff,0xff,0xff,0xff,0xff,0xff,0xff,0xff,0xff,0xff,0xff,0xff,0xff,0xff,0x30,0x00,0x00,0xff,0xff,0xff,0xff,0xff,0xff,0xff,0xff,0xff,0xff,0xff,0xff,0xff,0xff,0xff,0xff,0xff,  //@@@@@@@@@@@@@@@@@@@@@@@@@@@@@@@@@@*.....@@@@@@@@@@@@@@@@@@@@@@@@@@@@@@@@@@
0xff,0xff,0xff,0xff,0xff,0xff,0xff,0xff,0xff,0xff,0xff,0xff,0xff,0xff,0xff,0xff,0xff,0x30,0x00,0x00,0xff,0xff,0xff,0xff,0xff,0xff,0xff,0xff,0xff,0xff,0xff,0xff,0xff,0xff,0xff,0xff,0xff,  //@@@@@@@@@@@@@@@@@@@@@@@@@@@@@@@@@@*.....@@@@@@@@@@@@@@@@@@@@@@@@@@@@@@@@@@
0xff,0xff,0xff,0xff,0xff,0xff,0xff,0xff,0xff,0xff,0xff,0xff,0xff,0xff,0xff,0xff,0xff,0x30,0x00,0x00,0xff,0xff,0xff,0xff,0xff,0xff,0xff,0xff,0xff,0xff,0xff,0xff,0xff,0xff,0xff,0xff,0xff,  //@@@@@@@@@@@@@@@@@@@@@@@@@@@@@@@@@@*.....@@@@@@@@@@@@@@@@@@@@@@@@@@@@@@@@@@
0xff,0xff,0xff,0xff,0xff,0xff,0xff,0xff,0xff,0xff,0xff,0xff,0xff,0xff,0xff,0xff,0xff,0x30,0x00,0x00,0xff,0xff,0xff,0xff,0xff,0xff,0xff,0xff,0xff,0xff,0xff,0xff,0xff,0xff,0xff,0xff,0xff,  //@@@@@@@@@@@@@@@@@@@@@@@@@@@@@@@@@@*.....@@@@@@@@@@@@@@@@@@@@@@@@@@@@@@@@@@
0xff,0xff,0xff,0xff,0xff,0xff,0xff,0xff,0xff,0xff,0xff,0xff,0xff,0xff,0xff,0xff,0xff,0x30,0x00,0x00,0xff,0xff,0xff,0xff,0xff,0xff,0xff,0xff,0xff,0xff,0xff,0xff,0xff,0xff,0xff,0xff,0xff,  //@@@@@@@@@@@@@@@@@@@@@@@@@@@@@@@@@@*.....@@@@@@@@@@@@@@@@@@@@@@@@@@@@@@@@@@
0xff,0xff,0xff,0xff,0xff,0xff,0xff,0xff,0xff,0xff,0xff,0xff,0xff,0xff,0xff,0xff,0xff,0x30,0x00,0x00,0xff,0xff,0xff,0xff,0xff,0xff,0xff,0xff,0xff,0xff,0xff,0xff,0xff,0xff,0xff,0xff,0xff,  //@@@@@@@@@@@@@@@@@@@@@@@@@@@@@@@@@@*.....@@@@@@@@@@@@@@@@@@@@@@@@@@@@@@@@@@
0xcf,0xff,0xff,0xff,0xff,0xff,0xff,0xff,0xff,0xff,0xff,0xff,0xff,0xff,0xff,0xff,0xff,0x00,0x00,0x00,0xcf,0xff,0xff,0xff,0xff,0xff,0xff,0xff,0xff,0xff,0xff,0xff,0xff,0xff,0xff,0xff,0xff,  //#@@@@@@@@@@@@@@@@@@@@@@@@@@@@@@@@@......#@@@@@@@@@@@@@@@@@@@@@@@@@@@@@@@@@
0x5f,0xff,0xff,0xff,0xff,0xff,0xff,0xff,0xff,0xff,0xff,0xff,0xff,0xff,0xff,0xff,0xfb,0x00,0x00,0x00,0x5f,0xff,0xff,0xff,0xff,0xff,0xff,0xff,0xff,0xff,0xff,0xff,0xff,0xff,0xff,0xff,0xfb,  //*@@@@@@@@@@@@@@@@@@@@@@@@@@@@@@@@%......*@@@@@@@@@@@@@@@@@@@@@@@@@@@@@@@@%
0x0b,0xff,0xff,0xff,0xff,0xff,0xff,0xff,0xff,0xff,0xff,0xff,0xff,0xff,0xff,0xff,0xe1,0x00,0x00,0x00,0x0b,0xff,0xff,0xff,0xff,0xff,0xff,0xff,0xff,0xff,0xff,0xff,0xff,0xff,0xff,0xff,0xe1,  //.%@@@@@@@@@@@@@@@@@@@@@@@@@@@@@@#+.......%@@@@@@@@@@@@@@@@@@@@@@@@@@@@@@#+
0x00,0xaf,0xff,0xff,0xff,0xff,0xff,0xff,0xff,0xff,0xff,0xff,0xff,0xff,0xff,0xfd,0x20,0x00,0x00,0x00,0x00,0xaf,0xff,0xff,0xff,0xff,0xff,0xff,0xff,0xff,0xff,0xff,0xff,0xff,0xff,0xfd,0x20,  //..%@@@@@@@@@@@@@@@@@@@@@@@@@@@@#+.........%@@@@@@@@@@@@@@@@@@@@@@@@@@@@#+.
0x00,0x03,0x8b,0xbb,0xbb,0xbb,0xbb,0xbb,0xbb,0xbb,0xbb,0xbb,0xbb,0xbb,0xba,0x50,0x00,0x00,0x00,0x00,0x00,0x03,0x8b,0xbb,0xbb,0xbb,0xbb,0xbb,0xbb,0xbb,0xbb,0xbb,0xbb,0xbb,0xba,0x50,0x00,  //...*%%%%%%%%%%%%%%%%%%%%%%%%%%*............*%%%%%%%%%%%%%%%%%%%%%%%%%%*...
0x00,0x00,0x00,0x00,0x00,0x00,0x00,0x00,0x00,0x00,0x00,0x00,0x00,0x00,0x00,0x00,0x00,0x00,0x00,0x00,0x00,0x00,0x00,0x00,0x00,0x00,0x00,0x00,0x00,0x00,0x00,0x00,0x00,0x00,0x00,0x00,0x00,  //..........................................................................
0x00,0x00,0x00,0x00,0x00,0x00,0x00,0x00,0x00,0x00,0x00,0x00,0x00,0x00,0x00,0x00,0x00,0x00,0x00,0x00,0x00,0x00,0x00,0x00,0x00,0x00,0x00,0x00,0x00,0x00,0x00,0x00,0x00,0x00,0x00,0x00,0x00,  //..........................................................................
0x00,0x00,0x00,0x00,0x00,0x00,0x00,0x00,0x00,0x00,0x00,0x00,0x00,0x00,0x00,0x00,0x00,0x00,0x00,0x00,0x00,0x00,0x00,0x00,0x00,0x00,0x00,0x00,0x00,0x00,0x00,0x00,0x00,0x00,0x00,0x00,0x00,  //..........................................................................
0x00,0x00,0x00,0x00,0x00,0x00,0x00,0x00,0x00,0x00,0x00,0x00,0x00,0x00,0x00,0x00,0x00,0x00,0x00,0x00,0x00,0x00,0x00,0x00,0x00,0x00,0x00,0x00,0x00,0x00,0x00,0x00,0x00,0x00,0x00,0x00,0x00,  //..........................................................................
0x00,0x00,0x00,0x00,0x00,0x00,0x00,0x00,0x00,0x00,0x00,0x00,0x00,0x00,0x00,0x00,0x00,0x00,0x00,0x00,0x00,0x00,0x00,0x00,0x00,0x00,0x00,0x00,0x00,0x00,0x00,0x00,0x00,0x00,0x00,0x00,0x00,  //..........................................................................
0x00,0x01,0x67,0x77,0x77,0x77,0x77,0x77,0x77,0x77,0x77,0x77,0x77,0x77,0x77,0x20,0x00,0x00,0x00,0x00,0x00,0x01,0x67,0x77,0x77,0x77,0x77,0x77,0x77,0x77,0x77,0x77,0x77,0x77,0x77,0x20,0x00,  //...+**************************+............+**************************+...
0x00,0x8f,0xff,0xff,0xff,0xff,0xff,0xff,0xff,0xff,0xff,0xff,0xff,0xff,0xff,0xfb,0x00,0x00,0x00,0x00,0x00,0x8f,0xff,0xff,0xff,0xff,0xff,0xff,0xff,0xff,0xff,0xff,0xff,0xff,0xff,0xfb,0x00,  //..%@@@@@@@@@@@@@@@@@@@@@@@@@@@@%..........%@@@@@@@@@@@@@@@@@@@@@@@@@@@@%..
0x09,0xff,0xff,0xff,0xff,0xff,0xff,0xff,0xff,0xff,0xff,0xff,0xff,0xff,0xff,0xff,0xc0,0x00,0x00,0x00,0x09,0xff,0xff,0xff,0xff,0xff,0xff,0xff,0xff,0xff,0xff,0xff,0xff,0xff,0xff,0xff,0xc0,  //.%@@@@@@@@@@@@@@@@@@@@@@@@@@@@@@#........%@@@@@@@@@@@@@@@@@@@@@@@@@@@@@@#.
0x4f,0xff,0xff,0xff,0xff,0xff,0xff,0xff,0xff,0xff,0xff,0xff,0xff,0xff,0xff,0xff,0xf9,0x00,0x00,0x00,0x4f,0xff,0xff,0xff,0xff,0xff,0xff,0xff,0xff,0xff,0xff,0xff,0xff,0xff,0xff,0xff,0xf9,  //*@@@@@@@@@@@@@@@@@@@@@@@@@@@@@@@@%......*@@@@@@@@@@@@@@@@@@@@@@@@@@@@@@@@%
0xbf,0xff,0xff,0xff,0xff,0xff,0xff,0xff,0xff,0xff,0xff,0xff,0xff,0xff,0xff,0xff,0xff,0x00,0x00,0x00,0xbf,0xff,0xff,0xff,0xff,0xff,0xff,0xff,0xff,0xff,0xff,0xff,0xff,0xff,0xff,0xff,0xff,  //%@@@@@@@@@@@@@@@@@@@@@@@@@@@@@@@@@......%@@@@@@@@@@@@@@@@@@@@@@@@@@@@@@@@@
0xff,0xff,0xff,0xff,0xff,0xff,0xff,0xff,0xff,0xff,0xff,0xff,0xff,0xff,0xff,0xff,0xff,0x30,0x00,0x00,0xff,0xff,0xff,0xff,0xff,0xff,0xff,0xff,0xff,0xff,0xff,0xff,0xff,0xff,0xff,0xff,0xff,  //@@@@@@@@@@@@@@@@@@@@@@@@@@@@@@@@@@*.....@@@@@@@@@@@@@@@@@@@@@@@@@@@@@@@@@@
0xff,0xff,0xff,0xff,0xff,0xff,0xff,0xff,0xff,0xff,0xff,0xff,0xff,0xff,0xff,0xff,0xff,0x30,0x00,0x00,0xff,0xff,0xff,0xff,0xff,0xff,0xff,0xff,0xff,0xff,0xff,0xff,0xff,0xff,0xff,0xff,0xff,  //@@@@@@@@@@@@@@@@@@@@@@@@@@@@@@@@@@*.....@@@@@@@@@@@@@@@@@@@@@@@@@@@@@@@@@@
0xff,0xff,0xff,0xff,0xff,0xff,0xff,0xff,0xff,0xff,0xff,0xff,0xff,0xff,0xff,0xff,0xff,0x30,0x00,0x00,0xff,0xff,0xff,0xff,0xff,0xff,0xff,0xff,0xff,0xff,0xff,0xff,0xff,0xff,0xff,0xff,0xff,  //@@@@@@@@@@@@@@@@@@@@@@@@@@@@@@@@@@*.....@@@@@@@@@@@@@@@@@@@@@@@@@@@@@@@@@@
0xff,0xff,0xff,0xff,0xff,0xff,0xff,0xff,0xff,0xff,0xff,0xff,0xff,0xff,0xff,0xff,0xff,0x30,0x00,0x00,0xff,0xff,0xff,0xff,0xff,0xff,0xff,0xff,0xff,0xff,0xff,0xff,0xff,0xff,0xff,0xff,0xff,  //@@@@@@@@@@@@@@@@@@@@@@@@@@@@@@@@@@*.....@@@@@@@@@@@@@@@@@@@@@@@@@@@@@@@@@@
0xff,0xff,0xff,0xff,0xff,0xff,0xff,0xff,0xff,0xff,0xff,0xff,0xff,0xff,0xff,0xff,0xff,0x30,0x00,0x00,0xff,0xff,0xff,0xff,0xff,0xff,0xff,0xff,0xff,0xff,0xff,0xff,0xff,0xff,0xff,0xff,0xff,  //@@@@@@@@@@@@@@@@@@@@@@@@@@@@@@@@@@*.....@@@@@@@@@@@@@@@@@@@@@@@@@@@@@@@@@@
0xff,0xff,0xff,0xff,0xff,0xff,0xff,0xff,0xff,0xff,0xff,0xff,0xff,0xff,0xff,0xff,0xff,0x30,0x00,0x00,0xff,0xff,0xff,0xff,0xff,0xff,0xff,0xff,0xff,0xff,0xff,0xff,0xff,0xff,0xff,0xff,0xff,  //@@@@@@@@@@@@@@@@@@@@@@@@@@@@@@@@@@*.....@@@@@@@@@@@@@@@@@@@@@@@@@@@@@@@@@@
0xff,0xff,0xff,0xff,0xff,0xff,0xff,0xff,0xff,0xff,0xff,0xff,0xff,0xff,0xff,0xff,0xff,0x30,0x00,0x00,0xff,0xff,0xff,0xff,0xff,0xff,0xff,0xff,0xff,0xff,0xff,0xff,0xff,0xff,0xff,0xff,0xff,  //@@@@@@@@@@@@@@@@@@@@@@@@@@@@@@@@@@*.....@@@@@@@@@@@@@@@@@@@@@@@@@@@@@@@@@@
0xff,0xff,0xff,0xff,0xff,0xff,0xff,0xff,0xff,0xff,0xff,0xff,0xff,0xff,0xff,0xff,0xff,0x30,0x00,0x00,0xff,0xff,0xff,0xff,0xff,0xff,0xff,0xff,0xff,0xff,0xff,0xff,0xff,0xff,0xff,0xff,0xff,  //@@@@@@@@@@@@@@@@@@@@@@@@@@@@@@@@@@*.....@@@@@@@@@@@@@@@@@@@@@@@@@@@@@@@@@@
0xff,0xff,0xff,0xff,0xff,0xff,0xff,0xff,0xff,0xff,0xff,0xff,0xff,0xff,0xff,0xff,0xff,0x30,0x00,0x00,0xff,0xff,0xff,0xff,0xff,0xff,0xff,0xff,0xff,0xff,0xff,0xff,0xff,0xff,0xff,0xff,0xff,  //@@@@@@@@@@@@@@@@@@@@@@@@@@@@@@@@@@*.....@@@@@@@@@@@@@@@@@@@@@@@@@@@@@@@@@@
0xff,0xff,0xff,0xff,0xff,0xff,0xff,0xff,0xff,0xff,0xff,0xff,0xff,0xff,0xff,0xff,0xff,0x30,0x00,0x00,0xff,0xff,0xff,0xff,0xff,0xff,0xff,0xff,0xff,0xff,0xff,0xff,0xff,0xff,0xff,0xff,0xff,  //@@@@@@@@@@@@@@@@@@@@@@@@@@@@@@@@@@*.....@@@@@@@@@@@@@@@@@@@@@@@@@@@@@@@@@@
0xff,0xff,0xff,0xff,0xff,0xff,0xff,0xff,0xff,0xff,0xff,0xff,0xff,0xff,0xff,0xff,0xff,0x30,0x00,0x00,0xff,0xff,0xff,0xff,0xff,0xff,0xff,0xff,0xff,0xff,0xff,0xff,0xff,0xff,0xff,0xff,0xff,  //@@@@@@@@@@@@@@@@@@@@@@@@@@@@@@@@@@*.....@@@@@@@@@@@@@@@@@@@@@@@@@@@@@@@@@@
0xff,0xff,0xff,0xff,0xff,0xff,0xff,0xff,0xff,0xff,0xff,0xff,0xff,0xff,0xff,0xff,0xff,0x30,0x00,0x00,0xff,0xff,0xff,0xff,0xff,0xff,0xff,0xff,0xff,0xff,0xff,0xff,0xff,0xff,0xff,0xff,0xff,  //@@@@@@@@@@@@@@@@@@@@@@@@@@@@@@@@@@*.....@@@@@@@@@@@@@@@@@@@@@@@@@@@@@@@@@@
0xff,0xff,0xff,0xff,0xff,0xff,0xff,0xff,0xff,0xff,0xff,0xff,0xff,0xff,0xff,0xff,0xff,0x30,0x00,0x00,0xff,0xff,0xff,0xff,0xff,0xff,0xff,0xff,0xff,0xff,0xff,0xff,0xff,0xff,0xff,0xff,0xff,  //@@@@@@@@@@@@@@@@@@@@@@@@@@@@@@@@@@*.....@@@@@@@@@@@@@@@@@@@@@@@@@@@@@@@@@@
0xff,0xff,0xff,0xff,0xff,0xff,0xff,0xff,0xff,0xff,0xff,0xff,0xff,0xff,0xff,0xff,0xff,0x30,0x00,0x00,0xff,0xff,0xff,0xff,0xff,0xff,0xff,0xff,0xff,0xff,0xff,0xff,0xff,0xff,0xff,0xff,0xff,  //@@@@@@@@@@@@@@@@@@@@@@@@@@@@@@@@@@*.....@@@@@@@@@@@@@@@@@@@@@@@@@@@@@@@@@@
0xff,0xff,0xff,0xff,0xff,0xff,0xff,0xff,0xff,0xff,0xff,0xff,0xff,0xff,0xff,0xff,0xff,0x30,0x00,0x00,0xff,0xff,0xff,0xff,0xff,0xff,0xff,0xff,0xff,0xff,0xff,0xff,0xff,0xff,0xff,0xff,0xff,  //@@@@@@@@@@@@@@@@@@@@@@@@@@@@@@@@@@*.....@@@@@@@@@@@@@@@@@@@@@@@@@@@@@@@@@@
0xff,0xff,0xff,0xff,0xff,0xff,0xff,0xff,0xff,0xff,0xff,0xff,0xff,0xff,0xff,0xff,0xff,0x30,0x00,0x00,0xff,0xff,0xff,0xff,0xff,0xff,0xff,0xff,0xff,0xff,0xff,0xff,0xff,0xff,0xff,0xff,0xff,  //@@@@@@@@@@@@@@@@@@@@@@@@@@@@@@@@@@*.....@@@@@@@@@@@@@@@@@@@@@@@@@@@@@@@@@@
0xff,0xff,0xff,0xff,0xff,0xff,0xff,0xff,0xff,0xff,0xff,0xff,0xff,0xff,0xff,0xff,0xff,0x30,0x00,0x00,0xff,0xff,0xff,0xff,0xff,0xff,0xff,0xff,0xff,0xff,0xff,0xff,0xff,0xff,0xff,0xff,0xff,  //@@@@@@@@@@@@@@@@@@@@@@@@@@@@@@@@@@*.....@@@@@@@@@@@@@@@@@@@@@@@@@@@@@@@@@@
0xff,0xff,0xff,0xff,0xff,0xff,0xff,0xff,0xff,0xff,0xff,0xff,0xff,0xff,0xff,0xff,0xff,0x30,0x00,0x00,0xff,0xff,0xff,0xff,0xff,0xff,0xff,0xff,0xff,0xff,0xff,0xff,0xff,0xff,0xff,0xff,0xff,  //@@@@@@@@@@@@@@@@@@@@@@@@@@@@@@@@@@*.....@@@@@@@@@@@@@@@@@@@@@@@@@@@@@@@@@@
0xff,0xff,0xff,0xff,0xff,0xff,0xff,0xff,0xff,0xff,0xff,0xff,0xff,0xff,0xff,0xff,0xff,0x30,0x00,0x00,0xff,0xff,0xff,0xff,0xff,0xff,0xff,0xff,0xff,0xff,0xff,0xff,0xff,0xff,0xff,0xff,0xff,  //@@@@@@@@@@@@@@@@@@@@@@@@@@@@@@@@@@*.....@@@@@@@@@@@@@@@@@@@@@@@@@@@@@@@@@@
0xdf,0xff,0xff,0xff,0xff,0xff,0xff,0xff,0xff,0xff,0xff,0xff,0xff,0xff,0xff,0xff,0xff,0x20,0x00,0x00,0xdf,0xff,0xff,0xff,0xff,0xff,0xff,0xff,0xff,0xff,0xff,0xff,0xff,0xff,0xff,0xff,0xff,  //#@@@@@@@@@@@@@@@@@@@@@@@@@@@@@@@@@+.....#@@@@@@@@@@@@@@@@@@@@@@@@@@@@@@@@@
0x8f,0xff,0xff,0xff,0xff,0xff,0xff,0xff,0xff,0xff,0xff,0xff,0xff,0xff,0xff,0xff,0xfd,0x00,0x00,0x00,0x8f,0xff,0xff,0xff,0xff,0xff,0xff,0xff,0xff,0xff,0xff,0xff,0xff,0xff,0xff,0xff,0xfd,  //%@@@@@@@@@@@@@@@@@@@@@@@@@@@@@@@@#......%@@@@@@@@@@@@@@@@@@@@@@@@@@@@@@@@#
0x0e,0xff,0xff,0xff,0xff,0xff,0xff,0xff,0xff,0xff,0xff,0xff,0xff,0xff,0xff,0xff,0xf3,0x00,0x00,0x00,0x0e,0xff,0xff,0xff,0xff,0xff,0xff,0xff,0xff,0xff,0xff,0xff,0xff,0xff,0xff,0xff,0xf3,  //.#@@@@@@@@@@@@@@@@@@@@@@@@@@@@@@@*.......#@@@@@@@@@@@@@@@@@@@@@@@@@@@@@@@*
0x02,0xef,0xff,0xff,0xff,0xff,0xff,0xff,0xff,0xff,0xff,0xff,0xff,0xff,0xff,0xff,0x50,0x00,0x00,0x00,0x02,0xef,0xff,0xff,0xff,0xff,0xff,0xff,0xff,0xff,0xff,0xff,0xff,0xff,0xff,0xff,0x50,  //.+#@@@@@@@@@@@@@@@@@@@@@@@@@@@@@*........+#@@@@@@@@@@@@@@@@@@@@@@@@@@@@@*.
0x00,0x08,0xdf,0xff,0xff,0xff,0xff,0xff,0xff,0xff,0xff,0xff,0xff,0xff,0xfe,0x92,0x00,0x00,0x00,0x00,0x00,0x08,0xdf,0xff,0xff,0xff,0xff,0xff,0xff,0xff,0xff,0xff,0xff,0xff,0xfe,0x92,0x00,  //...%#@@@@@@@@@@@@@@@@@@@@@@@@#%+...........%#@@@@@@@@@@@@@@@@@@@@@@@@#%+..


/*  */
0x00,0x00,0x00,0x00,0x00,0x00,0x00,0x00,0x00,0x00,0x00,0x00,0x00,0x00,0x9b,0xbb,0xbb,0xbb,0xbb,0xbb,0x40,0x00,0x00,0x00,0x00,0x00,0x00,0x00,0x00,0x00,0x00,0x00,0x00,0x00,0x00,  //............................%%%%%%%%%%%%*............................
0x00,0x00,0x00,0x00,0x00,0x00,0x00,0x00,0x00,0x00,0x00,0x00,0x00,0x04,0xff,0xff,0xff,0xff,0xff,0xff,0xc0,0x00,0x00,0x00,0x00,0x00,0x00,0x00,0x00,0x00,0x00,0x00,0x00,0x00,0x00,  //...........................*@@@@@@@@@@@@#............................
0x00,0x00,0x00,0x00,0x00,0x00,0x00,0x00,0x00,0x00,0x00,0x00,0x00,0x07,0xff,0xff,0xff,0xff,0xff,0xff,0xf0,0x00,0x00,0x00,0x00,0x00,0x00,0x00,0x00,0x00,0x00,0x00,0x00,0x00,0x00,  //...........................*@@@@@@@@@@@@@............................
0x00,0x00,0x00,0x00,0x00,0x00,0x00,0x00,0x00,0x00,0x00,0x00,0x00,0x0b,0xff,0xff,0xff,0xff,0xff,0xff,0xf2,0x00,0x00,0x00,0x00,0x00,0x00,0x00,0x00,0x00,0x00,0x00,0x00,0x00,0x00,  //...........................%@@@@@@@@@@@@@+...........................
0x00,0x00,0x00,0x00,0x00,0x00,0x00,0x00,0x00,0x00,0x00,0x00,0x00,0x0d,0xff,0xff,0xff,0xff,0xff,0xff,0xf3,0x00,0x00,0x00,0x00,0x00,0x00,0x00,0x00,0x00,0x00,0x00,0x00,0x00,0x00,  //...........................#@@@@@@@@@@@@@*...........................
0x00,0x00,0x00,0x00,0x00,0x00,0x00,0x00,0x00,0x00,0x00,0x00,0x00,0x0f,0xff,0xff,0xff,0xff,0xff,0xff,0xf7,0x00,0x00,0x00,0x00,0x00,0x00,0x00,0x00,0x00,0x00,0x00,0x00,0x00,0x00,  //...........................@@@@@@@@@@@@@@*...........................
0x00,0x00,0x00,0x00,0x00,0x00,0x00,0x9a,0x20,0x00,0x00,0x00,0x00,0x2f,0xff,0xff,0xff,0xff,0xff,0xff,0xf9,0x00,0x00,0x00,0x00,0x00,0x6b,0x70,0x00,0x00,0x00,0x00,0x00,0x00,0x00,  //..............%%+.........+@@@@@@@@@@@@@@%..........*%*..............
0x00,0x00,0x00,0x00,0x00,0x00,0x2e,0xff,0xe5,0x00,0x00,0x00,0x00,0x3f,0xff,0xff,0xff,0xff,0xff,0xff,0xfb,0x00,0x00,0x00,0x00,0x0a,0xff,0xf9,0x00,0x00,0x00,0x00,0x00,0x00,0x00,  //............+#@@#*........*@@@@@@@@@@@@@@%.........%@@@%.............
0x00,0x00,0x00,0x00,0x00,0x05,0xef,0xff,0xff,0x90,0x00,0x00,0x00,0x7f,0xff,0xff,0xff,0xff,0xff,0xff,0xfe,0x00,0x00,0x00,0x02,0xdf,0xff,0xff,0x90,0x00,0x00,0x00,0x00,0x00,0x00,  //...........*#@@@@@%.......*@@@@@@@@@@@@@@#.......+#@@@@@%............
0x00,0x00,0x00,0x00,0x00,0x5f,0xff,0xff,0xff,0xfc,0x10,0x00,0x00,0x9f,0xff,0xff,0xff,0xff,0xff,0xff,0xff,0x10,0x00,0x00,0x6f,0xff,0xff,0xff,0xf9,0x00,0x00,0x00,0x00,0x00,0x00,  //..........*@@@@@@@@#+.....%@@@@@@@@@@@@@@@+.....*@@@@@@@@%...........
0x00,0x00,0x00,0x00,0x05,0xff,0xff,0xff,0xff,0xff,0xe3,0x01,0x9e,0xff,0xff,0xff,0xff,0xff,0xff,0xff,0xff,0xfc,0x50,0x0a,0xff,0xff,0xff,0xff,0xff,0x90,0x00,0x00,0x00,0x00,0x00,  //.........*@@@@@@@@@@#*.+%#@@@@@@@@@@@@@@@@@#*..%@@@@@@@@@@%..........
0x00,0x00,0x00,0x00,0x5f,0xff,0xff,0xff,0xff,0xff,0xff,0xaf,0xff,0xff,0xff,0xff,0xff,0xff,0xff,0xff,0xff,0xff,0xfe,0xdf,0xff,0xff,0xff,0xff,0xff,0xf9,0x00,0x00,0x00,0x00,0x00,  //........*@@@@@@@@@@@@@%@@@@@@@@@@@@@@@@@@@@@@##@@@@@@@@@@@@%.........
0x00,0x00,0x00,0x02,0xef,0xff,0xff,0xff,0xff,0xff,0xff,0xff,0xff,0xff,0xff,0xff,0xff,0xff,0xff,0xff,0xff,0xff,0xff,0xff,0xff,0xff,0xff,0xff,0xff,0xff,0x90,0x00,0x00,0x00,0x00,  //.......+#@@@@@@@@@@@@@@@@@@@@@@@@@@@@@@@@@@@@@@@@@@@@@@@@@@@%........
0x00,0x00,0x00,0x1e,0xff,0xff,0xff,0xff,0xff,0xff,0xff,0xff,0xff,0xff,0xff,0xff,0xff,0xff,0xff,0xff,0xff,0xff,0xff,0xff,0xff,0xff,0xff,0xff,0xff,0xff,0xf7,0x00,0x00,0x00,0x00,  //......+#@@@@@@@@@@@@@@@@@@@@@@@@@@@@@@@@@@@@@@@@@@@@@@@@@@@@@*.......
0x00,0x00,0x00,0xbf,0xff,0xff,0xff,0xff,0xff,0xff,0xff,0xff,0xff,0xff,0xff,0xff,0xff,0xff,0xff,0xff,0xff,0xff,0xff,0xff,0xff,0xff,0xff,0xff,0xff,0xff,0xff,0x20,0x00,0x00,0x00,  //......%@@@@@@@@@@@@@@@@@@@@@@@@@@@@@@@@@@@@@@@@@@@@@@@@@@@@@@@+......
0x00,0x00,0x00,0xef,0xff,0xff,0xff,0xff,0xff,0xff,0xff,0xff,0xff,0xff,0xff,0xff,0xff,0xff,0xff,0xff,0xff,0xff,0xff,0xff,0xff,0xff,0xff,0xff,0xff,0xff,0xff,0x30,0x00,0x00,0x00,  //......#@@@@@@@@@@@@@@@@@@@@@@@@@@@@@@@@@@@@@@@@@@@@@@@@@@@@@@@*......
0x00,0x00,0x00,0x5f,0xff,0xff,0xff,0xff,0xff,0xff,0xff,0xff,0xff,0xff,0xff,0xff,0xff,0xff,0xff,0xff,0xff,0xff,0xff,0xff,0xff,0xff,0xff,0xff,0xff,0xff,0xfb,0x00,0x00,0x00,0x00,  //......*@@@@@@@@@@@@@@@@@@@@@@@@@@@@@@@@@@@@@@@@@@@@@@@@@@@@@@%.......
0x00,0x00,0x00,0x07,0xff,0xff,0xff,0xff,0xff,0xff,0xff,0xff,0xff,0xff,0xff,0xff,0xff,0xff,0xff,0xff,0xff,0xff,0xff,0xff,0xff,0xff,0xff,0xff,0xff,0xff,0xe0,0x00,0x00,0x00,0x00,  //.......*@@@@@@@@@@@@@@@@@@@@@@@@@@@@@@@@@@@@@@@@@@@@@@@@@@@@#........
0x00,0x00,0x00,0x00,0xaf,0xff,0xff,0xff,0xff,0xff,0xff,0xff,0xff,0xff,0xff,0xff,0xff,0xff,0xff,0xff,0xff,0xff,0xff,0xff,0xff,0xff,0xff,0xff,0xff,0xff,0x30,0x00,0x00,0x00,0x00,  //........%@@@@@@@@@@@@@@@@@@@@@@@@@@@@@@@@@@@@@@@@@@@@@@@@@@@*........
0x00,0x00,0x00,0x00,0x0d,0xff,0xff,0xff,0xff,0xff,0xff,0xff,0xff,0xff,0xff,0xff,0xff,0xff,0xff,0xff,0xff,0xff,0xff,0xff,0xff,0xff,0xff,0xff,0xff,0xf6,0x00,0x00,0x00,0x00,0x00,  //.........#@@@@@@@@@@@@@@@@@@@@@@@@@@@@@@@@@@@@@@@@@@@@@@@@@*.........
0x00,0x00,0x00,0x00,0x02,0xef,0xff,0xff,0xff,0xff,0xff,0xff,0xff,0xff,0xff,0xff,0xff,0xff,0xff,0xff,0xff,0xff,0xff,0xff,0xff,0xff,0xff,0xff,0xff,0x90,0x00,0x00,0x00,0x00,0x00,  //.........+#@@@@@@@@@@@@@@@@@@@@@@@@@@@@@@@@@@@@@@@@@@@@@@@%..........
0x00,0x00,0x00,0x00,0x00,0x6f,0xff,0xff,0xff,0xff,0xff,0xff,0xff,0xff,0xff,0xff,0xff,0xff,0xff,0xff,0xff,0xff,0xff,0xff,0xff,0xff,0xff,0xff,0xfc,0x00,0x00,0x00,0x00,0x00,0x00,  //..........*@@@@@@@@@@@@@@@@@@@@@@@@@@@@@@@@@@@@@@@@@@@@@@#...........
0x00,0x00,0x00,0x00,0x00,0x0d,0xff,0xff,0xff,0xff,0xff,0xff,0xff,0xff,0xff,0xff,0xff,0xff,0xff,0xff,0xff,0xff,0xff,0xff,0xff,0xff,0xff,0xff,0xf6,0x00,0x00,0x00,0x00,0x00,0x00,  //...........#@@@@@@@@@@@@@@@@@@@@@@@@@@@@@@@@@@@@@@@@@@@@@*...........
0x00,0x00,0x00,0x00,0x00,0x3f,0xff,0xff,0xff,0xff,0xff,0xff,0xff,0xff,0xfe,0x94,0x10,0x00,0x36,0xcf,0xff,0xff,0xff,0xff,0xff,0xff,0xff,0xff,0xfd,0x00,0x00,0x00,0x00,0x00,0x00,  //..........*@@@@@@@@@@@@@@@@@@#%*+...**#@@@@@@@@@@@@@@@@@@#...........
0x00,0x00,0x00,0x00,0x00,0xbf,0xff,0xff,0xff,0xff,0xff,0xff,0xff,0xff,0x70,0x00,0x00,0x00,0x00,0x03,0xcf,0xff,0xff,0xff,0xff,0xff,0xff,0xff,0xff,0x40,0x00,0x00,0x00,0x00,0x00,  //..........%@@@@@@@@@@@@@@@@@*..........*#@@@@@@@@@@@@@@@@@*..........
0x00,0x00,0x00,0x00,0x01,0xff,0xff,0xff,0xff,0xff,0xff,0xff,0xff,0xe3,0x00,0x00,0x00,0x00,0x00,0x00,0x09,0xff,0xff,0xff,0xff,0xff,0xff,0xff,0xff,0xa0,0x00,0x00,0x00,0x00,0x00,  //.........+@@@@@@@@@@@@@@@@#*.............%@@@@@@@@@@@@@@@@%..........
0x00,0x00,0x00,0x02,0x3a,0xff,0xff,0xff,0xff,0xff,0xff,0xff,0xfe,0x20,0x00,0x00,0x00,0x00,0x00,0x00,0x00,0x7f,0xff,0xff,0xff,0xff,0xff,0xff,0xff,0xf3,0x00,0x00,0x00,0x00,0x00,  //.......+*%@@@@@@@@@@@@@@@#+...............*@@@@@@@@@@@@@@@@*.........
0x03,0x67,0xbd,0xff,0xff,0xff,0xff,0xff,0xff,0xff,0xff,0xff,0xf2,0x00,0x00,0x00,0x00,0x00,0x00,0x00,0x00,0x09,0xff,0xff,0xff,0xff,0xff,0xff,0xff,0xff,0xfe,0xb9,0x74,0x20,0x00,  //.***%#@@@@@@@@@@@@@@@@@@@+.................%@@@@@@@@@@@@@@@@@#%%**+..
0xbf,0xff,0xff,0xff,0xff,0xff,0xff,0xff,0xff,0xff,0xff,0xff,0x70,0x00,0x00,0x00,0x00,0x00,0x00,0x00,0x00,0x00,0xdf,0xff,0xff,0xff,0xff,0xff,0xff,0xff,0xff,0xff,0xff,0xfe,0x20,  //%@@@@@@@@@@@@@@@@@@@@@@@*...................#@@@@@@@@@@@@@@@@@@@@@@#+
0xff,0xff,0xff,0xff,0xff,0xff,0xff,0xff,0xff,0xff,0xff,0xfe,0x00,0x00,0x00,0x00,0x00,0x00,0x00,0x00,0x00,0x00,0x5f,0xff,0xff,0xff,0xff,0xff,0xff,0xff,0xff,0xff,0xff,0xff,0x70,  //@@@@@@@@@@@@@@@@@@@@@@@#....................*@@@@@@@@@@@@@@@@@@@@@@@*
0xff,0xff,0xff,0xff,0xff,0xff,0xff,0xff,0xff,0xff,0xff,0xf8,0x00,0x00,0x00,0x00,0x00,0x00,0x00,0x00,0x00,0x00,0x0e,0xff,0xff,0xff,0xff,0xff,0xff,0xff,0xff,0xff,0xff,0xff,0x70,  //@@@@@@@@@@@@@@@@@@@@@@@%.....................#@@@@@@@@@@@@@@@@@@@@@@*
0xff,0xff,0xff,0xff,0xff,0xff,0xff,0xff,0xff,0xff,0xff,0xf2,0x00,0x00,0x00,0x00,0x00,0x00,0x00,0x00,0x00,0x00,0x09,0xff,0xff,0xff,0xff,0xff,0xff,0xff,0xff,0xff,0xff,0xff,0x70,  //@@@@@@@@@@@@@@@@@@@@@@@+.....................%@@@@@@@@@@@@@@@@@@@@@@*
0xff,0xff,0xff,0xff,0xff,0xff,0xff,0xff,0xff,0xff,0xff,0xf0,0x00,0x00,0x00,0x00,0x00,0x00,0x00,0x00,0x00,0x00,0x07,0xff,0xff,0xff,0xff,0xff,0xff,0xff,0xff,0xff,0xff,0xff,0x70,  //@@@@@@@@@@@@@@@@@@@@@@@......................*@@@@@@@@@@@@@@@@@@@@@@*
0xff,0xff,0xff,0xff,0xff,0xff,0xff,0xff,0xff,0xff,0xff,0xe0,0x00,0x00,0x00,0x00,0x00,0x00,0x00,0x00,0x00,0x00,0x03,0xff,0xff,0xff,0xff,0xff,0xff,0xff,0xff,0xff,0xff,0xff,0x70,  //@@@@@@@@@@@@@@@@@@@@@@#......................*@@@@@@@@@@@@@@@@@@@@@@*
0xff,0xff,0xff,0xff,0xff,0xff,0xff,0xff,0xff,0xff,0xff,0xb0,0x00,0x00,0x00,0x00,0x00,0x00,0x00,0x00,0x00,0x00,0x03,0xff,0xff,0xff,0xff,0xff,0xff,0xff,0xff,0xff,0xff,0xff,0x70,  //@@@@@@@@@@@@@@@@@@@@@@%......................*@@@@@@@@@@@@@@@@@@@@@@*
0xff,0xff,0xff,0xff,0xff,0xff,0xff,0xff,0xff,0xff,0xff,0xf0,0x00,0x00,0x00,0x00,0x00,0x00,0x00,0x00,0x00,0x00,0x03,0xff,0xff,0xff,0xff,0xff,0xff,0xff,0xff,0xff,0xff,0xff,0x70,  //@@@@@@@@@@@@@@@@@@@@@@@......................*@@@@@@@@@@@@@@@@@@@@@@*
0xff,0xff,0xff,0xff,0xff,0xff,0xff,0xff,0xff,0xff,0xff,0xf0,0x00,0x00,0x00,0x00,0x00,0x00,0x00,0x00,0x00,0x00,0x07,0xff,0xff,0xff,0xff,0xff,0xff,0xff,0xff,0xff,0xff,0xff,0x70,  //@@@@@@@@@@@@@@@@@@@@@@@......................*@@@@@@@@@@@@@@@@@@@@@@*
0xff,0xff,0xff,0xff,0xff,0xff,0xff,0xff,0xff,0xff,0xff,0xf3,0x00,0x00,0x00,0x00,0x00,0x00,0x00,0x00,0x00,0x00,0x0a,0xff,0xff,0xff,0xff,0xff,0xff,0xff,0xff,0xff,0xff,0xff,0x70,  //@@@@@@@@@@@@@@@@@@@@@@@*.....................%@@@@@@@@@@@@@@@@@@@@@@*
0xff,0xff,0xff,0xff,0xff,0xff,0xff,0xff,0xff,0xff,0xff,0xf8,0x00,0x00,0x00,0x00,0x00,0x00,0x00,0x00,0x00,0x00,0x0e,0xff,0xff,0xff,0xff,0xff,0xff,0xff,0xff,0xff,0xff,0xff,0x70,  //@@@@@@@@@@@@@@@@@@@@@@@%.....................#@@@@@@@@@@@@@@@@@@@@@@*
0xff,0xff,0xff,0xff,0xff,0xff,0xff,0xff,0xff,0xff,0xff,0xfe,0x00,0x00,0x00,0x00,0x00,0x00,0x00,0x00,0x00,0x00,0x6f,0xff,0xff,0xff,0xff,0xff,0xff,0xff,0xff,0xff,0xff,0xff,0x70,  //@@@@@@@@@@@@@@@@@@@@@@@#....................*@@@@@@@@@@@@@@@@@@@@@@@*
0x5e,0xff,0xff,0xff,0xff,0xff,0xff,0xff,0xff,0xff,0xff,0xff,0x80,0x00,0x00,0x00,0x00,0x00,0x00,0x00,0x00,0x00,0xef,0xff,0xff,0xff,0xff,0xff,0xff,0xff,0xff,0xff,0xff,0xfe,0x20,  //*#@@@@@@@@@@@@@@@@@@@@@@%...................#@@@@@@@@@@@@@@@@@@@@@@#+
0x00,0x03,0x57,0xab,0xff,0xff,0xff,0xff,0xff,0xff,0xff,0xff,0xf4,0x00,0x00,0x00,0x00,0x00,0x00,0x00,0x00,0x0b,0xff,0xff,0xff,0xff,0xff,0xff,0xff,0xff,0xff,0xba,0x74,0x30,0x00,  //...***%%@@@@@@@@@@@@@@@@@*.................%@@@@@@@@@@@@@@@@@@%%***..
0x00,0x00,0x00,0x00,0x06,0xff,0xff,0xff,0xff,0xff,0xff,0xff,0xfe,0x20,0x00,0x00,0x00,0x00,0x00,0x00,0x00,0x9f,0xff,0xff,0xff,0xff,0xff,0xff,0xff,0xe3,0x10,0x00,0x00,0x00,0x00,  //.........*@@@@@@@@@@@@@@@#+...............%@@@@@@@@@@@@@@@#*+........
0x00,0x00,0x00,0x00,0x00,0xff,0xff,0xff,0xff,0xff,0xff,0xff,0xff,0xe5,0x00,0x00,0x00,0x00,0x00,0x00,0x0a,0xff,0xff,0xff,0xff,0xff,0xff,0xff,0xff,0x90,0x00,0x00,0x00,0x00,0x00,  //..........@@@@@@@@@@@@@@@@#*.............%@@@@@@@@@@@@@@@@%..........
0x00,0x00,0x00,0x00,0x00,0xaf,0xff,0xff,0xff,0xff,0xff,0xff,0xff,0xff,0xa1,0x00,0x00,0x00,0x00,0x05,0xef,0xff,0xff,0xff,0xff,0xff,0xff,0xff,0xff,0x30,0x00,0x00,0x00,0x00,0x00,  //..........%@@@@@@@@@@@@@@@@@%+.........*#@@@@@@@@@@@@@@@@@*..........
0x00,0x00,0x00,0x00,0x00,0x3f,0xff,0xff,0xff,0xff,0xff,0xff,0xff,0xff,0xff,0xc7,0x33,0x33,0x48,0xdf,0xff,0xff,0xff,0xff,0xff,0xff,0xff,0xff,0xfb,0x00,0x00,0x00,0x00,0x00,0x00,  //..........*@@@@@@@@@@@@@@@@@@@#******%#@@@@@@@@@@@@@@@@@@%...........
0x00,0x00,0x00,0x00,0x00,0x0d,0xff,0xff,0xff,0xff,0xff,0xff,0xff,0xff,0xff,0xff,0xff,0xff,0xff,0xff,0xff,0xff,0xff,0xff,0xff,0xff,0xff,0xff,0xf7,0x00,0x00,0x00,0x00,0x00,0x00,  //...........#@@@@@@@@@@@@@@@@@@@@@@@@@@@@@@@@@@@@@@@@@@@@@*...........
0x00,0x00,0x00,0x00,0x00,0x6f,0xff,0xff,0xff,0xff,0xff,0xff,0xff,0xff,0xff,0xff,0xff,0xff,0xff,0xff,0xff,0xff,0xff,0xff,0xff,0xff,0xff,0xff,0xfe,0x20,0x00,0x00,0x00,0x00,0x00,  //..........*@@@@@@@@@@@@@@@@@@@@@@@@@@@@@@@@@@@@@@@@@@@@@@#+..........
0x00,0x00,0x00,0x00,0x02,0xff,0xff,0xff,0xff,0xff,0xff,0xff,0xff,0xff,0xff,0xff,0xff,0xff,0xff,0xff,0xff,0xff,0xff,0xff,0xff,0xff,0xff,0xff,0xff,0xc0,0x00,0x00,0x00,0x00,0x00,  //.........+@@@@@@@@@@@@@@@@@@@@@@@@@@@@@@@@@@@@@@@@@@@@@@@@#..........
0x00,0x00,0x00,0x00,0x0e,0xff,0xff,0xff,0xff,0xff,0xff,0xff,0xff,0xff,0xff,0xff,0xff,0xff,0xff,0xff,0xff,0xff,0xff,0xff,0xff,0xff,0xff,0xff,0xff,0xf9,0x00,0x00,0x00,0x00,0x00,  //.........#@@@@@@@@@@@@@@@@@@@@@@@@@@@@@@@@@@@@@@@@@@@@@@@@@%.........
0x00,0x00,0x00,0x00,0xbf,0xff,0xff,0xff,0xff,0xff,0xff,0xff,0xff,0xff,0xff,0xff,0xff,0xff,0xff,0xff,0xff,0xff,0xff,0xff,0xff,0xff,0xff,0xff,0xff,0xff,0x60,0x00,0x00,0x00,0x00,  //........%@@@@@@@@@@@@@@@@@@@@@@@@@@@@@@@@@@@@@@@@@@@@@@@@@@@*........
0x00,0x00,0x00,0x08,0xff,0xff,0xff,0xff,0xff,0xff,0xff,0xff,0xff,0xff,0xff,0xff,0xff,0xff,0xff,0xff,0xff,0xff,0xff,0xff,0xff,0xff,0xff,0xff,0xff,0xff,0xf3,0x00,0x00,0x00,0x00,  //.......%@@@@@@@@@@@@@@@@@@@@@@@@@@@@@@@@@@@@@@@@@@@@@@@@@@@@@*.......
0x00,0x00,0x00,0x4f,0xff,0xff,0xff,0xff,0xff,0xff,0xff,0xff,0xff,0xff,0xff,0xff,0xff,0xff,0xff,0xff,0xff,0xff,0xff,0xff,0xff,0xff,0xff,0xff,0xff,0xff,0xfe,0x10,0x00,0x00,0x00,  //......*@@@@@@@@@@@@@@@@@@@@@@@@@@@@@@@@@@@@@@@@@@@@@@@@@@@@@@#+......
0x00,0x00,0x00,0xbf,0xff,0xff,0xff,0xff,0xff,0xff,0xff,0xff,0xff,0xff,0xff,0xff,0xff,0xff,0xff,0xff,0xff,0xff,0xff,0xff,0xff,0xff,0xff,0xff,0xff,0xff,0xff,0x70,0x00,0x00,0x00,  //......%@@@@@@@@@@@@@@@@@@@@@@@@@@@@@@@@@@@@@@@@@@@@@@@@@@@@@@@*......
0x00,0x00,0x00,0x7f,0xff,0xff,0xff,0xff,0xff,0xff,0xff,0xff,0xff,0xff,0xff,0xff,0xff,0xff,0xff,0xff,0xff,0xff,0xff,0xff,0xff,0xff,0xff,0xff,0xff,0xff,0xff,0x30,0x00,0x00,0x00,  //......*@@@@@@@@@@@@@@@@@@@@@@@@@@@@@@@@@@@@@@@@@@@@@@@@@@@@@@@*......
0x00,0x00,0x00,0x0c,0xff,0xff,0xff,0xff,0xff,0xff,0xff,0xff,0xff,0xff,0xff,0xff,0xff,0xff,0xff,0xff,0xff,0xff,0xff,0xff,0xff,0xff,0xff,0xff,0xff,0xff,0xf7,0x00,0x00,0x00,0x00,  //.......#@@@@@@@@@@@@@@@@@@@@@@@@@@@@@@@@@@@@@@@@@@@@@@@@@@@@@*.......
0x00,0x00,0x00,0x00,0xcf,0xff,0xff,0xff,0xff,0xff,0xff,0xff,0xff,0xff,0xff,0xff,0xff,0xff,0xff,0xff,0xff,0xff,0xff,0xff,0xff,0xff,0xff,0xff,0xff,0xff,0x90,0x00,0x00,0x00,0x00,  //........#@@@@@@@@@@@@@@@@@@@@@@@@@@@@@@@@@@@@@@@@@@@@@@@@@@@%........
0x00,0x00,0x00,0x00,0x1e,0xff,0xff,0xff,0xff,0xff,0xff,0x9e,0xff,0xff,0xff,0xff,0xff,0xff,0xff,0xff,0xff,0xff,0xfd,0xaf,0xff,0xff,0xff,0xff,0xff,0xf9,0x00,0x00,0x00,0x00,0x00,  //........+#@@@@@@@@@@@@%#@@@@@@@@@@@@@@@@@@@@@#%@@@@@@@@@@@@%.........
0x00,0x00,0x00,0x00,0x02,0xef,0xff,0xff,0xff,0xff,0xe3,0x00,0x6c,0xff,0xff,0xff,0xff,0xff,0xff,0xff,0xff,0xfa,0x30,0x07,0xff,0xff,0xff,0xff,0xff,0x90,0x00,0x00,0x00,0x00,0x00,  //.........+#@@@@@@@@@#*..*#@@@@@@@@@@@@@@@@@%*..*@@@@@@@@@@%..........
0x00,0x00,0x00,0x00,0x00,0x1c,0xff,0xff,0xff,0xfb,0x00,0x00,0x00,0x8f,0xff,0xff,0xff,0xff,0xff,0xff,0xff,0x00,0x00,0x00,0x3e,0xff,0xff,0xff,0xf9,0x00,0x00,0x00,0x00,0x00,0x00,  //..........+#@@@@@@@%......%@@@@@@@@@@@@@@@......*#@@@@@@@%...........
0x00,0x00,0x00,0x00,0x00,0x00,0xcf,0xff,0xff,0x70,0x00,0x00,0x00,0x4f,0xff,0xff,0xff,0xff,0xff,0xff,0xff,0x00,0x00,0x00,0x01,0xcf,0xff,0xff,0x90,0x00,0x00,0x00,0x00,0x00,0x00,  //............#@@@@@*.......*@@@@@@@@@@@@@@@.......+#@@@@@%............
0x00,0x00,0x00,0x00,0x00,0x00,0x0c,0xff,0xe3,0x00,0x00,0x00,0x00,0x2f,0xff,0xff,0xff,0xff,0xff,0xff,0xfc,0x00,0x00,0x00,0x00,0x09,0xff,0xf8,0x00,0x00,0x00,0x00,0x00,0x00,0x00,  //.............#@@#*........+@@@@@@@@@@@@@@#.........%@@@%.............
0x00,0x00,0x00,0x00,0x00,0x00,0x00,0x99,0x00,0x00,0x00,0x00,0x00,0x0f,0xff,0xff,0xff,0xff,0xff,0xff,0xfb,0x00,0x00,0x00,0x00,0x00,0x4a,0x30,0x00,0x00,0x00,0x00,0x00,0x00,0x00,  //..............%%...........@@@@@@@@@@@@@@%..........*%*..............
0x00,0x00,0x00,0x00,0x00,0x00,0x00,0x00,0x00,0x00,0x00,0x00,0x00,0x0d,0xff,0xff,0xff,0xff,0xff,0xff,0xf8,0x00,0x00,0x00,0x00,0x00,0x00,0x00,0x00,0x00,0x00,0x00,0x00,0x00,0x00,  //...........................#@@@@@@@@@@@@@%...........................
0x00,0x00,0x00,0x00,0x00,0x00,0x00,0x00,0x00,0x00,0x00,0x00,0x00,0x0b,0xff,0xff,0xff,0xff,0xff,0xff,0xf6,0x00,0x00,0x00,0x00,0x00,0x00,0x00,0x00,0x00,0x00,0x00,0x00,0x00,0x00,  //...........................%@@@@@@@@@@@@@*...........................
0x00,0x00,0x00,0x00,0x00,0x00,0x00,0x00,0x00,0x00,0x00,0x00,0x00,0x07,0xff,0xff,0xff,0xff,0xff,0xff,0xf3,0x00,0x00,0x00,0x00,0x00,0x00,0x00,0x00,0x00,0x00,0x00,0x00,0x00,0x00,  //...........................*@@@@@@@@@@@@@*...........................
0x00,0x00,0x00,0x00,0x00,0x00,0x00,0x00,0x00,0x00,0x00,0x00,0x00,0x06,0xff,0xff,0xff,0xff,0xff,0xff,0xf0,0x00,0x00,0x00,0x00,0x00,0x00,0x00,0x00,0x00,0x00,0x00,0x00,0x00,0x00,  //...........................*@@@@@@@@@@@@@............................
0x00,0x00,0x00,0x00,0x00,0x00,0x00,0x00,0x00,0x00,0x00,0x00,0x00,0x03,0xff,0xff,0xff,0xff,0xff,0xff,0xc0,0x00,0x00,0x00,0x00,0x00,0x00,0x00,0x00,0x00,0x00,0x00,0x00,0x00,0x00,  //...........................*@@@@@@@@@@@@#............................
0x00,0x00,0x00,0x00,0x00,0x00,0x00,0x00,0x00,0x00,0x00,0x00,0x00,0x00,0x7b,0xbb,0xbb,0xbb,0xbb,0xba,0x20,0x00,0x00,0x00,0x00,0x00,0x00,0x00,0x00,0x00,0x00,0x00,0x00,0x00,0x00,  //............................*%%%%%%%%%%%+............................


/*  */
0x00,0x00,0x00,0x09,0xbb,0xbb,0xbb,0xbb,0xbb,0xbb,0xb6,0x00,0x00,0x00,0x00,  //.......%%%%%%%%%%%%%%*.......
0x00,0x00,0x00,0xcf,0xff,0xff,0xff,0xff,0xff,0xff,0xff,0x60,0x00,0x00,0x00,  //......#@@@@@@@@@@@@@@@*......
0x00,0x00,0x03,0xff,0xff,0xff,0xff,0xff,0xff,0xff,0xff,0xb0,0x00,0x00,0x00,  //.....*@@@@@@@@@@@@@@@@%......
0x00,0x00,0x03,0xff,0xff,0xff,0xff,0xff,0xff,0xff,0xff,0xb0,0x00,0x00,0x00,  //.....*@@@@@@@@@@@@@@@@%......
0x00,0x00,0x03,0xff,0xff,0xff,0xff,0xff,0xff,0xff,0xff,0xb0,0x00,0x00,0x00,  //.....*@@@@@@@@@@@@@@@@%......
0x00,0x00,0x03,0xff,0xff,0xff,0xff,0xff,0xff,0xff,0xff,0xb0,0x00,0x00,0x00,  //.....*@@@@@@@@@@@@@@@@%......
0x00,0x00,0x03,0xff,0xff,0xff,0xff,0xff,0xff,0xff,0xff,0xb0,0x00,0x00,0x00,  //.....*@@@@@@@@@@@@@@@@%......
0x00,0x00,0x03,0xff,0xff,0xff,0xff,0xff,0xff,0xff,0xff,0xb0,0x00,0x00,0x00,  //.....*@@@@@@@@@@@@@@@@%......
0x00,0x00,0x03,0xff,0xff,0xff,0xff,0xff,0xff,0xff,0xff,0xb0,0x00,0x00,0x00,  //.....*@@@@@@@@@@@@@@@@%......
0x00,0x00,0x03,0xff,0xff,0xff,0xff,0xff,0xff,0xff,0xff,0xb0,0x00,0x00,0x00,  //.....*@@@@@@@@@@@@@@@@%......
0x00,0x00,0x03,0xff,0xff,0xff,0xff,0xff,0xff,0xff,0xff,0xb0,0x00,0x00,0x00,  //.....*@@@@@@@@@@@@@@@@%......
0x00,0x00,0x03,0xff,0xff,0xff,0xff,0xff,0xff,0xff,0xff,0xb0,0x00,0x00,0x00,  //.....*@@@@@@@@@@@@@@@@%......
0x00,0x00,0x01,0xff,0xff,0xff,0xff,0xff,0xff,0xff,0xff,0xa0,0x00,0x00,0x00,  //.....+@@@@@@@@@@@@@@@@%......
0x00,0x00,0x00,0x6f,0xff,0xff,0xff,0xff,0xff,0xff,0xfe,0x20,0x00,0x00,0x00,  //......*@@@@@@@@@@@@@@#+......
0x00,0x00,0x00,0x02,0x77,0x77,0x77,0x77,0x77,0x77,0x50,0x00,0x00,0x00,0x00,  //.......+*************........
0x00,0x00,0x00,0x00,0x00,0x00,0x00,0x00,0x00,0x00,0x00,0x00,0x00,0x00,0x00,  //.............................
0x00,0x00,0x00,0x00,0x00,0x00,0x00,0x00,0x00,0x00,0x00,0x00,0x00,0x00,0x00,  //.............................
0x00,0x00,0x00,0x00,0x00,0x00,0x00,0x00,0x00,0x00,0x00,0x00,0x00,0x00,0x00,  //.............................
0x00,0x00,0x00,0x00,0x00,0x00,0x00,0x00,0x00,0x00,0x00,0x00,0x00,0x00,0x00,  //.............................
0x00,0x00,0x00,0x00,0x00,0x00,0x00,0x00,0x00,0x00,0x00,0x00,0x00,0x00,0x00,  //.............................
0x00,0x00,0x00,0x00,0x00,0x00,0x00,0x00,0x00,0x00,0x00,0x00,0x00,0x00,0x00,  //.............................
0x00,0x00,0x00,0x00,0x00,0x00,0x00,0x00,0x00,0x00,0x00,0x00,0x00,0x00,0x00,  //.............................
0x00,0x00,0x00,0x00,0x00,0x00,0x00,0x00,0x00,0x00,0x00,0x00,0x00,0x00,0x00,  //.............................
0x09,0xff,0xff,0xff,0xff,0xff,0xff,0xff,0xff,0xff,0xe8,0x00,0x00,0x00,0x00,  //.%@@@@@@@@@@@@@@@@@@#%.......
0x9f,0xff,0xff,0xff,0xff,0xff,0xff,0xff,0xff,0xff,0xff,0x70,0x00,0x00,0x00,  //%@@@@@@@@@@@@@@@@@@@@@*......
0xff,0xff,0xff,0xff,0xff,0xff,0xff,0xff,0xff,0xff,0xff,0xb0,0x00,0x00,0x00,  //@@@@@@@@@@@@@@@@@@@@@@%......
0xff,0xff,0xff,0xff,0xff,0xff,0xff,0xff,0xff,0xff,0xff,0xb0,0x00,0x00,0x00,  //@@@@@@@@@@@@@@@@@@@@@@%......
0xff,0xff,0xff,0xff,0xff,0xff,0xff,0xff,0xff,0xff,0xff,0xb0,0x00,0x00,0x00,  //@@@@@@@@@@@@@@@@@@@@@@%......
0xff,0xff,0xff,0xff,0xff,0xff,0xff,0xff,0xff,0xff,0xff,0xb0,0x00,0x00,0x00,  //@@@@@@@@@@@@@@@@@@@@@@%......
0xff,0xff,0xff,0xff,0xff,0xff,0xff,0xff,0xff,0xff,0xff,0xb0,0x00,0x00,0x00,  //@@@@@@@@@@@@@@@@@@@@@@%......
0xff,0xff,0xff,0xff,0xff,0xff,0xff,0xff,0xff,0xff,0xff,0xb0,0x00,0x00,0x00,  //@@@@@@@@@@@@@@@@@@@@@@%......
0xff,0xff,0xff,0xff,0xff,0xff,0xff,0xff,0xff,0xff,0xff,0xb0,0x00,0x00,0x00,  //@@@@@@@@@@@@@@@@@@@@@@%......
0xdf,0xff,0xff,0xff,0xff,0xff,0xff,0xff,0xff,0xff,0xff,0xb0,0x00,0x00,0x00,  //#@@@@@@@@@@@@@@@@@@@@@%......
0x2e,0xff,0xff,0xff,0xff,0xff,0xff,0xff,0xff,0xff,0xff,0xb0,0x00,0x00,0x00,  //+#@@@@@@@@@@@@@@@@@@@@%......
0x01,0x67,0x79,0xff,0xff,0xff,0xff,0xff,0xff,0xff,0xff,0xb0,0x00,0x00,0x00,  //.+***%@@@@@@@@@@@@@@@@%......
0x00,0x00,0x03,0xff,0xff,0xff,0xff,0xff,0xff,0xff,0xff,0xb0,0x00,0x00,0x00,  //.....*@@@@@@@@@@@@@@@@%......
0x00,0x00,0x03,0xff,0xff,0xff,0xff,0xff,0xff,0xff,0xff,0xb0,0x00,0x00,0x00,  //.....*@@@@@@@@@@@@@@@@%......
0x00,0x00,0x03,0xff,0xff,0xff,0xff,0xff,0xff,0xff,0xff,0xb0,0x00,0x00,0x00,  //.....*@@@@@@@@@@@@@@@@%......
0x00,0x00,0x03,0xff,0xff,0xff,0xff,0xff,0xff,0xff,0xff,0xb0,0x00,0x00,0x00,  //.....*@@@@@@@@@@@@@@@@%......
0x00,0x00,0x03,0xff,0xff,0xff,0xff,0xff,0xff,0xff,0xff,0xb0,0x00,0x00,0x00,  //.....*@@@@@@@@@@@@@@@@%......
0x00,0x00,0x03,0xff,0xff,0xff,0xff,0xff,0xff,0xff,0xff,0xb0,0x00,0x00,0x00,  //.....*@@@@@@@@@@@@@@@@%......
0x00,0x00,0x03,0xff,0xff,0xff,0xff,0xff,0xff,0xff,0xff,0xb0,0x00,0x00,0x00,  //.....*@@@@@@@@@@@@@@@@%......
0x00,0x00,0x03,0xff,0xff,0xff,0xff,0xff,0xff,0xff,0xff,0xb0,0x00,0x00,0x00,  //.....*@@@@@@@@@@@@@@@@%......
0x00,0x00,0x03,0xff,0xff,0xff,0xff,0xff,0xff,0xff,0xff,0xb0,0x00,0x00,0x00,  //.....*@@@@@@@@@@@@@@@@%......
0x00,0x00,0x03,0xff,0xff,0xff,0xff,0xff,0xff,0xff,0xff,0xb0,0x00,0x00,0x00,  //.....*@@@@@@@@@@@@@@@@%......
0x00,0x00,0x03,0xff,0xff,0xff,0xff,0xff,0xff,0xff,0xff,0xb0,0x00,0x00,0x00,  //.....*@@@@@@@@@@@@@@@@%......
0x00,0x00,0x03,0xff,0xff,0xff,0xff,0xff,0xff,0xff,0xff,0xb0,0x00,0x00,0x00,  //.....*@@@@@@@@@@@@@@@@%......
0x00,0x00,0x03,0xff,0xff,0xff,0xff,0xff,0xff,0xff,0xff,0xb0,0x00,0x00,0x00,  //.....*@@@@@@@@@@@@@@@@%......
0x00,0x00,0x03,0xff,0xff,0xff,0xff,0xff,0xff,0xff,0xff,0xb0,0x00,0x00,0x00,  //.....*@@@@@@@@@@@@@@@@%......
0x00,0x00,0x03,0xff,0xff,0xff,0xff,0xff,0xff,0xff,0xff,0xb0,0x00,0x00,0x00,  //.....*@@@@@@@@@@@@@@@@%......
0x00,0x00,0x03,0xff,0xff,0xff,0xff,0xff,0xff,0xff,0xff,0xb0,0x00,0x00,0x00,  //.....*@@@@@@@@@@@@@@@@%......
0x01,0x67,0x79,0xff,0xff,0xff,0xff,0xff,0xff,0xff,0xff,0xd7,0x77,0x40,0x00,  //.+***%@@@@@@@@@@@@@@@@#****..
0x2e,0xff,0xff,0xff,0xff,0xff,0xff,0xff,0xff,0xff,0xff,0xff,0xff,0xfc,0x00,  //+#@@@@@@@@@@@@@@@@@@@@@@@@@#.
0xdf,0xff,0xff,0xff,0xff,0xff,0xff,0xff,0xff,0xff,0xff,0xff,0xff,0xff,0x60,  //#@@@@@@@@@@@@@@@@@@@@@@@@@@@*
0xff,0xff,0xff,0xff,0xff,0xff,0xff,0xff,0xff,0xff,0xff,0xff,0xff,0xff,0x70,  //@@@@@@@@@@@@@@@@@@@@@@@@@@@@*
0xff,0xff,0xff,0xff,0xff,0xff,0xff,0xff,0xff,0xff,0xff,0xff,0xff,0xff,0x70,  //@@@@@@@@@@@@@@@@@@@@@@@@@@@@*
0xff,0xff,0xff,0xff,0xff,0xff,0xff,0xff,0xff,0xff,0xff,0xff,0xff,0xff,0x70,  //@@@@@@@@@@@@@@@@@@@@@@@@@@@@*
0xff,0xff,0xff,0xff,0xff,0xff,0xff,0xff,0xff,0xff,0xff,0xff,0xff,0xff,0x70,  //@@@@@@@@@@@@@@@@@@@@@@@@@@@@*
0xff,0xff,0xff,0xff,0xff,0xff,0xff,0xff,0xff,0xff,0xff,0xff,0xff,0xff,0x70,  //@@@@@@@@@@@@@@@@@@@@@@@@@@@@*
0xff,0xff,0xff,0xff,0xff,0xff,0xff,0xff,0xff,0xff,0xff,0xff,0xff,0xff,0x70,  //@@@@@@@@@@@@@@@@@@@@@@@@@@@@*
0xff,0xff,0xff,0xff,0xff,0xff,0xff,0xff,0xff,0xff,0xff,0xff,0xff,0xff,0x70,  //@@@@@@@@@@@@@@@@@@@@@@@@@@@@*
0x9f,0xff,0xff,0xff,0xff,0xff,0xff,0xff,0xff,0xff,0xff,0xff,0xff,0xff,0x30,  //%@@@@@@@@@@@@@@@@@@@@@@@@@@@*
0x09,0xff,0xff,0xff,0xff,0xff,0xff,0xff,0xff,0xff,0xff,0xff,0xff,0xd4,0x00,  //.%@@@@@@@@@@@@@@@@@@@@@@@@#*.


/*  */
0x00,0x00,0x5a,0xbb,0xbb,0xbb,0xbb,0xbb,0xbb,0xbb,0xbb,0xbb,0xbb,0xbb,0xbb,0xbb,0xbb,0xbb,0xbb,0xbb,0xbb,0xbb,0xbb,0xbb,0xbb,0xbb,0xbb,0xbb,0xbb,0xbb,0xbb,0xbb,0xbb,0xbb,0xbb,0xba,0x50,0x00,0x00,  //....*%%%%%%%%%%%%%%%%%%%%%%%%%%%%%%%%%%%%%%%%%%%%%%%%%%%%%%%%%%%%%%%%%%%*....
0x00,0x2d,0xff,0xff,0xff,0xff,0xff,0xff,0xff,0xff,0xff,0xff,0xff,0xff,0xff,0xff,0xff,0xff,0xff,0xff,0xff,0xff,0xff,0xff,0xff,0xff,0xff,0xff,0xff,0xff,0xff,0xff,0xff,0xff,0xff,0xff,0xfc,0x20,0x00,  //..+#@@@@@@@@@@@@@@@@@@@@@@@@@@@@@@@@@@@@@@@@@@@@@@@@@@@@@@@@@@@@@@@@@@@@@#+..
0x02,0xef,0xff,0xff,0xff,0xff,0xff,0xff,0xff,0xff,0xff,0xff,0xff,0xff,0xff,0xff,0xff,0xff,0xff,0xff,0xff,0xff,0xff,0xff,0xff,0xff,0xff,0xff,0xff,0xff,0xff,0xff,0xff,0xff,0xff,0xff,0xff,0xe2,0x00,  //.+#@@@@@@@@@@@@@@@@@@@@@@@@@@@@@@@@@@@@@@@@@@@@@@@@@@@@@@@@@@@@@@@@@@@@@@@#+.
0x0e,0xff,0xff,0xff,0xff,0xff,0xff,0xff,0xff,0xff,0xff,0xff,0xff,0xff,0xff,0xff,0xff,0xff,0xff,0xff,0xff,0xff,0xff,0xff,0xff,0xff,0xff,0xff,0xff,0xff,0xff,0xff,0xff,0xff,0xff,0xff,0xff,0xfc,0x00,  //.#@@@@@@@@@@@@@@@@@@@@@@@@@@@@@@@@@@@@@@@@@@@@@@@@@@@@@@@@@@@@@@@@@@@@@@@@@#.
0x7f,0xff,0xff,0xff,0xff,0xff,0xff,0xff,0xff,0xff,0xff,0xff,0xff,0xff,0xff,0xff,0xff,0xff,0xff,0xff,0xff,0xff,0xff,0xff,0xff,0xff,0xff,0xff,0xff,0xff,0xff,0xff,0xff,0xff,0xff,0xff,0xff,0xff,0x40,  //*@@@@@@@@@@@@@@@@@@@@@@@@@@@@@@@@@@@@@@@@@@@@@@@@@@@@@@@@@@@@@@@@@@@@@@@@@@@*
0xcf,0xff,0xff,0xff,0xff,0xff,0xff,0xff,0xff,0xff,0xff,0xff,0xff,0xff,0xff,0xff,0xff,0xff,0xff,0xff,0xff,0xff,0xff,0xff,0xff,0xff,0xff,0xff,0xff,0xff,0xff,0xff,0xff,0xff,0xff,0xff,0xff,0xff,0x90,  //#@@@@@@@@@@@@@@@@@@@@@@@@@@@@@@@@@@@@@@@@@@@@@@@@@@@@@@@@@@@@@@@@@@@@@@@@@@@%
0xff,0xff,0xff,0xff,0xff,0xff,0xff,0xff,0xff,0xff,0xff,0xff,0xff,0xff,0xff,0xff,0xff,0xff,0xff,0xff,0xff,0xff,0xff,0xff,0xff,0xff,0xff,0xff,0xff,0xff,0xff,0xff,0xff,0xff,0xff,0xff,0xff,0xff,0xb0,  //@@@@@@@@@@@@@@@@@@@@@@@@@@@@@@@@@@@@@@@@@@@@@@@@@@@@@@@@@@@@@@@@@@@@@@@@@@@@%
0xff,0xff,0xff,0xff,0xff,0xff,0xff,0xff,0xff,0xff,0xff,0xff,0xff,0xff,0xff,0xff,0xff,0xff,0xff,0xff,0xff,0xff,0xff,0xff,0xff,0xff,0xff,0xff,0xff,0xff,0xff,0xff,0xff,0xff,0xff,0xff,0xff,0xff,0xb0,  //@@@@@@@@@@@@@@@@@@@@@@@@@@@@@@@@@@@@@@@@@@@@@@@@@@@@@@@@@@@@@@@@@@@@@@@@@@@@%
0xff,0xff,0xff,0xff,0xff,0xff,0xff,0xff,0xff,0xff,0xff,0xff,0xff,0xff,0xff,0xff,0xff,0xff,0xff,0xff,0xff,0xff,0xff,0xff,0xff,0xff,0xff,0xff,0xff,0xff,0xff,0xff,0xff,0xff,0xff,0xff,0xff,0xff,0xb0,  //@@@@@@@@@@@@@@@@@@@@@@@@@@@@@@@@@@@@@@@@@@@@@@@@@@@@@@@@@@@@@@@@@@@@@@@@@@@@%
0xff,0xff,0xff,0xff,0xff,0xff,0xff,0xff,0xff,0xff,0xff,0xff,0xff,0xff,0xff,0xff,0xff,0xff,0xff,0xff,0xff,0xff,0xff,0xff,0xff,0xff,0xff,0xff,0xff,0xff,0xff,0xff,0xff,0xff,0xff,0xff,0xff,0xff,0xb0,  //@@@@@@@@@@@@@@@@@@@@@@@@@@@@@@@@@@@@@@@@@@@@@@@@@@@@@@@@@@@@@@@@@@@@@@@@@@@@%
0xff,0xff,0xff,0xff,0xff,0xff,0xff,0xff,0xff,0xff,0xff,0xff,0xff,0xff,0xff,0xff,0xff,0xff,0xff,0xff,0xff,0xff,0xff,0xff,0xff,0xff,0xff,0xff,0xff,0xff,0xff,0xff,0xff,0xff,0xff,0xff,0xff,0xff,0xb0,  //@@@@@@@@@@@@@@@@@@@@@@@@@@@@@@@@@@@@@@@@@@@@@@@@@@@@@@@@@@@@@@@@@@@@@@@@@@@@%
0xff,0xff,0xff,0xff,0xff,0xff,0xff,0xff,0xff,0xff,0xff,0xff,0xff,0xff,0xff,0xff,0xff,0xff,0xff,0xff,0xff,0xff,0xff,0xff,0xff,0xff,0xff,0xff,0xff,0xff,0xff,0xff,0xff,0xff,0xff,0xff,0xff,0xff,0xb0,  //@@@@@@@@@@@@@@@@@@@@@@@@@@@@@@@@@@@@@@@@@@@@@@@@@@@@@@@@@@@@@@@@@@@@@@@@@@@@%
0xff,0xff,0xff,0xff,0xff,0xff,0xff,0xff,0xff,0xff,0xff,0xff,0xff,0xff,0xff,0xff,0xff,0xff,0xff,0xff,0xff,0xff,0xff,0xff,0xff,0xff,0xff,0xff,0xff,0xff,0xff,0xff,0xff,0xff,0xff,0xff,0xff,0xff,0xb0,  //@@@@@@@@@@@@@@@@@@@@@@@@@@@@@@@@@@@@@@@@@@@@@@@@@@@@@@@@@@@@@@@@@@@@@@@@@@@@%
0xff,0xff,0xff,0xff,0xff,0xff,0xff,0xff,0xff,0xff,0xff,0xff,0xff,0xff,0xff,0xff,0xff,0xff,0xff,0xff,0xff,0xff,0xff,0xff,0xff,0xff,0xff,0xff,0xff,0xff,0xff,0xff,0xff,0xff,0xff,0xff,0xff,0xff,0xb0,  //@@@@@@@@@@@@@@@@@@@@@@@@@@@@@@@@@@@@@@@@@@@@@@@@@@@@@@@@@@@@@@@@@@@@@@@@@@@@%
0xff,0xff,0xff,0xff,0xff,0xff,0xff,0xff,0xff,0xff,0xff,0xff,0xff,0xff,0xff,0xff,0xff,0xff,0xff,0xff,0xff,0xff,0xff,0xff,0xff,0xff,0xff,0xff,0xff,0xff,0xff,0xff,0xff,0xff,0xff,0xff,0xff,0xff,0xb0,  //@@@@@@@@@@@@@@@@@@@@@@@@@@@@@@@@@@@@@@@@@@@@@@@@@@@@@@@@@@@@@@@@@@@@@@@@@@@@%
0xff,0xff,0xff,0xff,0xff,0xff,0xff,0xff,0xff,0xff,0xff,0xff,0xff,0xff,0xff,0xff,0xff,0xff,0xff,0xff,0xff,0xff,0xff,0xff,0xff,0xff,0xff,0xff,0xff,0xff,0xff,0xff,0xff,0xff,0xff,0xff,0xff,0xff,0xb0,  //@@@@@@@@@@@@@@@@@@@@@@@@@@@@@@@@@@@@@@@@@@@@@@@@@@@@@@@@@@@@@@@@@@@@@@@@@@@@%
0xff,0xff,0xff,0xff,0xff,0xff,0xff,0xff,0xff,0xff,0xff,0xff,0xff,0xff,0xff,0xff,0xff,0xff,0xff,0xff,0xff,0xff,0xff,0xff,0xff,0xff,0xff,0xff,0xff,0xff,0xff,0xff,0xff,0xff,0xff,0xff,0xff,0xff,0xb0,  //@@@@@@@@@@@@@@@@@@@@@@@@@@@@@@@@@@@@@@@@@@@@@@@@@@@@@@@@@@@@@@@@@@@@@@@@@@@@%
0xff,0xff,0xff,0xff,0xff,0xff,0xff,0xff,0xff,0xff,0xff,0xff,0xff,0xff,0xff,0xff,0xff,0xff,0xff,0xff,0xff,0xff,0xff,0xff,0xff,0xff,0xff,0xff,0xff,0xff,0xff,0xff,0xff,0xff,0xff,0xff,0xff,0xff,0xb0,  //@@@@@@@@@@@@@@@@@@@@@@@@@@@@@@@@@@@@@@@@@@@@@@@@@@@@@@@@@@@@@@@@@@@@@@@@@@@@%
0xff,0xff,0xff,0xff,0xff,0xff,0xff,0xff,0xff,0xff,0xff,0xff,0xff,0xff,0xff,0xff,0xff,0xff,0xff,0xff,0xff,0xff,0xff,0xff,0xff,0xff,0xff,0xff,0xff,0xff,0xff,0xff,0xff,0xff,0xff,0xff,0xff,0xff,0xb0,  //@@@@@@@@@@@@@@@@@@@@@@@@@@@@@@@@@@@@@@@@@@@@@@@@@@@@@@@@@@@@@@@@@@@@@@@@@@@@%
0xff,0xff,0xff,0xff,0xff,0xff,0xff,0xff,0xff,0xfc,0xbd,0xff,0xff,0xff,0xff,0xff,0xff,0xff,0xff,0xff,0xff,0xff,0xff,0xff,0xff,0xff,0xff,0xfd,0xbd,0xff,0xff,0xff,0xff,0xff,0xff,0xff,0xff,0xff,0xb0,  //@@@@@@@@@@@@@@@@@@@#%#@@@@@@@@@@@@@@@@@@@@@@@@@@@@@@@@@#%#@@@@@@@@@@@@@@@@@@%
0xff,0xff,0xff,0xff,0xff,0xff,0xff,0xff,0xfa,0x10,0x00,0x3c,0xff,0xff,0xff,0xff,0xff,0xff,0xff,0xff,0xff,0xff,0xff,0xff,0xff,0xff,0xfb,0x10,0x00,0x1a,0xff,0xff,0xff,0xff,0xff,0xff,0xff,0xff,0xb0,  //@@@@@@@@@@@@@@@@@%+...*#@@@@@@@@@@@@@@@@@@@@@@@@@@@@@%+...+%@@@@@@@@@@@@@@@@%
0xff,0xff,0xff,0xff,0xff,0xff,0xff,0xff,0x90,0x00,0x00,0x00,0x9f,0xff,0xff,0xff,0xff,0xff,0xff,0xff,0xff,0xff,0xff,0xff,0xff,0xff,0x90,0x00,0x00,0x00,0x9f,0xff,0xff,0xff,0xff,0xff,0xff,0xff,0xb0,  //@@@@@@@@@@@@@@@@%.......%@@@@@@@@@@@@@@@@@@@@@@@@@@@%.......%@@@@@@@@@@@@@@@%
0xff,0xff,0xff,0xff,0xff,0xff,0xff,0xfb,0x00,0x00,0x00,0x00,0x09,0xff,0xff,0xff,0xff,0xff,0xff,0xff,0xff,0xff,0xff,0xff,0xff,0xf9,0x00,0x00,0x00,0x00,0x0d,0xff,0xff,0xff,0xff,0xff,0xff,0xff,0xb0,  //@@@@@@@@@@@@@@@%.........%@@@@@@@@@@@@@@@@@@@@@@@@@%.........#@@@@@@@@@@@@@@%
0xff,0xff,0xff,0xff,0xff,0xff,0xff,0xf5,0x00,0x00,0x00,0x00,0x00,0x9f,0xff,0xff,0xff,0xff,0xff,0xff,0xff,0xff,0xff,0xff,0xff,0x90,0x00,0x00,0x00,0x00,0x06,0xff,0xff,0xff,0xff,0xff,0xff,0xff,0xb0,  //@@@@@@@@@@@@@@@*..........%@@@@@@@@@@@@@@@@@@@@@@@%..........*@@@@@@@@@@@@@@%
0xff,0xff,0xff,0xff,0xff,0xff,0xff,0xf3,0x00,0x00,0x00,0x00,0x00,0x09,0xff,0xff,0xff,0xff,0xff,0xff,0xff,0xff,0xff,0xff,0xf6,0x00,0x00,0x00,0x00,0x00,0x03,0xff,0xff,0xff,0xff,0xff,0xff,0xff,0xb0,  //@@@@@@@@@@@@@@@*...........%@@@@@@@@@@@@@@@@@@@@@*...........*@@@@@@@@@@@@@@%
0xff,0xff,0xff,0xff,0xff,0xff,0xff,0xf3,0x00,0x00,0x00,0x00,0x00,0x00,0x9f,0xff,0xff,0xff,0xff,0xff,0xff,0xff,0xff,0xff,0x50,0x00,0x00,0x00,0x00,0x00,0x03,0xff,0xff,0xff,0xff,0xff,0xff,0xff,0xb0,  //@@@@@@@@@@@@@@@*............%@@@@@@@@@@@@@@@@@@@*............*@@@@@@@@@@@@@@%
0xff,0xff,0xff,0xff,0xff,0xff,0xff,0xf4,0x00,0x00,0x00,0x00,0x00,0x00,0x09,0xff,0xff,0xff,0xff,0xff,0xff,0xff,0xff,0xf5,0x00,0x00,0x00,0x00,0x00,0x00,0x06,0xff,0xff,0xff,0xff,0xff,0xff,0xff,0xb0,  //@@@@@@@@@@@@@@@*.............%@@@@@@@@@@@@@@@@@*.............*@@@@@@@@@@@@@@%
0xff,0xff,0xff,0xff,0xff,0xff,0xff,0xfb,0x00,0x00,0x00,0x00,0x00,0x00,0x00,0x5f,0xff,0xff,0xff,0xff,0xff,0xff,0xff,0x50,0x00,0x00,0x00,0x00,0x00,0x00,0x0d,0xff,0xff,0xff,0xff,0xff,0xff,0xff,0xb0,  //@@@@@@@@@@@@@@@%..............*@@@@@@@@@@@@@@@*..............#@@@@@@@@@@@@@@%
0xff,0xff,0xff,0xff,0xff,0xff,0xff,0xff,0x50,0x00,0x00,0x00,0x00,0x00,0x00,0x05,0xff,0xff,0xff,0xff,0xff,0xff,0xf5,0x00,0x00,0x00,0x00,0x00,0x00,0x00,0x9f,0xff,0xff,0xff,0xff,0xff,0xff,0xff,0xb0,  //@@@@@@@@@@@@@@@@*..............*@@@@@@@@@@@@@*..............%@@@@@@@@@@@@@@@%
0xff,0xff,0xff,0xff,0xff,0xff,0xff,0xff,0xf5,0x00,0x00,0x00,0x00,0x00,0x00,0x00,0x5f,0xff,0xff,0xff,0xff,0xff,0x50,0x00,0x00,0x00,0x00,0x00,0x00,0x09,0xff,0xff,0xff,0xff,0xff,0xff,0xff,0xff,0xb0,  //@@@@@@@@@@@@@@@@@*..............*@@@@@@@@@@@*..............%@@@@@@@@@@@@@@@@%
0xff,0xff,0xff,0xff,0xff,0xff,0xff,0xff,0xff,0x50,0x00,0x00,0x00,0x00,0x00,0x00,0x05,0xff,0xff,0xff,0xff,0xe2,0x00,0x00,0x00,0x00,0x00,0x00,0x00,0x9f,0xff,0xff,0xff,0xff,0xff,0xff,0xff,0xff,0xb0,  //@@@@@@@@@@@@@@@@@@*..............*@@@@@@@@#+..............%@@@@@@@@@@@@@@@@@%
0xff,0xff,0xff,0xff,0xff,0xff,0xff,0xff,0xff,0xf8,0x00,0x00,0x00,0x00,0x00,0x00,0x00,0x5f,0xff,0xff,0xfe,0x20,0x00,0x00,0x00,0x00,0x00,0x00,0x09,0xff,0xff,0xff,0xff,0xff,0xff,0xff,0xff,0xff,0xb0,  //@@@@@@@@@@@@@@@@@@@%..............*@@@@@@#+..............%@@@@@@@@@@@@@@@@@@%
0xff,0xff,0xff,0xff,0xff,0xff,0xff,0xff,0xff,0xff,0x90,0x00,0x00,0x00,0x00,0x00,0x00,0x05,0xff,0xff,0xe2,0x00,0x00,0x00,0x00,0x00,0x00,0x00,0x9f,0xff,0xff,0xff,0xff,0xff,0xff,0xff,0xff,0xff,0xb0,  //@@@@@@@@@@@@@@@@@@@@%..............*@@@@#+..............%@@@@@@@@@@@@@@@@@@@%
0xdf,0xff,0xff,0xff,0xff,0xff,0xff,0xff,0xff,0xff,0xf9,0x00,0x00,0x00,0x00,0x00,0x00,0x00,0x2e,0xfe,0x20,0x00,0x00,0x00,0x00,0x00,0x00,0x09,0xff,0xff,0xff,0xff,0xff,0xff,0xff,0xff,0xff,0xff,0xa0,  //#@@@@@@@@@@@@@@@@@@@@%..............+#@#+..............%@@@@@@@@@@@@@@@@@@@@%
0xbf,0xff,0xff,0xff,0xff,0xff,0xff,0xff,0xff,0xff,0xff,0x90,0x00,0x00,0x00,0x00,0x00,0x00,0x02,0xd2,0x00,0x00,0x00,0x00,0x00,0x00,0x00,0xaf,0xff,0xff,0xff,0xff,0xff,0xff,0xff,0xff,0xff,0xff,0x70,  //%@@@@@@@@@@@@@@@@@@@@@%..............+#+..............%@@@@@@@@@@@@@@@@@@@@@*
0xaf,0xff,0xff,0xff,0xff,0xff,0xff,0xff,0xff,0xff,0xff,0xf9,0x00,0x00,0x00,0x00,0x00,0x00,0x00,0x00,0x00,0x00,0x00,0x00,0x00,0x00,0x0c,0xff,0xff,0xff,0xff,0xff,0xff,0xff,0xff,0xff,0xff,0xff,0x70,  //%@@@@@@@@@@@@@@@@@@@@@@%.............................#@@@@@@@@@@@@@@@@@@@@@@*
0x7f,0xff,0xff,0xff,0xff,0xff,0xff,0xff,0xff,0xff,0xff,0xff,0x90,0x00,0x00,0x00,0x00,0x00,0x00,0x00,0x00,0x00,0x00,0x00,0x00,0x00,0xcf,0xff,0xff,0xff,0xff,0xff,0xff,0xff,0xff,0xff,0xff,0xff,0x30,  //*@@@@@@@@@@@@@@@@@@@@@@@%...........................#@@@@@@@@@@@@@@@@@@@@@@@*
0x4f,0xff,0xff,0xff,0xff,0xff,0xff,0xff,0xff,0xff,0xff,0xff,0xfc,0x00,0x00,0x00,0x00,0x00,0x00,0x00,0x00,0x00,0x00,0x00,0x00,0x0c,0xff,0xff,0xff,0xff,0xff,0xff,0xff,0xff,0xff,0xff,0xff,0xff,0x10,  //*@@@@@@@@@@@@@@@@@@@@@@@@#.........................#@@@@@@@@@@@@@@@@@@@@@@@@+
0x1f,0xff,0xff,0xff,0xff,0xff,0xff,0xff,0xff,0xff,0xff,0xff,0xff,0xc0,0x00,0x00,0x00,0x00,0x00,0x00,0x00,0x00,0x00,0x00,0x00,0xcf,0xff,0xff,0xff,0xff,0xff,0xff,0xff,0xff,0xff,0xff,0xff,0xfe,0x00,  //+@@@@@@@@@@@@@@@@@@@@@@@@@#.......................#@@@@@@@@@@@@@@@@@@@@@@@@#.
0x0d,0xff,0xff,0xff,0xff,0xff,0xff,0xff,0xff,0xff,0xff,0xff,0xff,0xfc,0x00,0x00,0x00,0x00,0x00,0x00,0x00,0x00,0x00,0x00,0x0c,0xff,0xff,0xff,0xff,0xff,0xff,0xff,0xff,0xff,0xff,0xff,0xff,0xfa,0x00,  //.#@@@@@@@@@@@@@@@@@@@@@@@@@#.....................#@@@@@@@@@@@@@@@@@@@@@@@@@%.
0x09,0xff,0xff,0xff,0xff,0xff,0xff,0xff,0xff,0xff,0xff,0xff,0xff,0xff,0xc0,0x00,0x00,0x00,0x00,0x00,0x00,0x00,0x00,0x02,0xcf,0xff,0xff,0xff,0xff,0xff,0xff,0xff,0xff,0xff,0xff,0xff,0xff,0xf6,0x00,  //.%@@@@@@@@@@@@@@@@@@@@@@@@@@#..................+#@@@@@@@@@@@@@@@@@@@@@@@@@@*.
0x05,0xff,0xff,0xff,0xff,0xff,0xff,0xff,0xff,0xff,0xff,0xff,0xff,0xff,0xfc,0x00,0x00,0x00,0x00,0x00,0x00,0x00,0x00,0x2e,0xff,0xff,0xff,0xff,0xff,0xff,0xff,0xff,0xff,0xff,0xff,0xff,0xff,0xf1,0x00,  //.*@@@@@@@@@@@@@@@@@@@@@@@@@@@#................+#@@@@@@@@@@@@@@@@@@@@@@@@@@@+.
0x00,0xff,0xff,0xff,0xff,0xff,0xff,0xff,0xff,0xff,0xff,0xff,0xff,0xff,0xff,0xc1,0x00,0x00,0x00,0x00,0x00,0x00,0x02,0xef,0xff,0xff,0xff,0xff,0xff,0xff,0xff,0xff,0xff,0xff,0xff,0xff,0xff,0xc0,0x00,  //..@@@@@@@@@@@@@@@@@@@@@@@@@@@@#+.............+#@@@@@@@@@@@@@@@@@@@@@@@@@@@#..
0x00,0x9f,0xff,0xff,0xff,0xff,0xff,0xff,0xff,0xff,0xff,0xff,0xff,0xff,0xff,0xfe,0x20,0x00,0x00,0x00,0x00,0x00,0x2e,0xff,0xff,0xff,0xff,0xff,0xff,0xff,0xff,0xff,0xff,0xff,0xff,0xff,0xff,0x60,0x00,  //..%@@@@@@@@@@@@@@@@@@@@@@@@@@@@#+...........+#@@@@@@@@@@@@@@@@@@@@@@@@@@@@*..
0x00,0x4f,0xff,0xff,0xff,0xff,0xff,0xff,0xff,0xff,0xff,0xff,0xff,0xff,0xff,0xff,0xe2,0x00,0x00,0x00,0x00,0x02,0xef,0xff,0xff,0xff,0xff,0xff,0xff,0xff,0xff,0xff,0xff,0xff,0xff,0xff,0xff,0x00,0x00,  //..*@@@@@@@@@@@@@@@@@@@@@@@@@@@@@#+.........+#@@@@@@@@@@@@@@@@@@@@@@@@@@@@@...
0x00,0x0d,0xff,0xff,0xff,0xff,0xff,0xff,0xff,0xff,0xff,0xff,0xff,0xff,0xff,0xff,0xfe,0x20,0x00,0x00,0x00,0x2e,0xff,0xff,0xff,0xff,0xff,0xff,0xff,0xff,0xff,0xff,0xff,0xff,0xff,0xff,0xf9,0x00,0x00,  //...#@@@@@@@@@@@@@@@@@@@@@@@@@@@@@#+.......+#@@@@@@@@@@@@@@@@@@@@@@@@@@@@@%...
0x00,0x05,0xff,0xff,0xff,0xff,0xff,0xff,0xff,0xff,0xff,0xff,0xff,0xff,0xff,0xff,0xff,0xe3,0x00,0x00,0x05,0xef,0xff,0xff,0xff,0xff,0xff,0xff,0xff,0xff,0xff,0xff,0xff,0xff,0xff,0xff,0xf3,0x00,0x00,  //...*@@@@@@@@@@@@@@@@@@@@@@@@@@@@@@#*.....*#@@@@@@@@@@@@@@@@@@@@@@@@@@@@@@*...
0x00,0x00,0xdf,0xff,0xff,0xff,0xff,0xff,0xff,0xff,0xff,0xff,0xff,0xff,0xff,0xff,0xff,0xff,0xb7,0x47,0xcf,0xff,0xff,0xff,0xff,0xff,0xff,0xff,0xff,0xff,0xff,0xff,0xff,0xff,0xff,0xff,0xb0,0x00,0x00,  //....#@@@@@@@@@@@@@@@@@@@@@@@@@@@@@@@%***#@@@@@@@@@@@@@@@@@@@@@@@@@@@@@@@%....
0x00,0x00,0x5f,0xff,0xff,0xff,0xff,0xff,0xff,0xff,0xff,0xff,0xff,0xff,0xff,0xff,0xff,0xff,0xff,0xff,0xff,0xff,0xff,0xff,0xff,0xff,0xff,0xff,0xff,0xff,0xff,0xff,0xff,0xff,0xff,0xff,0x30,0x00,0x00,  //....*@@@@@@@@@@@@@@@@@@@@@@@@@@@@@@@@@@@@@@@@@@@@@@@@@@@@@@@@@@@@@@@@@@@*....
0x00,0x00,0x0d,0xff,0xff,0xff,0xff,0xff,0xff,0xff,0xff,0xff,0xff,0xff,0xff,0xff,0xff,0xff,0xff,0xff,0xff,0xff,0xff,0xff,0xff,0xff,0xff,0xff,0xff,0xff,0xff,0xff,0xff,0xff,0xff,0xfa,0x00,0x00,0x00,  //.....#@@@@@@@@@@@@@@@@@@@@@@@@@@@@@@@@@@@@@@@@@@@@@@@@@@@@@@@@@@@@@@@@@%.....
0x00,0x00,0x03,0xff,0xff,0xff,0xff,0xff,0xff,0xff,0xff,0xff,0xff,0xff,0xff,0xff,0xff,0xff,0xff,0xff,0xff,0xff,0xff,0xff,0xff,0xff,0xff,0xff,0xff,0xff,0xff,0xff,0xff,0xff,0xff,0xe1,0x00,0x00,0x00,  //.....*@@@@@@@@@@@@@@@@@@@@@@@@@@@@@@@@@@@@@@@@@@@@@@@@@@@@@@@@@@@@@@@@#+.....
0x00,0x00,0x00,0xaf,0xff,0xff,0xff,0xff,0xff,0xff,0xff,0xff,0xff,0xff,0xff,0xff,0xff,0xff,0xff,0xff,0xff,0xff,0xff,0xff,0xff,0xff,0xff,0xff,0xff,0xff,0xff,0xff,0xff,0xff,0xff,0x70,0x00,0x00,0x00,  //......%@@@@@@@@@@@@@@@@@@@@@@@@@@@@@@@@@@@@@@@@@@@@@@@@@@@@@@@@@@@@@@@*......
0x00,0x00,0x00,0x0e,0xff,0xff,0xff,0xff,0xff,0xff,0xff,0xff,0xff,0xff,0xff,0xff,0xff,0xff,0xff,0xff,0xff,0xff,0xff,0xff,0xff,0xff,0xff,0xff,0xff,0xff,0xff,0xff,0xff,0xff,0xfc,0x00,0x00,0x00,0x00,  //.......#@@@@@@@@@@@@@@@@@@@@@@@@@@@@@@@@@@@@@@@@@@@@@@@@@@@@@@@@@@@@@#.......
0x00,0x00,0x00,0x04,0xff,0xff,0xff,0xff,0xff,0xff,0xff,0xff,0xff,0xff,0xff,0xff,0xff,0xff,0xff,0xff,0xff,0xff,0xff,0xff,0xff,0xff,0xff,0xff,0xff,0xff,0xff,0xff,0xff,0xff,0xe1,0x00,0x00,0x00,0x00,  //.......*@@@@@@@@@@@@@@@@@@@@@@@@@@@@@@@@@@@@@@@@@@@@@@@@@@@@@@@@@@@@#+.......
0x00,0x00,0x00,0x00,0x7f,0xff,0xff,0xff,0xff,0xff,0xff,0xff,0xff,0xff,0xff,0xff,0xff,0xff,0xff,0xff,0xff,0xff,0xff,0xff,0xff,0xff,0xff,0xff,0xff,0xff,0xff,0xff,0xff,0xff,0x40,0x00,0x00,0x00,0x00,  //........*@@@@@@@@@@@@@@@@@@@@@@@@@@@@@@@@@@@@@@@@@@@@@@@@@@@@@@@@@@@*........
0x00,0x00,0x00,0x00,0x09,0xff,0xff,0xff,0xff,0xff,0xff,0xff,0xff,0xff,0xff,0xff,0xff,0xff,0xff,0xff,0xff,0xff,0xff,0xff,0xff,0xff,0xff,0xff,0xff,0xff,0xff,0xff,0xff,0xf7,0x00,0x00,0x00,0x00,0x00,  //.........%@@@@@@@@@@@@@@@@@@@@@@@@@@@@@@@@@@@@@@@@@@@@@@@@@@@@@@@@@*.........
0x00,0x00,0x00,0x00,0x00,0xcf,0xff,0xff,0xff,0xff,0xff,0xff,0xff,0xff,0xff,0xff,0xff,0xff,0xff,0xff,0xff,0xff,0xff,0xff,0xff,0xff,0xff,0xff,0xff,0xff,0xff,0xff,0xff,0x90,0x00,0x00,0x00,0x00,0x00,  //..........#@@@@@@@@@@@@@@@@@@@@@@@@@@@@@@@@@@@@@@@@@@@@@@@@@@@@@@@%..........
0x00,0x00,0x00,0x00,0x00,0x0c,0xff,0xff,0xff,0xff,0xff,0xff,0xff,0xff,0xff,0xff,0xff,0xff,0xff,0xff,0xff,0xff,0xff,0xff,0xff,0xff,0xff,0xff,0xff,0xff,0xff,0xff,0xf9,0x00,0x00,0x00,0x00,0x00,0x00,  //...........#@@@@@@@@@@@@@@@@@@@@@@@@@@@@@@@@@@@@@@@@@@@@@@@@@@@@@%...........
0x00,0x00,0x00,0x00,0x00,0x00,0xcf,0xff,0xff,0xff,0xff,0xff,0xff,0xff,0xff,0xff,0xff,0xff,0xff,0xff,0xff,0xff,0xff,0xff,0xff,0xff,0xff,0xff,0xff,0xff,0xff,0xff,0x90,0x00,0x00,0x00,0x00,0x00,0x00,  //............#@@@@@@@@@@@@@@@@@@@@@@@@@@@@@@@@@@@@@@@@@@@@@@@@@@@%............
0x00,0x00,0x00,0x00,0x00,0x00,0x09,0xff,0xff,0xff,0xff,0xff,0xff,0xff,0xff,0xff,0xff,0xff,0xff,0xff,0xff,0xff,0xff,0xff,0xff,0xff,0xff,0xff,0xff,0xff,0xff,0xf7,0x00,0x00,0x00,0x00,0x00,0x00,0x00,  //.............%@@@@@@@@@@@@@@@@@@@@@@@@@@@@@@@@@@@@@@@@@@@@@@@@@*.............
0x00,0x00,0x00,0x00,0x00,0x00,0x00,0x6f,0xff,0xff,0xff,0xff,0xff,0xff,0xff,0xff,0xff,0xff,0xff,0xff,0xff,0xff,0xff,0xff,0xff,0xff,0xff,0xff,0xff,0xff,0xfe,0x40,0x00,0x00,0x00,0x00,0x00,0x00,0x00,  //..............*@@@@@@@@@@@@@@@@@@@@@@@@@@@@@@@@@@@@@@@@@@@@@@#*..............
0x00,0x00,0x00,0x00,0x00,0x00,0x00,0x03,0xdf,0xff,0xff,0xff,0xff,0xff,0xff,0xff,0xff,0xff,0xff,0xff,0xff,0xff,0xff,0xff,0xff,0xff,0xff,0xff,0xff,0xff,0xc1,0x00,0x00,0x00,0x00,0x00,0x00,0x00,0x00,  //...............*#@@@@@@@@@@@@@@@@@@@@@@@@@@@@@@@@@@@@@@@@@@@#+...............
0x00,0x00,0x00,0x00,0x00,0x00,0x00,0x00,0x08,0xff,0xff,0xff,0xff,0xff,0xff,0xff,0xff,0xff,0xff,0xff,0xff,0xff,0xff,0xff,0xff,0xff,0xff,0xff,0xff,0xe7,0x00,0x00,0x00,0x00,0x00,0x00,0x00,0x00,0x00,  //.................%@@@@@@@@@@@@@@@@@@@@@@@@@@@@@@@@@@@@@@@@#*.................
0x00,0x00,0x00,0x00,0x00,0x00,0x00,0x00,0x00,0x2b,0xff,0xff,0xff,0xff,0xff,0xff,0xff,0xff,0xff,0xff,0xff,0xff,0xff,0xff,0xff,0xff,0xff,0xff,0xfa,0x10,0x00,0x00,0x00,0x00,0x00,0x00,0x00,0x00,0x00,  //..................+%@@@@@@@@@@@@@@@@@@@@@@@@@@@@@@@@@@@@@%+..................
0x00,0x00,0x00,0x00,0x00,0x00,0x00,0x00,0x00,0x00,0x3c,0xff,0xff,0xff,0xff,0xff,0xff,0xff,0xff,0xff,0xff,0xff,0xff,0xff,0xff,0xff,0xff,0xfb,0x30,0x00,0x00,0x00,0x00,0x00,0x00,0x00,0x00,0x00,0x00,  //....................*#@@@@@@@@@@@@@@@@@@@@@@@@@@@@@@@@@%*....................
0x00,0x00,0x00,0x00,0x00,0x00,0x00,0x00,0x00,0x00,0x00,0x3b,0xff,0xff,0xff,0xff,0xff,0xff,0xff,0xff,0xff,0xff,0xff,0xff,0xff,0xff,0xf9,0x30,0x00,0x00,0x00,0x00,0x00,0x00,0x00,0x00,0x00,0x00,0x00,  //......................*%@@@@@@@@@@@@@@@@@@@@@@@@@@@@@%*......................
0x00,0x00,0x00,0x00,0x00,0x00,0x00,0x00,0x00,0x00,0x00,0x00,0x17,0xdf,0xff,0xff,0xff,0xff,0xff,0xff,0xff,0xff,0xff,0xff,0xff,0xc6,0x00,0x00,0x00,0x00,0x00,0x00,0x00,0x00,0x00,0x00,0x00,0x00,0x00,  //........................+*#@@@@@@@@@@@@@@@@@@@@@@@#*.........................
0x00,0x00,0x00,0x00,0x00,0x00,0x00,0x00,0x00,0x00,0x00,0x00,0x00,0x01,0x6a,0xef,0xff,0xff,0xff,0xff,0xff,0xff,0xff,0xd9,0x51,0x00,0x00,0x00,0x00,0x00,0x00,0x00,0x00,0x00,0x00,0x00,0x00,0x00,0x00,  //...........................+*%#@@@@@@@@@@@@@@@#%*+...........................
0x00,0x00,0x00,0x00,0x00,0x00,0x00,0x00,0x00,0x00,0x00,0x00,0x00,0x00,0x00,0x01,0x36,0x78,0xbb,0xbb,0xb8,0x75,0x30,0x00,0x00,0x00,0x00,0x00,0x00,0x00,0x00,0x00,0x00,0x00,0x00,0x00,0x00,0x00,0x00,  //...............................+***%%%%%%%***................................


};


static const lv_font_fmt_txt_glyph_dsc_t glyph_dsc[] = {
    {.bitmap_index = 0,	.adv_w = 14, .box_h = 1, .box_w = 2, .ofs_x = 0, .ofs_y = 51},/*( )*/
    {.bitmap_index = 1,	.adv_w = 43, .box_h = 46, .box_w = 44, .ofs_x = 3, .ofs_y = 51},/*(&)*/
    {.bitmap_index = 1013,	.adv_w = 31, .box_h = 46, .box_w = 30, .ofs_x = 1, .ofs_y = 51},/*(F)*/
    {.bitmap_index = 1703,	.adv_w = 40, .box_h = 47, .box_w = 36, .ofs_x = 3, .ofs_y = 51},/*(G)*/
    {.bitmap_index = 2549,	.adv_w = 32, .box_h = 46, .box_w = 32, .ofs_x = 1, .ofs_y = 51},/*(L)*/
    {.bitmap_index = 3285,	.adv_w = 42, .box_h = 47, .box_w = 38, .ofs_x = 3, .ofs_y = 51},/*(O)*/
    {.bitmap_index = 4178,	.adv_w = 38, .box_h = 46, .box_w = 40, .ofs_x = 1, .ofs_y = 51},/*(R)*/
    {.bitmap_index = 5098,	.adv_w = 28, .box_h = 47, .box_w = 24, .ofs_x = 2, .ofs_y = 51},/*(S)*/
    {.bitmap_index = 5662,	.adv_w = 33, .box_h = 46, .box_w = 36, .ofs_x = 0, .ofs_y = 51},/*(T)*/
    {.bitmap_index = 6490,	.adv_w = 37, .box_h = 47, .box_w = 38, .ofs_x = -2, .ofs_y = 51},/*(V)*/
    {.bitmap_index = 7383,	.adv_w = 25, .box_h = 29, .box_w = 22, .ofs_x = 2, .ofs_y = 51},/*(e)*/
    {.bitmap_index = 7702,	.adv_w = 24, .box_h = 29, .box_w = 26, .ofs_x = 0, .ofs_y = 51},/*(r)*/
    {.bitmap_index = 8079,	.adv_w = 57, .box_h = 69, .box_w = 58, .ofs_x = 0, .ofs_y = 39},/*()*/
    {.bitmap_index = 10080,	.adv_w = 74, .box_h = 63, .box_w = 74, .ofs_x = 0, .ofs_y = 42},/*()*/
    {.bitmap_index = 12411,	.adv_w = 69, .box_h = 69, .box_w = 70, .ofs_x = 0, .ofs_y = 39},/*()*/
    {.bitmap_index = 14826,	.adv_w = 29, .box_h = 63, .box_w = 30, .ofs_x = 0, .ofs_y = 42},/*()*/
    {.bitmap_index = 15771,	.adv_w = 77, .box_h = 69, .box_w = 78, .ofs_x = 0, .ofs_y = 39},/*()*/
};


static const uint16_t unicode_list_1[] = {
    0x0020,	/*( )*/
    0x0026,	/*(&)*/
    0x0046,	/*(F)*/
    0x0047,	/*(G)*/
    0x004c,	/*(L)*/
    0x004f,	/*(O)*/
    0x0052,	/*(R)*/
    0x0053,	/*(S)*/
    0x0054,	/*(T)*/
    0x0056,	/*(V)*/
    0x0065,	/*(e)*/
    0x0072,	/*(r)*/
    0xf007,	/*()*/
    0xf009,	/*()*/
    0xf013,	/*()*/
    0xf129,	/*()*/
    0xf265,	/*()*/
    0x0000,    /*End indicator*/
};


static const lv_font_fmt_txt_cmap_t cmaps[] = {
    {
        .range_start = 0x0020,
        .range_length = 0xf265,
        .type = LV_FONT_FMT_TXT_CMAP_SPARSE_TINY,
        .glyph_id_start = 0,
        .unicode_list = unicode_list_1,
        .glyph_id_ofs_list = NULL,
        .list_length = 17,
    }
};


static lv_font_fmt_txt_glyph_cache_t glyph_cache;


static lv_font_fmt_txt_dsc_t font_dsc = {
    .glyph_bitmap = glyph_bitmap,
    .glyph_dsc = glyph_dsc,
    .cmaps = cmaps,
    .cmap_num = 1,
    .bpp = 4,

    .kern_scale = 0,
    .kern_dsc = NULL,
    .kern_classes = 0,

    .cache = &glyph_cache,
};


static int binsearch(const uint16_t *sortedSeq, int seqLength, uint16_t keyData) {
    int low = 0, mid, high = seqLength - 1;
    while (low <= high) {
        mid = (low + high)>>1;//右移1位等于是/2，奇数，无论奇偶，有个值就行
        if (keyData < sortedSeq[mid]) {
            high = mid - 1;//是mid-1，因为mid已经比较过了
        }
        else if (keyData > sortedSeq[mid]) {
            low = mid + 1;
        }
        else {
            return mid;
        }
    }
    return -1;
}


static const uint8_t * __user_font_get_bitmap(const lv_font_t * font, uint32_t unicode_letter) {
    lv_font_fmt_txt_dsc_t * fdsc = (lv_font_fmt_txt_dsc_t *) font->dsc;

    if( unicode_letter<fdsc->cmaps[0].range_start || unicode_letter>fdsc->cmaps[0].range_length ) return false;

    int i;
    if( unicode_letter==fdsc->cache->last_letter ){
        i = fdsc->cache->last_glyph_id;
    }
    else{
        i = binsearch(fdsc->cmaps[0].unicode_list, fdsc->cmaps[0].list_length, unicode_letter);
    }
    if( i != -1 ) {
        const lv_font_fmt_txt_glyph_dsc_t * gdsc = &fdsc->glyph_dsc[i];
        fdsc->cache->last_glyph_id = i;
        fdsc->cache->last_letter = unicode_letter;
        return &fdsc->glyph_bitmap[gdsc->bitmap_index];
    }
    return NULL;
}


static bool __user_font_get_glyph_dsc(const lv_font_t * font, lv_font_glyph_dsc_t * dsc_out, uint32_t unicode_letter, uint32_t unicode_letter_next) {
    lv_font_fmt_txt_dsc_t * fdsc = (lv_font_fmt_txt_dsc_t *) font->dsc;

    if( unicode_letter<fdsc->cmaps[0].range_start || unicode_letter>fdsc->cmaps[0].range_length ) return false;

    int i;
    if( unicode_letter==fdsc->cache->last_letter ){
        i = fdsc->cache->last_glyph_id;
    }
    else{
        i = binsearch(fdsc->cmaps[0].unicode_list, fdsc->cmaps[0].list_length, unicode_letter);
    }
    if( i != -1 ) {
        const lv_font_fmt_txt_glyph_dsc_t * gdsc = &fdsc->glyph_dsc[i];
        fdsc->cache->last_glyph_id = i;
        fdsc->cache->last_letter = unicode_letter;
        dsc_out->adv_w = gdsc->adv_w;
        dsc_out->box_h = gdsc->box_h;
        dsc_out->box_w = gdsc->box_w;
        dsc_out->ofs_x = gdsc->ofs_x;
        dsc_out->ofs_y = gdsc->ofs_y;
        dsc_out->bpp   = fdsc->bpp;
        return true;
    }
    return false;
}


//Gabriola,Regular,48
//字模高度：147
//内部字体
//使用排序和二分查表
const lv_font_t setting_font_about = {
    .dsc = &font_dsc,
    .get_glyph_bitmap = __user_font_get_bitmap,
    .get_glyph_dsc = __user_font_get_glyph_dsc,
    .line_height = 147,
    .base_line = 0,
};

