/*
*---------------------------------------------------------------
*                        Lvgl Font Tool                         
*                                                               
* 注:使用unicode编码                                              
* 注:本字体文件由Lvgl Font Tool V0.5测试版 生成                     
* 作者:阿里(qq:617622104)                                         
*---------------------------------------------------------------
*/


#include "lvgl.h"


static const uint8_t glyph_bitmap[] = {
/*   */
0x00,  //.


/* A */
0x00,0x00,0x00,0x00,0x02,0xff,0xf2,0x00,0x00,0x00,0x00,0x00,  //.........+@@@+.........
0x00,0x00,0x00,0x00,0x09,0xff,0xf9,0x00,0x00,0x00,0x00,0x00,  //.........%@@@%.........
0x00,0x00,0x00,0x00,0x0e,0xff,0xfe,0x00,0x00,0x00,0x00,0x00,  //.........#@@@#.........
0x00,0x00,0x00,0x00,0x5f,0xfb,0xff,0x50,0x00,0x00,0x00,0x00,  //........*@@%@@*........
0x00,0x00,0x00,0x00,0xcf,0xf3,0xff,0xc0,0x00,0x00,0x00,0x00,  //........#@@*@@#........
0x00,0x00,0x00,0x02,0xff,0xa0,0xdf,0xf2,0x00,0x00,0x00,0x00,  //.......+@@%.#@@+.......
0x00,0x00,0x00,0x09,0xff,0x50,0x6f,0xf9,0x00,0x00,0x00,0x00,  //.......%@@*.*@@%.......
0x00,0x00,0x00,0x0e,0xfe,0x00,0x1f,0xfe,0x00,0x00,0x00,0x00,  //.......#@#..+@@#.......
0x00,0x00,0x00,0x5f,0xf9,0x00,0x0a,0xff,0x50,0x00,0x00,0x00,  //......*@@%...%@@*......
0x00,0x00,0x00,0xcf,0xf4,0x00,0x05,0xff,0xc0,0x00,0x00,0x00,  //......#@@*...*@@#......
0x00,0x00,0x02,0xff,0xd0,0x00,0x00,0xef,0xf2,0x00,0x00,0x00,  //.....+@@#.....#@@+.....
0x00,0x00,0x09,0xff,0x80,0x00,0x00,0x9f,0xf9,0x00,0x00,0x00,  //.....%@@%.....%@@%.....
0x00,0x00,0x0e,0xff,0x20,0x00,0x00,0x4f,0xfe,0x00,0x00,0x00,  //.....#@@+.....*@@#.....
0x00,0x00,0x5f,0xfc,0x00,0x00,0x00,0x0d,0xff,0x50,0x00,0x00,  //....*@@#.......#@@*....
0x00,0x00,0xcf,0xf6,0x00,0x00,0x00,0x08,0xff,0xc0,0x00,0x00,  //....#@@*.......%@@#....
0x00,0x02,0xff,0xff,0xff,0xff,0xff,0xff,0xff,0xf2,0x00,0x00,  //...+@@@@@@@@@@@@@@@+...
0x00,0x09,0xff,0xff,0xff,0xff,0xff,0xff,0xff,0xf9,0x00,0x00,  //...%@@@@@@@@@@@@@@@%...
0x00,0x0e,0xff,0xcb,0xbb,0xbb,0xbb,0xbb,0xdf,0xfe,0x00,0x00,  //...#@@#%%%%%%%%%#@@#...
0x00,0x5f,0xff,0x10,0x00,0x00,0x00,0x00,0x3f,0xff,0x50,0x00,  //..*@@@+.........*@@@*..
0x00,0xcf,0xfc,0x00,0x00,0x00,0x00,0x00,0x0d,0xff,0xc0,0x00,  //..#@@#...........#@@#..
0x02,0xff,0xf6,0x00,0x00,0x00,0x00,0x00,0x08,0xff,0xf2,0x00,  //.+@@@*...........%@@@+.
0x09,0xff,0xf1,0x00,0x00,0x00,0x00,0x00,0x02,0xff,0xf9,0x00,  //.%@@@+...........+@@@%.
0x0e,0xff,0xc0,0x00,0x00,0x00,0x00,0x00,0x00,0xdf,0xfe,0x00,  //.#@@#.............#@@#.
0x5f,0xff,0x60,0x00,0x00,0x00,0x00,0x00,0x00,0x8f,0xff,0x50,  //*@@@*.............%@@@*
0xcf,0xff,0x10,0x00,0x00,0x00,0x00,0x00,0x00,0x2f,0xff,0xc0,  //#@@@+.............+@@@#


/* D */
0xff,0xff,0xff,0xff,0xfb,0x95,0x00,0x00,0x00,0x00,  //@@@@@@@@@%%*........
0xff,0xff,0xff,0xff,0xff,0xff,0xf9,0x00,0x00,0x00,  //@@@@@@@@@@@@@%......
0xff,0xff,0xff,0xff,0xff,0xff,0xff,0xe4,0x00,0x00,  //@@@@@@@@@@@@@@#*....
0xff,0xf0,0x00,0x00,0x00,0x49,0xff,0xff,0x80,0x00,  //@@@.......*%@@@@%...
0xff,0xf0,0x00,0x00,0x00,0x00,0x1a,0xff,0xf6,0x00,  //@@@.........+%@@@*..
0xff,0xf0,0x00,0x00,0x00,0x00,0x00,0x8f,0xff,0x20,  //@@@...........%@@@+.
0xff,0xf0,0x00,0x00,0x00,0x00,0x00,0x09,0xff,0xb0,  //@@@............%@@%.
0xff,0xf0,0x00,0x00,0x00,0x00,0x00,0x00,0xef,0xf2,  //@@@.............#@@+
0xff,0xf0,0x00,0x00,0x00,0x00,0x00,0x00,0x8f,0xf8,  //@@@.............%@@%
0xff,0xf0,0x00,0x00,0x00,0x00,0x00,0x00,0x4f,0xfb,  //@@@.............*@@%
0xff,0xf0,0x00,0x00,0x00,0x00,0x00,0x00,0x1f,0xfe,  //@@@.............+@@#
0xff,0xf0,0x00,0x00,0x00,0x00,0x00,0x00,0x0f,0xff,  //@@@..............@@@
0xff,0xf0,0x00,0x00,0x00,0x00,0x00,0x00,0x0f,0xff,  //@@@..............@@@
0xff,0xf0,0x00,0x00,0x00,0x00,0x00,0x00,0x0f,0xff,  //@@@..............@@@
0xff,0xf0,0x00,0x00,0x00,0x00,0x00,0x00,0x2f,0xfc,  //@@@.............+@@#
0xff,0xf0,0x00,0x00,0x00,0x00,0x00,0x00,0x5f,0xfa,  //@@@.............*@@%
0xff,0xf0,0x00,0x00,0x00,0x00,0x00,0x00,0xaf,0xf5,  //@@@.............%@@*
0xff,0xf0,0x00,0x00,0x00,0x00,0x00,0x02,0xff,0xf0,  //@@@............+@@@.
0xff,0xf0,0x00,0x00,0x00,0x00,0x00,0x0c,0xff,0x80,  //@@@............#@@%.
0xff,0xf0,0x00,0x00,0x00,0x00,0x00,0x9f,0xfe,0x00,  //@@@...........%@@#..
0xff,0xf0,0x00,0x00,0x00,0x00,0x2c,0xff,0xf3,0x00,  //@@@.........+#@@@*..
0xff,0xf0,0x00,0x00,0x01,0x5a,0xff,0xff,0x50,0x00,  //@@@......+*%@@@@*...
0xff,0xfb,0xbb,0xbd,0xff,0xff,0xff,0xd2,0x00,0x00,  //@@@%%%%#@@@@@@#+....
0xff,0xff,0xff,0xff,0xff,0xff,0xe7,0x00,0x00,0x00,  //@@@@@@@@@@@@#*......
0xff,0xff,0xff,0xff,0xfb,0x84,0x00,0x00,0x00,0x00,  //@@@@@@@@@%%*........


/* F */
0xff,0xff,0xff,0xff,0xff,0xff,0xf0,  //@@@@@@@@@@@@@
0xff,0xff,0xff,0xff,0xff,0xff,0xf0,  //@@@@@@@@@@@@@
0xff,0xff,0xff,0xff,0xff,0xff,0xf0,  //@@@@@@@@@@@@@
0xff,0xf0,0x00,0x00,0x00,0x00,0x00,  //@@@..........
0xff,0xf0,0x00,0x00,0x00,0x00,0x00,  //@@@..........
0xff,0xf0,0x00,0x00,0x00,0x00,0x00,  //@@@..........
0xff,0xf0,0x00,0x00,0x00,0x00,0x00,  //@@@..........
0xff,0xf0,0x00,0x00,0x00,0x00,0x00,  //@@@..........
0xff,0xf0,0x00,0x00,0x00,0x00,0x00,  //@@@..........
0xff,0xf0,0x00,0x00,0x00,0x00,0x00,  //@@@..........
0xff,0xf0,0x00,0x00,0x00,0x00,0x00,  //@@@..........
0xff,0xff,0xff,0xff,0xff,0xff,0x00,  //@@@@@@@@@@@@.
0xff,0xff,0xff,0xff,0xff,0xff,0x00,  //@@@@@@@@@@@@.
0xff,0xfb,0xbb,0xbb,0xbb,0xbb,0x00,  //@@@%%%%%%%%%.
0xff,0xf0,0x00,0x00,0x00,0x00,0x00,  //@@@..........
0xff,0xf0,0x00,0x00,0x00,0x00,0x00,  //@@@..........
0xff,0xf0,0x00,0x00,0x00,0x00,0x00,  //@@@..........
0xff,0xf0,0x00,0x00,0x00,0x00,0x00,  //@@@..........
0xff,0xf0,0x00,0x00,0x00,0x00,0x00,  //@@@..........
0xff,0xf0,0x00,0x00,0x00,0x00,0x00,  //@@@..........
0xff,0xf0,0x00,0x00,0x00,0x00,0x00,  //@@@..........
0xff,0xf0,0x00,0x00,0x00,0x00,0x00,  //@@@..........
0xff,0xf0,0x00,0x00,0x00,0x00,0x00,  //@@@..........
0xff,0xf0,0x00,0x00,0x00,0x00,0x00,  //@@@..........
0xff,0xf0,0x00,0x00,0x00,0x00,0x00,  //@@@..........


/* G */
0x00,0x00,0x00,0x01,0x6a,0xdf,0xff,0xda,0x60,0x00,  //.......+*%#@@@#%*...
0x00,0x00,0x01,0x9f,0xff,0xff,0xff,0xff,0xfe,0x70,  //.....+%@@@@@@@@@@#*.
0x00,0x00,0x4e,0xff,0xff,0xff,0xff,0xff,0xff,0xf0,  //....*#@@@@@@@@@@@@@.
0x00,0x05,0xff,0xfe,0x82,0x00,0x00,0x15,0xbf,0xf0,  //...*@@@#%+....+*%@@.
0x00,0x4f,0xff,0xa0,0x00,0x00,0x00,0x00,0x03,0xc0,  //..*@@@%..........*#.
0x00,0xef,0xf9,0x00,0x00,0x00,0x00,0x00,0x00,0x00,  //..#@@%..............
0x09,0xff,0xb0,0x00,0x00,0x00,0x00,0x00,0x00,0x00,  //.%@@%...............
0x0f,0xff,0x10,0x00,0x00,0x00,0x00,0x00,0x00,0x00,  //.@@@+...............
0x5f,0xfa,0x00,0x00,0x00,0x00,0x00,0x00,0x00,0x00,  //*@@%................
0xaf,0xf5,0x00,0x00,0x00,0x00,0x00,0x00,0x00,0x00,  //%@@*................
0xcf,0xf2,0x00,0x00,0x00,0x00,0x00,0x00,0x00,0x00,  //#@@+................
0xff,0xf0,0x00,0x00,0x00,0x00,0x00,0x00,0x00,0x00,  //@@@.................
0xff,0xf0,0x00,0x00,0x00,0x00,0xff,0xff,0xff,0xff,  //@@@.........@@@@@@@@
0xff,0xf0,0x00,0x00,0x00,0x00,0xff,0xff,0xff,0xff,  //@@@.........@@@@@@@@
0xff,0xf1,0x00,0x00,0x00,0x00,0xbb,0xbb,0xbf,0xff,  //@@@+........%%%%%@@@
0xbf,0xf4,0x00,0x00,0x00,0x00,0x00,0x00,0x0f,0xff,  //%@@*.............@@@
0x8f,0xf8,0x00,0x00,0x00,0x00,0x00,0x00,0x0f,0xff,  //%@@%.............@@@
0x4f,0xfe,0x00,0x00,0x00,0x00,0x00,0x00,0x0f,0xff,  //*@@#.............@@@
0x0d,0xff,0x80,0x00,0x00,0x00,0x00,0x00,0x0f,0xff,  //.#@@%............@@@
0x05,0xff,0xf5,0x00,0x00,0x00,0x00,0x00,0x0f,0xff,  //.*@@@*...........@@@
0x00,0xbf,0xff,0x70,0x00,0x00,0x00,0x00,0x0f,0xff,  //..%@@@*..........@@@
0x00,0x0c,0xff,0xfd,0x62,0x00,0x00,0x04,0x9f,0xff,  //...#@@@#*+.....*%@@@
0x00,0x00,0xcf,0xff,0xff,0xff,0xff,0xff,0xff,0xff,  //....#@@@@@@@@@@@@@@@
0x00,0x00,0x07,0xef,0xff,0xff,0xff,0xff,0xff,0xa3,  //.....*#@@@@@@@@@@@%*
0x00,0x00,0x00,0x05,0x9c,0xff,0xff,0xb9,0x51,0x00,  //.......*%#@@@@%%*+..


/* L */
0xff,0xf0,0x00,0x00,0x00,0x00,0x00,  //@@@..........
0xff,0xf0,0x00,0x00,0x00,0x00,0x00,  //@@@..........
0xff,0xf0,0x00,0x00,0x00,0x00,0x00,  //@@@..........
0xff,0xf0,0x00,0x00,0x00,0x00,0x00,  //@@@..........
0xff,0xf0,0x00,0x00,0x00,0x00,0x00,  //@@@..........
0xff,0xf0,0x00,0x00,0x00,0x00,0x00,  //@@@..........
0xff,0xf0,0x00,0x00,0x00,0x00,0x00,  //@@@..........
0xff,0xf0,0x00,0x00,0x00,0x00,0x00,  //@@@..........
0xff,0xf0,0x00,0x00,0x00,0x00,0x00,  //@@@..........
0xff,0xf0,0x00,0x00,0x00,0x00,0x00,  //@@@..........
0xff,0xf0,0x00,0x00,0x00,0x00,0x00,  //@@@..........
0xff,0xf0,0x00,0x00,0x00,0x00,0x00,  //@@@..........
0xff,0xf0,0x00,0x00,0x00,0x00,0x00,  //@@@..........
0xff,0xf0,0x00,0x00,0x00,0x00,0x00,  //@@@..........
0xff,0xf0,0x00,0x00,0x00,0x00,0x00,  //@@@..........
0xff,0xf0,0x00,0x00,0x00,0x00,0x00,  //@@@..........
0xff,0xf0,0x00,0x00,0x00,0x00,0x00,  //@@@..........
0xff,0xf0,0x00,0x00,0x00,0x00,0x00,  //@@@..........
0xff,0xf0,0x00,0x00,0x00,0x00,0x00,  //@@@..........
0xff,0xf0,0x00,0x00,0x00,0x00,0x00,  //@@@..........
0xff,0xf0,0x00,0x00,0x00,0x00,0x00,  //@@@..........
0xff,0xf0,0x00,0x00,0x00,0x00,0x00,  //@@@..........
0xff,0xfb,0xbb,0xbb,0xbb,0xbb,0xb0,  //@@@%%%%%%%%%%
0xff,0xff,0xff,0xff,0xff,0xff,0xf0,  //@@@@@@@@@@@@@
0xff,0xff,0xff,0xff,0xff,0xff,0xf0,  //@@@@@@@@@@@@@


/* M */
0xff,0xff,0x30,0x00,0x00,0x00,0x00,0x00,0x00,0x00,0x03,0xff,0xff,  //@@@@*................*@@@@
0xff,0xff,0xa0,0x00,0x00,0x00,0x00,0x00,0x00,0x00,0x0a,0xff,0xff,  //@@@@%................%@@@@
0xff,0xff,0xf1,0x00,0x00,0x00,0x00,0x00,0x00,0x00,0x1f,0xff,0xff,  //@@@@@+..............+@@@@@
0xff,0xff,0xf9,0x00,0x00,0x00,0x00,0x00,0x00,0x00,0x9f,0xfe,0xff,  //@@@@@%..............%@@#@@
0xff,0xfb,0xff,0x10,0x00,0x00,0x00,0x00,0x00,0x00,0xff,0xeb,0xff,  //@@@%@@+.............@@#%@@
0xff,0xf6,0xff,0x70,0x00,0x00,0x00,0x00,0x00,0x07,0xff,0x9e,0xff,  //@@@*@@*............*@@%#@@
0xff,0xf1,0xff,0xe0,0x00,0x00,0x00,0x00,0x00,0x0e,0xff,0x2f,0xff,  //@@@+@@#............#@@+@@@
0xff,0xf0,0x9f,0xf6,0x00,0x00,0x00,0x00,0x00,0x5f,0xfb,0x0f,0xff,  //@@@.%@@*..........*@@%.@@@
0xff,0xf0,0x3f,0xfd,0x00,0x00,0x00,0x00,0x00,0xdf,0xf4,0x0f,0xff,  //@@@.*@@#..........#@@*.@@@
0xff,0xf0,0x0c,0xff,0x50,0x00,0x00,0x00,0x05,0xff,0xd0,0x0f,0xff,  //@@@..#@@*........*@@#..@@@
0xff,0xf0,0x05,0xff,0xd0,0x00,0x00,0x00,0x0b,0xff,0x50,0x0f,0xff,  //@@@..*@@#........%@@*..@@@
0xff,0xf0,0x00,0xdf,0xf3,0x00,0x00,0x00,0x3f,0xfe,0x00,0x0f,0xff,  //@@@...#@@*......*@@#...@@@
0xff,0xf0,0x00,0x7f,0xfb,0x00,0x00,0x00,0xaf,0xf7,0x00,0x0f,0xff,  //@@@...*@@%......%@@*...@@@
0xff,0xf0,0x00,0x0e,0xff,0x30,0x00,0x01,0xff,0xf1,0x00,0x0f,0xff,  //@@@....#@@*....+@@@+...@@@
0xff,0xf0,0x00,0x09,0xff,0x90,0x00,0x09,0xff,0x90,0x00,0x0f,0xff,  //@@@....%@@%....%@@%....@@@
0xff,0xf0,0x00,0x01,0xff,0xf1,0x00,0x0f,0xff,0x30,0x00,0x0f,0xff,  //@@@....+@@@+...@@@*....@@@
0xff,0xf0,0x00,0x00,0xbf,0xf9,0x00,0x7f,0xfb,0x00,0x00,0x0f,0xff,  //@@@.....%@@%..*@@%.....@@@
0xff,0xf0,0x00,0x00,0x3f,0xfe,0x00,0xef,0xf5,0x00,0x00,0x0f,0xff,  //@@@.....*@@#..#@@*.....@@@
0xff,0xf0,0x00,0x00,0x0d,0xff,0x65,0xff,0xd0,0x00,0x00,0x0f,0xff,  //@@@......#@@**@@#......@@@
0xff,0xf0,0x00,0x00,0x05,0xff,0xca,0xff,0x60,0x00,0x00,0x0f,0xff,  //@@@......*@@#%@@*......@@@
0xff,0xf0,0x00,0x00,0x00,0xef,0xff,0xfe,0x00,0x00,0x00,0x0f,0xff,  //@@@.......#@@@@#.......@@@
0xff,0xf0,0x00,0x00,0x00,0x7f,0xff,0xf8,0x00,0x00,0x00,0x0f,0xff,  //@@@.......*@@@@%.......@@@
0xff,0xf0,0x00,0x00,0x00,0x1f,0xff,0xf1,0x00,0x00,0x00,0x0f,0xff,  //@@@.......+@@@@+.......@@@
0xff,0xf0,0x00,0x00,0x00,0x09,0xff,0x90,0x00,0x00,0x00,0x0f,0xff,  //@@@........%@@%........@@@
0xff,0xf0,0x00,0x00,0x00,0x03,0xff,0x30,0x00,0x00,0x00,0x0f,0xff,  //@@@........*@@*........@@@


/* N */
0xff,0xff,0x40,0x00,0x00,0x00,0x00,0x00,0x0f,0xff,  //@@@@*............@@@
0xff,0xff,0xd0,0x00,0x00,0x00,0x00,0x00,0x0f,0xff,  //@@@@#............@@@
0xff,0xff,0xf8,0x00,0x00,0x00,0x00,0x00,0x0f,0xff,  //@@@@@%...........@@@
0xff,0xff,0xff,0x20,0x00,0x00,0x00,0x00,0x0f,0xff,  //@@@@@@+..........@@@
0xff,0xfb,0xff,0xc0,0x00,0x00,0x00,0x00,0x0f,0xff,  //@@@%@@#..........@@@
0xff,0xf3,0xff,0xf6,0x00,0x00,0x00,0x00,0x0f,0xff,  //@@@*@@@*.........@@@
0xff,0xf0,0x8f,0xfe,0x10,0x00,0x00,0x00,0x0f,0xff,  //@@@.%@@#+........@@@
0xff,0xf0,0x0d,0xff,0xa0,0x00,0x00,0x00,0x0f,0xff,  //@@@..#@@%........@@@
0xff,0xf0,0x04,0xff,0xf4,0x00,0x00,0x00,0x0f,0xff,  //@@@..*@@@*.......@@@
0xff,0xf0,0x00,0xaf,0xfe,0x00,0x00,0x00,0x0f,0xff,  //@@@...%@@#.......@@@
0xff,0xf0,0x00,0x0e,0xff,0x80,0x00,0x00,0x0f,0xff,  //@@@....#@@%......@@@
0xff,0xf0,0x00,0x04,0xff,0xf3,0x00,0x00,0x0f,0xff,  //@@@....*@@@*.....@@@
0xff,0xf0,0x00,0x00,0xbf,0xfc,0x00,0x00,0x0f,0xff,  //@@@.....%@@#.....@@@
0xff,0xf0,0x00,0x00,0x1e,0xff,0x70,0x00,0x0f,0xff,  //@@@.....+#@@*....@@@
0xff,0xf0,0x00,0x00,0x06,0xff,0xe1,0x00,0x0f,0xff,  //@@@......*@@#+...@@@
0xff,0xf0,0x00,0x00,0x00,0xbf,0xfb,0x00,0x0f,0xff,  //@@@.......%@@%...@@@
0xff,0xf0,0x00,0x00,0x00,0x1f,0xff,0x40,0x0f,0xff,  //@@@.......+@@@*..@@@
0xff,0xf0,0x00,0x00,0x00,0x07,0xff,0xe0,0x0f,0xff,  //@@@........*@@#..@@@
0xff,0xf0,0x00,0x00,0x00,0x00,0xcf,0xf8,0x0f,0xff,  //@@@.........#@@%.@@@
0xff,0xf0,0x00,0x00,0x00,0x00,0x2f,0xff,0x3f,0xff,  //@@@.........+@@@*@@@
0xff,0xf0,0x00,0x00,0x00,0x00,0x08,0xff,0xce,0xff,  //@@@..........%@@##@@
0xff,0xf0,0x00,0x00,0x00,0x00,0x00,0xdf,0xff,0xff,  //@@@...........#@@@@@
0xff,0xf0,0x00,0x00,0x00,0x00,0x00,0x3f,0xff,0xff,  //@@@...........*@@@@@
0xff,0xf0,0x00,0x00,0x00,0x00,0x00,0x08,0xff,0xff,  //@@@............%@@@@
0xff,0xf0,0x00,0x00,0x00,0x00,0x00,0x00,0xef,0xff,  //@@@.............#@@@


/* O */
0x00,0x00,0x00,0x05,0x9c,0xff,0xfe,0xb6,0x10,0x00,0x00,0x00,  //.......*%#@@@#%*+......
0x00,0x00,0x06,0xef,0xff,0xff,0xff,0xff,0xf8,0x00,0x00,0x00,  //.....*#@@@@@@@@@@%.....
0x00,0x00,0xbf,0xff,0xff,0xff,0xff,0xff,0xff,0xc2,0x00,0x00,  //....%@@@@@@@@@@@@@#+...
0x00,0x0c,0xff,0xfd,0x61,0x00,0x00,0x4b,0xff,0xfe,0x00,0x00,  //...#@@@#*+....*%@@@#...
0x00,0x9f,0xff,0x70,0x00,0x00,0x00,0x00,0x4e,0xff,0xc0,0x00,  //..%@@@*.........*#@@#..
0x03,0xff,0xf5,0x00,0x00,0x00,0x00,0x00,0x02,0xff,0xf5,0x00,  //.*@@@*...........+@@@*.
0x0b,0xff,0xa0,0x00,0x00,0x00,0x00,0x00,0x00,0x6f,0xfd,0x00,  //.%@@%.............*@@#.
0x2f,0xff,0x10,0x00,0x00,0x00,0x00,0x00,0x00,0x0d,0xff,0x40,  //+@@@+..............#@@*
0x7f,0xf9,0x00,0x00,0x00,0x00,0x00,0x00,0x00,0x08,0xff,0x80,  //*@@%...............%@@%
0xbf,0xf4,0x00,0x00,0x00,0x00,0x00,0x00,0x00,0x04,0xff,0xb0,  //%@@*...............*@@%
0xdf,0xf2,0x00,0x00,0x00,0x00,0x00,0x00,0x00,0x01,0xff,0xf0,  //#@@+...............+@@@
0xff,0xf0,0x00,0x00,0x00,0x00,0x00,0x00,0x00,0x00,0xff,0xf0,  //@@@.................@@@
0xff,0xf0,0x00,0x00,0x00,0x00,0x00,0x00,0x00,0x00,0xff,0xf0,  //@@@.................@@@
0xff,0xf0,0x00,0x00,0x00,0x00,0x00,0x00,0x00,0x00,0xff,0xf0,  //@@@.................@@@
0xef,0xf1,0x00,0x00,0x00,0x00,0x00,0x00,0x00,0x01,0xff,0xd0,  //#@@+...............+@@#
0xbf,0xf4,0x00,0x00,0x00,0x00,0x00,0x00,0x00,0x03,0xff,0xb0,  //%@@*...............*@@%
0x8f,0xf9,0x00,0x00,0x00,0x00,0x00,0x00,0x00,0x08,0xff,0x70,  //%@@%...............%@@*
0x4f,0xfe,0x00,0x00,0x00,0x00,0x00,0x00,0x00,0x0d,0xff,0x20,  //*@@#...............#@@+
0x0d,0xff,0x80,0x00,0x00,0x00,0x00,0x00,0x00,0x7f,0xfc,0x00,  //.#@@%.............*@@#.
0x05,0xff,0xf5,0x00,0x00,0x00,0x00,0x00,0x02,0xff,0xf4,0x00,  //.*@@@*...........+@@@*.
0x00,0xbf,0xff,0x60,0x00,0x00,0x00,0x00,0x4e,0xff,0xa0,0x00,  //..%@@@*.........*#@@%..
0x00,0x0e,0xff,0xfb,0x50,0x00,0x00,0x4b,0xff,0xfc,0x00,0x00,  //...#@@@%*.....*%@@@#...
0x00,0x01,0xcf,0xff,0xff,0xff,0xff,0xff,0xff,0xc0,0x00,0x00,  //...+#@@@@@@@@@@@@@#....
0x00,0x00,0x07,0xff,0xff,0xff,0xff,0xff,0xe7,0x00,0x00,0x00,  //.....*@@@@@@@@@@#*.....
0x00,0x00,0x00,0x06,0xad,0xff,0xfc,0xa5,0x00,0x00,0x00,0x00,  //.......*%#@@@#%*.......


/* R */
0xff,0xff,0xff,0xff,0xfc,0x81,0x00,0x00,0x00,  //@@@@@@@@@#%+......
0xff,0xff,0xff,0xff,0xff,0xff,0x80,0x00,0x00,  //@@@@@@@@@@@@%.....
0xff,0xfb,0xbb,0xbb,0xff,0xff,0xf9,0x00,0x00,  //@@@%%%%%@@@@@%....
0xff,0xf0,0x00,0x00,0x03,0xcf,0xff,0x30,0x00,  //@@@......*#@@@*...
0xff,0xf0,0x00,0x00,0x00,0x0c,0xff,0xa0,0x00,  //@@@........#@@%...
0xff,0xf0,0x00,0x00,0x00,0x04,0xff,0xe0,0x00,  //@@@........*@@#...
0xff,0xf0,0x00,0x00,0x00,0x00,0xff,0xf0,0x00,  //@@@.........@@@...
0xff,0xf0,0x00,0x00,0x00,0x00,0xff,0xf0,0x00,  //@@@.........@@@...
0xff,0xf0,0x00,0x00,0x00,0x02,0xff,0xc0,0x00,  //@@@........+@@#...
0xff,0xf0,0x00,0x00,0x00,0x07,0xff,0x80,0x00,  //@@@........*@@%...
0xff,0xf0,0x00,0x00,0x00,0x5f,0xff,0x10,0x00,  //@@@.......*@@@+...
0xff,0xf0,0x00,0x00,0x29,0xff,0xf5,0x00,0x00,  //@@@.....+%@@@*....
0xff,0xff,0xff,0xff,0xff,0xfe,0x40,0x00,0x00,  //@@@@@@@@@@@#*.....
0xff,0xff,0xff,0xff,0xfd,0x50,0x00,0x00,0x00,  //@@@@@@@@@#*.......
0xff,0xfb,0xbb,0xff,0xff,0x80,0x00,0x00,0x00,  //@@@%%%@@@@%.......
0xff,0xf0,0x00,0x06,0xff,0xf9,0x00,0x00,0x00,  //@@@....*@@@%......
0xff,0xf0,0x00,0x00,0x5f,0xff,0x60,0x00,0x00,  //@@@.....*@@@*.....
0xff,0xf0,0x00,0x00,0x08,0xff,0xe1,0x00,0x00,  //@@@......%@@#+....
0xff,0xf0,0x00,0x00,0x00,0xdf,0xfb,0x00,0x00,  //@@@.......#@@%....
0xff,0xf0,0x00,0x00,0x00,0x4f,0xff,0x60,0x00,  //@@@.......*@@@*...
0xff,0xf0,0x00,0x00,0x00,0x0b,0xff,0xe0,0x00,  //@@@........%@@#...
0xff,0xf0,0x00,0x00,0x00,0x01,0xff,0xfa,0x00,  //@@@........+@@@%..
0xff,0xf0,0x00,0x00,0x00,0x00,0x7f,0xff,0x40,  //@@@.........*@@@*.
0xff,0xf0,0x00,0x00,0x00,0x00,0x0d,0xff,0xe0,  //@@@..........#@@#.
0xff,0xf0,0x00,0x00,0x00,0x00,0x04,0xff,0xfa,  //@@@..........*@@@%


/* S */
0x00,0x00,0x49,0xcf,0xff,0xfc,0xa6,0x00,  //....*%#@@@@#%*.
0x00,0x3d,0xff,0xff,0xff,0xff,0xff,0x00,  //..*#@@@@@@@@@@.
0x05,0xff,0xff,0xfe,0xbf,0xff,0xff,0x00,  //.*@@@@@#%@@@@@.
0x2f,0xff,0xb4,0x00,0x00,0x03,0x8e,0x00,  //+@@@%*.....*%#.
0x9f,0xf9,0x00,0x00,0x00,0x00,0x00,0x00,  //%@@%...........
0xef,0xf1,0x00,0x00,0x00,0x00,0x00,0x00,  //#@@+...........
0xff,0xf0,0x00,0x00,0x00,0x00,0x00,0x00,  //@@@............
0xef,0xf3,0x00,0x00,0x00,0x00,0x00,0x00,  //#@@*...........
0xaf,0xfc,0x00,0x00,0x00,0x00,0x00,0x00,  //%@@#...........
0x3f,0xff,0xd4,0x00,0x00,0x00,0x00,0x00,  //*@@@#*.........
0x05,0xff,0xff,0xb3,0x00,0x00,0x00,0x00,  //.*@@@@%*.......
0x00,0x5e,0xff,0xff,0xc5,0x00,0x00,0x00,  //..*#@@@@#*.....
0x00,0x00,0x9f,0xff,0xff,0xb2,0x00,0x00,  //....%@@@@@%+...
0x00,0x00,0x01,0x9f,0xff,0xff,0x50,0x00,  //.....+%@@@@@*..
0x00,0x00,0x00,0x01,0x9f,0xff,0xf7,0x00,  //.......+%@@@@*.
0x00,0x00,0x00,0x00,0x02,0xcf,0xff,0x30,  //.........+#@@@*
0x00,0x00,0x00,0x00,0x00,0x0c,0xff,0xa0,  //...........#@@%
0x00,0x00,0x00,0x00,0x00,0x02,0xff,0xe0,  //...........+@@#
0x00,0x00,0x00,0x00,0x00,0x00,0xff,0xf0,  //............@@@
0x00,0x00,0x00,0x00,0x00,0x00,0xff,0xe0,  //............@@#
0xc2,0x00,0x00,0x00,0x00,0x07,0xff,0xa0,  //#+.........*@@%
0xff,0xb5,0x00,0x00,0x01,0x9f,0xff,0x30,  //@@%*.....+%@@@*
0xff,0xff,0xfe,0xbb,0xff,0xff,0xf8,0x00,  //@@@@@#%%@@@@@%.
0xbf,0xff,0xff,0xff,0xff,0xfe,0x60,0x00,  //%@@@@@@@@@@#*..
0x02,0x6a,0xdf,0xff,0xca,0x50,0x00,0x00,  //.+*%#@@@#%*....


/* T */
0xff,0xff,0xff,0xff,0xff,0xff,0xff,0xff,0xf0,  //@@@@@@@@@@@@@@@@@
0xff,0xff,0xff,0xff,0xff,0xff,0xff,0xff,0xf0,  //@@@@@@@@@@@@@@@@@
0xff,0xff,0xff,0xff,0xff,0xff,0xff,0xff,0xf0,  //@@@@@@@@@@@@@@@@@
0x00,0x00,0x00,0x0f,0xff,0x00,0x00,0x00,0x00,  //.......@@@.......
0x00,0x00,0x00,0x0f,0xff,0x00,0x00,0x00,0x00,  //.......@@@.......
0x00,0x00,0x00,0x0f,0xff,0x00,0x00,0x00,0x00,  //.......@@@.......
0x00,0x00,0x00,0x0f,0xff,0x00,0x00,0x00,0x00,  //.......@@@.......
0x00,0x00,0x00,0x0f,0xff,0x00,0x00,0x00,0x00,  //.......@@@.......
0x00,0x00,0x00,0x0f,0xff,0x00,0x00,0x00,0x00,  //.......@@@.......
0x00,0x00,0x00,0x0f,0xff,0x00,0x00,0x00,0x00,  //.......@@@.......
0x00,0x00,0x00,0x0f,0xff,0x00,0x00,0x00,0x00,  //.......@@@.......
0x00,0x00,0x00,0x0f,0xff,0x00,0x00,0x00,0x00,  //.......@@@.......
0x00,0x00,0x00,0x0f,0xff,0x00,0x00,0x00,0x00,  //.......@@@.......
0x00,0x00,0x00,0x0f,0xff,0x00,0x00,0x00,0x00,  //.......@@@.......
0x00,0x00,0x00,0x0f,0xff,0x00,0x00,0x00,0x00,  //.......@@@.......
0x00,0x00,0x00,0x0f,0xff,0x00,0x00,0x00,0x00,  //.......@@@.......
0x00,0x00,0x00,0x0f,0xff,0x00,0x00,0x00,0x00,  //.......@@@.......
0x00,0x00,0x00,0x0f,0xff,0x00,0x00,0x00,0x00,  //.......@@@.......
0x00,0x00,0x00,0x0f,0xff,0x00,0x00,0x00,0x00,  //.......@@@.......
0x00,0x00,0x00,0x0f,0xff,0x00,0x00,0x00,0x00,  //.......@@@.......
0x00,0x00,0x00,0x0f,0xff,0x00,0x00,0x00,0x00,  //.......@@@.......
0x00,0x00,0x00,0x0f,0xff,0x00,0x00,0x00,0x00,  //.......@@@.......
0x00,0x00,0x00,0x0f,0xff,0x00,0x00,0x00,0x00,  //.......@@@.......
0x00,0x00,0x00,0x0f,0xff,0x00,0x00,0x00,0x00,  //.......@@@.......
0x00,0x00,0x00,0x0f,0xff,0x00,0x00,0x00,0x00,  //.......@@@.......


/* V */
0xcf,0xff,0x10,0x00,0x00,0x00,0x00,0x00,0x00,0x2f,0xfc,  //#@@@+.............+@@#
0x6f,0xff,0x60,0x00,0x00,0x00,0x00,0x00,0x00,0x8f,0xf6,  //*@@@*.............%@@*
0x1f,0xff,0xc0,0x00,0x00,0x00,0x00,0x00,0x00,0xef,0xf1,  //+@@@#.............#@@+
0x0b,0xff,0xf1,0x00,0x00,0x00,0x00,0x00,0x04,0xff,0xb0,  //.%@@@+...........*@@%.
0x05,0xff,0xf6,0x00,0x00,0x00,0x00,0x00,0x09,0xff,0x50,  //.*@@@*...........%@@*.
0x00,0xff,0xfc,0x00,0x00,0x00,0x00,0x00,0x0f,0xff,0x00,  //..@@@#...........@@@..
0x00,0x9f,0xff,0x10,0x00,0x00,0x00,0x00,0x5f,0xf9,0x00,  //..%@@@+.........*@@%..
0x00,0x4f,0xff,0x60,0x00,0x00,0x00,0x00,0xcf,0xf4,0x00,  //..*@@@*.........#@@*..
0x00,0x0e,0xff,0xc0,0x00,0x00,0x00,0x01,0xff,0xe0,0x00,  //...#@@#........+@@#...
0x00,0x09,0xff,0xf1,0x00,0x00,0x00,0x08,0xff,0x90,0x00,  //...%@@@+.......%@@%...
0x00,0x02,0xff,0xf6,0x00,0x00,0x00,0x0d,0xff,0x20,0x00,  //...+@@@*.......#@@+...
0x00,0x00,0xdf,0xfc,0x00,0x00,0x00,0x3f,0xfd,0x00,0x00,  //....#@@#......*@@#....
0x00,0x00,0x7f,0xff,0x10,0x00,0x00,0x9f,0xf7,0x00,0x00,  //....*@@@+.....%@@*....
0x00,0x00,0x1f,0xff,0x60,0x00,0x00,0xef,0xf1,0x00,0x00,  //....+@@@*.....#@@+....
0x00,0x00,0x0c,0xff,0xc0,0x00,0x05,0xff,0xc0,0x00,0x00,  //.....#@@#....*@@#.....
0x00,0x00,0x06,0xff,0xf1,0x00,0x0b,0xff,0x60,0x00,0x00,  //.....*@@@+...%@@*.....
0x00,0x00,0x00,0xff,0xf6,0x00,0x1f,0xff,0x00,0x00,0x00,  //......@@@*..+@@@......
0x00,0x00,0x00,0xaf,0xfc,0x00,0x6f,0xfa,0x00,0x00,0x00,  //......%@@#..*@@%......
0x00,0x00,0x00,0x5f,0xff,0x10,0xdf,0xf5,0x00,0x00,0x00,  //......*@@@+.#@@*......
0x00,0x00,0x00,0x0e,0xff,0x62,0xff,0xe0,0x00,0x00,0x00,  //.......#@@*+@@#.......
0x00,0x00,0x00,0x09,0xff,0xb8,0xff,0x90,0x00,0x00,0x00,  //.......%@@%%@@%.......
0x00,0x00,0x00,0x04,0xff,0xfc,0xff,0x40,0x00,0x00,0x00,  //.......*@@@#@@*.......
0x00,0x00,0x00,0x00,0xdf,0xff,0xfd,0x00,0x00,0x00,0x00,  //........#@@@@#........
0x00,0x00,0x00,0x00,0x8f,0xff,0xf8,0x00,0x00,0x00,0x00,  //........%@@@@%........
0x00,0x00,0x00,0x00,0x2f,0xff,0xf2,0x00,0x00,0x00,0x00,  //........+@@@@+........


/* a */
0x00,0x00,0x6b,0xef,0xfd,0x91,0x00,  //....*%#@@#%+..
0x00,0x6e,0xff,0xff,0xff,0xfe,0x50,  //..*#@@@@@@@#*.
0x00,0xff,0xfd,0x97,0x9e,0xff,0xe1,  //..@@@#%*%#@@#+
0x00,0xfb,0x30,0x00,0x00,0xdf,0xf8,  //..@%*.....#@@%
0x00,0x90,0x00,0x00,0x00,0x5f,0xfb,  //..%.......*@@%
0x00,0x00,0x00,0x00,0x00,0x0f,0xff,  //...........@@@
0x00,0x00,0x00,0x00,0x01,0x3f,0xff,  //.........+*@@@
0x00,0x00,0x57,0xbc,0xff,0xff,0xff,  //....**%#@@@@@@
0x00,0x8f,0xff,0xff,0xff,0xff,0xff,  //..%@@@@@@@@@@@
0x0c,0xff,0xfd,0xa7,0x63,0x1f,0xff,  //.#@@@#%***+@@@
0x7f,0xfc,0x30,0x00,0x00,0x0f,0xff,  //*@@#*......@@@
0xcf,0xf3,0x00,0x00,0x00,0x0f,0xff,  //#@@*.......@@@
0xff,0xf0,0x00,0x00,0x00,0x4f,0xff,  //@@@.......*@@@
0xff,0xf1,0x00,0x00,0x00,0xcf,0xff,  //@@@+......#@@@
0xcf,0xfa,0x00,0x00,0x1c,0xff,0xff,  //#@@%....+#@@@@
0x5f,0xff,0xd9,0x7a,0xff,0x7f,0xff,  //*@@@#%*%@@*@@@
0x09,0xff,0xff,0xff,0xf9,0x0f,0xff,  //.%@@@@@@@%.@@@
0x00,0x4a,0xff,0xfa,0x30,0x0f,0xff,  //..*%@@@%*..@@@


/* e */
0x00,0x00,0x39,0xdf,0xfd,0x91,0x00,0x00,  //....*%#@@#%+...
0x00,0x08,0xff,0xff,0xff,0xff,0x70,0x00,  //...%@@@@@@@@*..
0x00,0x9f,0xff,0xb7,0x8c,0xff,0xf6,0x00,  //..%@@@%*%#@@@*.
0x06,0xff,0xc2,0x00,0x00,0x5f,0xfe,0x00,  //.*@@#+....*@@#.
0x0e,0xfe,0x00,0x00,0x00,0x07,0xff,0x60,  //.#@#.......*@@*
0x6f,0xf7,0x00,0x00,0x00,0x02,0xff,0xb0,  //*@@*.......+@@%
0xbf,0xf1,0x00,0x00,0x00,0x00,0xff,0xe0,  //%@@+........@@#
0xef,0xff,0xff,0xff,0xff,0xff,0xff,0xf0,  //#@@@@@@@@@@@@@@
0xff,0xff,0xff,0xff,0xff,0xff,0xff,0xf0,  //@@@@@@@@@@@@@@@
0xff,0xf7,0x77,0x77,0x77,0x77,0x77,0x70,  //@@@************
0xff,0xf0,0x00,0x00,0x00,0x00,0x00,0x00,  //@@@............
0xbf,0xf3,0x00,0x00,0x00,0x00,0x00,0x00,  //%@@*...........
0x8f,0xf9,0x00,0x00,0x00,0x00,0x00,0x00,  //%@@%...........
0x2f,0xff,0x20,0x00,0x00,0x00,0x00,0x00,  //+@@@+..........
0x0b,0xff,0xe4,0x00,0x00,0x00,0x5d,0x00,  //.%@@#*......*#.
0x00,0xef,0xff,0xd9,0x78,0xbf,0xff,0x00,  //..#@@@#%*%%@@@.
0x00,0x2c,0xff,0xff,0xff,0xff,0xfd,0x00,  //..+#@@@@@@@@@#.
0x00,0x00,0x5a,0xef,0xff,0xb9,0x40,0x00,  //....*%#@@@%%*..


/* h */
0xff,0xf0,0x00,0x00,0x00,0x00,0x00,0x00,  //@@@............
0xff,0xf0,0x00,0x00,0x00,0x00,0x00,0x00,  //@@@............
0xff,0xf0,0x00,0x00,0x00,0x00,0x00,0x00,  //@@@............
0xff,0xf0,0x00,0x00,0x00,0x00,0x00,0x00,  //@@@............
0xff,0xf0,0x00,0x00,0x00,0x00,0x00,0x00,  //@@@............
0xff,0xf0,0x00,0x00,0x00,0x00,0x00,0x00,  //@@@............
0xff,0xf0,0x00,0x00,0x00,0x00,0x00,0x00,  //@@@............
0xff,0xf0,0x00,0x00,0x00,0x00,0x00,0x00,  //@@@............
0xff,0xf0,0x00,0x00,0x00,0x00,0x00,0x00,  //@@@............
0xff,0xf0,0x01,0x9d,0xff,0xd9,0x10,0x00,  //@@@..+%#@@#%+..
0xff,0xf0,0x5f,0xff,0xff,0xff,0xe2,0x00,  //@@@.*@@@@@@@#+.
0xff,0xf5,0xff,0xc9,0xad,0xff,0xfe,0x00,  //@@@*@@#%%#@@@#.
0xff,0xfe,0xe3,0x00,0x00,0x6f,0xff,0x60,  //@@@##*....*@@@*
0xff,0xfe,0x20,0x00,0x00,0x0a,0xff,0xb0,  //@@@#+......%@@%
0xff,0xf7,0x00,0x00,0x00,0x04,0xff,0xe0,  //@@@*.......*@@#
0xff,0xf2,0x00,0x00,0x00,0x00,0xff,0xf0,  //@@@+........@@@
0xff,0xf0,0x00,0x00,0x00,0x00,0xff,0xf0,  //@@@.........@@@
0xff,0xf0,0x00,0x00,0x00,0x00,0xff,0xf0,  //@@@.........@@@
0xff,0xf0,0x00,0x00,0x00,0x00,0xff,0xf0,  //@@@.........@@@
0xff,0xf0,0x00,0x00,0x00,0x00,0xff,0xf0,  //@@@.........@@@
0xff,0xf0,0x00,0x00,0x00,0x00,0xff,0xf0,  //@@@.........@@@
0xff,0xf0,0x00,0x00,0x00,0x00,0xff,0xf0,  //@@@.........@@@
0xff,0xf0,0x00,0x00,0x00,0x00,0xff,0xf0,  //@@@.........@@@
0xff,0xf0,0x00,0x00,0x00,0x00,0xff,0xf0,  //@@@.........@@@
0xff,0xf0,0x00,0x00,0x00,0x00,0xff,0xf0,  //@@@.........@@@
0xff,0xf0,0x00,0x00,0x00,0x00,0xff,0xf0,  //@@@.........@@@
0xff,0xf0,0x00,0x00,0x00,0x00,0xff,0xf0,  //@@@.........@@@


/* l */
0xff,0xf0,  //@@@
0xff,0xf0,  //@@@
0xff,0xf0,  //@@@
0xff,0xf0,  //@@@
0xff,0xf0,  //@@@
0xff,0xf0,  //@@@
0xff,0xf0,  //@@@
0xff,0xf0,  //@@@
0xff,0xf0,  //@@@
0xff,0xf0,  //@@@
0xff,0xf0,  //@@@
0xff,0xf0,  //@@@
0xff,0xf0,  //@@@
0xff,0xf0,  //@@@
0xff,0xf0,  //@@@
0xff,0xf0,  //@@@
0xff,0xf0,  //@@@
0xff,0xf0,  //@@@
0xff,0xf0,  //@@@
0xff,0xf0,  //@@@
0xff,0xf0,  //@@@
0xff,0xf0,  //@@@
0xff,0xf0,  //@@@
0xff,0xf0,  //@@@
0xff,0xf0,  //@@@
0xff,0xf0,  //@@@
0xff,0xf0,  //@@@


/* o */
0x00,0x00,0x16,0xbf,0xff,0xd9,0x30,0x00,0x00,  //....+*%@@@#%*....
0x00,0x07,0xff,0xff,0xff,0xff,0xfb,0x00,0x00,  //...*@@@@@@@@@%...
0x00,0x9f,0xff,0xeb,0x7b,0xdf,0xff,0xc0,0x00,  //..%@@@#%*%#@@@#..
0x07,0xff,0xf7,0x00,0x00,0x04,0xef,0xfa,0x00,  //.*@@@*.....*#@@%.
0x0e,0xff,0x50,0x00,0x00,0x00,0x2f,0xff,0x20,  //.#@@*.......+@@@+
0x6f,0xfb,0x00,0x00,0x00,0x00,0x09,0xff,0x80,  //*@@%.........%@@%
0xbf,0xf5,0x00,0x00,0x00,0x00,0x04,0xff,0xb0,  //%@@*.........*@@%
0xef,0xf1,0x00,0x00,0x00,0x00,0x00,0xff,0xf0,  //#@@+..........@@@
0xff,0xf0,0x00,0x00,0x00,0x00,0x00,0xff,0xf0,  //@@@...........@@@
0xff,0xf0,0x00,0x00,0x00,0x00,0x00,0xff,0xf0,  //@@@...........@@@
0xff,0xf0,0x00,0x00,0x00,0x00,0x00,0xff,0xe0,  //@@@...........@@#
0xbf,0xf4,0x00,0x00,0x00,0x00,0x04,0xff,0xb0,  //%@@*.........*@@%
0x8f,0xfb,0x00,0x00,0x00,0x00,0x09,0xff,0x60,  //%@@%.........%@@*
0x1f,0xff,0x50,0x00,0x00,0x00,0x2f,0xfe,0x00,  //+@@@*.......+@@#.
0x08,0xff,0xf6,0x00,0x00,0x04,0xef,0xf7,0x00,  //.%@@@*.....*#@@*.
0x00,0xcf,0xff,0xeb,0x7b,0xdf,0xff,0x90,0x00,  //..#@@@#%*%#@@@%..
0x00,0x08,0xff,0xff,0xff,0xff,0xf7,0x00,0x00,  //...%@@@@@@@@@*...
0x00,0x00,0x28,0xcf,0xff,0xb8,0x10,0x00,0x00,  //....+%#@@@%%+....


/* r */
0xff,0xf0,0x03,0xaf,0xff,  //@@@..*%@@@
0xff,0xf0,0x5f,0xff,0xff,  //@@@.*@@@@@
0xff,0xf3,0xff,0xff,0xff,  //@@@*@@@@@@
0xff,0xfb,0xf7,0x00,0x00,  //@@@%@*....
0xff,0xff,0x50,0x00,0x00,  //@@@@*.....
0xff,0xfb,0x00,0x00,0x00,  //@@@%......
0xff,0xf5,0x00,0x00,0x00,  //@@@*......
0xff,0xf1,0x00,0x00,0x00,  //@@@+......
0xff,0xf0,0x00,0x00,0x00,  //@@@.......
0xff,0xf0,0x00,0x00,0x00,  //@@@.......
0xff,0xf0,0x00,0x00,0x00,  //@@@.......
0xff,0xf0,0x00,0x00,0x00,  //@@@.......
0xff,0xf0,0x00,0x00,0x00,  //@@@.......
0xff,0xf0,0x00,0x00,0x00,  //@@@.......
0xff,0xf0,0x00,0x00,0x00,  //@@@.......
0xff,0xf0,0x00,0x00,0x00,  //@@@.......
0xff,0xf0,0x00,0x00,0x00,  //@@@.......
0xff,0xf0,0x00,0x00,0x00,  //@@@.......


/* s */
0x00,0x06,0xbe,0xff,0xd9,0x30,  //...*%#@@#%*.
0x03,0xef,0xff,0xff,0xff,0xf0,  //.*#@@@@@@@@.
0x2f,0xff,0xd9,0x79,0xcf,0xf0,  //+@@@#%*%#@@.
0xaf,0xf9,0x00,0x00,0x01,0xa0,  //%@@%.....+%.
0xff,0xf0,0x00,0x00,0x00,0x00,  //@@@.........
0xff,0xf1,0x00,0x00,0x00,0x00,  //@@@+........
0xcf,0xfc,0x10,0x00,0x00,0x00,  //#@@#+.......
0x4f,0xff,0xfa,0x40,0x00,0x00,  //*@@@@%*.....
0x05,0xef,0xff,0xfe,0x70,0x00,  //.*#@@@@#*...
0x00,0x07,0xef,0xff,0xfe,0x50,  //...*#@@@@#*.
0x00,0x00,0x04,0xaf,0xff,0xf4,  //.....*%@@@@*
0x00,0x00,0x00,0x01,0xcf,0xfc,  //.......+#@@#
0x00,0x00,0x00,0x00,0x1f,0xff,  //........+@@@
0x00,0x00,0x00,0x00,0x0f,0xff,  //.........@@@
0xb3,0x00,0x00,0x00,0x7f,0xfa,  //%*......*@@%
0xff,0xeb,0x77,0x9d,0xff,0xf2,  //@@#%**%#@@@+
0xff,0xff,0xff,0xff,0xfd,0x30,  //@@@@@@@@@#*.
0x5a,0xcf,0xff,0xea,0x50,0x00,  //*%#@@@#%*...


/* 件 */
0x00,0x00,0x00,0x00,0x00,0x00,0x00,0x00,0x00,0x00,0x00,0x00,0x00,0x00,0x00,0x00,  //................................
0x00,0x00,0x00,0x02,0xc5,0x00,0x00,0x00,0x00,0x00,0x0f,0xf0,0x00,0x00,0x00,0x00,  //.......+#*...........@@.........
0x00,0x00,0x00,0x08,0xfa,0x00,0x00,0x1c,0x60,0x00,0x0f,0xf0,0x00,0x00,0x00,0x00,  //.......%@%....+#*....@@.........
0x00,0x00,0x00,0x0e,0xf3,0x00,0x00,0x6f,0xa0,0x00,0x0f,0xf0,0x00,0x00,0x00,0x00,  //.......#@*....*@%....@@.........
0x00,0x00,0x00,0x5f,0xb0,0x00,0x00,0xaf,0x30,0x00,0x0f,0xf0,0x00,0x00,0x00,0x00,  //......*@%.....%@*....@@.........
0x00,0x00,0x00,0xdf,0x50,0x00,0x00,0xfd,0x00,0x00,0x0f,0xf0,0x00,0x00,0x00,0x00,  //......#@*.....@#.....@@.........
0x00,0x00,0x05,0xfc,0x00,0x00,0x06,0xff,0xff,0xff,0xff,0xff,0xff,0xff,0xff,0xf0,  //.....*@#.....*@@@@@@@@@@@@@@@@@.
0x00,0x00,0x0d,0xf3,0x00,0x00,0x0d,0xff,0xff,0xff,0xff,0xff,0xff,0xff,0xff,0xf0,  //.....#@*.....#@@@@@@@@@@@@@@@@@.
0x00,0x00,0x5f,0xf0,0x00,0x00,0x4f,0xa3,0x33,0x33,0x3f,0xf3,0x33,0x33,0x33,0x30,  //....*@@.....*@%******@@********.
0x00,0x00,0xef,0xf0,0x00,0x00,0xbf,0x40,0x00,0x00,0x0f,0xf0,0x00,0x00,0x00,0x00,  //....#@@.....%@*......@@.........
0x00,0x08,0xff,0xf0,0x00,0x04,0xfd,0x00,0x00,0x00,0x0f,0xf0,0x00,0x00,0x00,0x00,  //...%@@@....*@#.......@@.........
0x00,0x3f,0xff,0xf0,0x00,0x0d,0xf6,0x00,0x00,0x00,0x0f,0xf0,0x00,0x00,0x00,0x00,  //..*@@@@....#@*.......@@.........
0x00,0xdf,0xef,0xf0,0x00,0x7f,0xe0,0x00,0x00,0x00,0x0f,0xf0,0x00,0x00,0x00,0x00,  //..#@#@@...*@#........@@.........
0x09,0xff,0x4f,0xf0,0x00,0xaf,0x70,0x00,0x00,0x00,0x0f,0xf0,0x00,0x00,0x00,0x00,  //.%@@*@@...%@*........@@.........
0x5f,0xfa,0x0f,0xf0,0x00,0x08,0x00,0x00,0x00,0x00,0x0f,0xf0,0x00,0x00,0x00,0x00,  //*@@%.@@....%.........@@.........
0xdf,0xe0,0x0f,0xf0,0x00,0x00,0x00,0x00,0x00,0x00,0x0f,0xf0,0x00,0x00,0x00,0x00,  //#@#..@@..............@@.........
0x5f,0x40,0x0f,0xf0,0x00,0x00,0x00,0x00,0x00,0x00,0x0f,0xf0,0x00,0x00,0x00,0x00,  //*@*..@@..............@@.........
0x08,0x00,0x0f,0xf0,0x00,0xff,0xff,0xff,0xff,0xff,0xff,0xff,0xff,0xff,0xff,0xff,  //.%...@@...@@@@@@@@@@@@@@@@@@@@@@
0x00,0x00,0x0f,0xf0,0x00,0xff,0xff,0xff,0xff,0xff,0xff,0xff,0xff,0xff,0xff,0xff,  //.....@@...@@@@@@@@@@@@@@@@@@@@@@
0x00,0x00,0x0f,0xf0,0x00,0x33,0x33,0x33,0x33,0x33,0x3f,0xf3,0x33,0x33,0x33,0x33,  //.....@@...***********@@*********
0x00,0x00,0x0f,0xf0,0x00,0x00,0x00,0x00,0x00,0x00,0x0f,0xf0,0x00,0x00,0x00,0x00,  //.....@@..............@@.........
0x00,0x00,0x0f,0xf0,0x00,0x00,0x00,0x00,0x00,0x00,0x0f,0xf0,0x00,0x00,0x00,0x00,  //.....@@..............@@.........
0x00,0x00,0x0f,0xf0,0x00,0x00,0x00,0x00,0x00,0x00,0x0f,0xf0,0x00,0x00,0x00,0x00,  //.....@@..............@@.........
0x00,0x00,0x0f,0xf0,0x00,0x00,0x00,0x00,0x00,0x00,0x0f,0xf0,0x00,0x00,0x00,0x00,  //.....@@..............@@.........
0x00,0x00,0x0f,0xf0,0x00,0x00,0x00,0x00,0x00,0x00,0x0f,0xf0,0x00,0x00,0x00,0x00,  //.....@@..............@@.........
0x00,0x00,0x0f,0xf0,0x00,0x00,0x00,0x00,0x00,0x00,0x0f,0xf0,0x00,0x00,0x00,0x00,  //.....@@..............@@.........
0x00,0x00,0x0f,0xf0,0x00,0x00,0x00,0x00,0x00,0x00,0x0f,0xf0,0x00,0x00,0x00,0x00,  //.....@@..............@@.........
0x00,0x00,0x0f,0xf0,0x00,0x00,0x00,0x00,0x00,0x00,0x0f,0xf0,0x00,0x00,0x00,0x00,  //.....@@..............@@.........
0x00,0x00,0x0f,0xf0,0x00,0x00,0x00,0x00,0x00,0x00,0x0f,0xf0,0x00,0x00,0x00,0x00,  //.....@@..............@@.........


/* 储 */
0x00,0x00,0x01,0xda,0x00,0x00,0x00,0x00,0x00,0x00,0xff,0x00,0x00,0x00,0x00,0x00,  //.....+#%............@@..........
0x00,0x00,0x04,0xfb,0x03,0xc0,0x00,0x00,0x00,0x00,0xff,0x00,0x00,0x00,0x00,0x00,  //.....*@%.*#.........@@..........
0x00,0x00,0x08,0xf6,0x0b,0xf9,0x00,0x00,0x00,0x00,0xff,0x00,0x00,0x00,0x00,0xb3,  //.....%@*.%@%........@@........%*
0x00,0x00,0x0d,0xf2,0x01,0xff,0x30,0x00,0x00,0x00,0xff,0x00,0x00,0x00,0x08,0xfb,  //.....#@+.+@@*.......@@.......%@%
0x00,0x00,0x1f,0xd0,0x00,0x9f,0xb0,0x0f,0xff,0xff,0xff,0xff,0xff,0xf0,0x2f,0xe1,  //....+@#...%@%..@@@@@@@@@@@@.+@#+
0x00,0x00,0x6f,0x80,0x00,0x0e,0xf4,0x0f,0xff,0xff,0xff,0xff,0xff,0xf0,0xcf,0x50,  //....*@%....#@*.@@@@@@@@@@@@.#@*.
0x00,0x00,0xcf,0x20,0x00,0x07,0xfc,0x00,0x00,0x00,0xff,0x00,0x00,0x08,0xf9,0x00,  //....#@+....*@#......@@.....%@%..
0x00,0x01,0xff,0x00,0x00,0x00,0xb2,0x00,0x00,0x00,0xff,0x00,0x00,0x3f,0xc0,0x00,  //...+@@......%+......@@....*@#...
0x00,0x08,0xff,0x00,0x00,0x00,0x00,0x00,0x00,0x00,0xff,0x00,0x01,0xee,0x10,0x00,  //...%@@..............@@...+##+...
0x00,0x0e,0xff,0x00,0x00,0x00,0x00,0x00,0x00,0x00,0xff,0x00,0x0c,0xe2,0x00,0x00,  //...#@@..............@@...##+....
0x00,0x5f,0xff,0x0f,0xff,0xff,0x00,0x00,0x00,0x00,0xff,0x00,0xce,0x20,0x00,0x00,  //..*@@@.@@@@@........@@..##+.....
0x00,0xdf,0xff,0x0f,0xff,0xff,0x00,0xff,0xff,0xff,0xff,0xff,0xff,0xff,0xff,0xff,  //..#@@@.@@@@@..@@@@@@@@@@@@@@@@@@
0x05,0xfe,0xff,0x03,0x33,0xff,0x00,0xff,0xff,0xff,0xff,0xff,0xff,0xff,0xff,0xff,  //.*@#@@.***@@..@@@@@@@@@@@@@@@@@@
0x0d,0xf9,0xff,0x00,0x00,0xff,0x00,0x00,0x00,0x00,0x5e,0xfb,0x00,0x00,0x00,0x00,  //.#@%@@....@@........*#@%........
0x7f,0xe1,0xff,0x00,0x00,0xff,0x00,0x00,0x00,0x08,0xff,0x90,0x00,0x00,0x00,0x00,  //*@#+@@....@@.......%@@%.........
0xdf,0x70,0xff,0x00,0x00,0xff,0x00,0x00,0x03,0xdf,0xf6,0x00,0x00,0x00,0x00,0x00,  //#@*.@@....@@.....*#@@*..........
0x7e,0x00,0xff,0x00,0x00,0xff,0x00,0x00,0x9f,0xff,0xff,0xff,0xff,0xff,0xff,0x00,  //*#..@@....@@....%@@@@@@@@@@@@@..
0x15,0x00,0xff,0x00,0x00,0xff,0x00,0x7e,0xff,0xff,0xff,0xff,0xff,0xff,0xff,0x00,  //+*..@@....@@..*#@@@@@@@@@@@@@@..
0x00,0x00,0xff,0x00,0x00,0xff,0x0b,0xff,0xd5,0xff,0x00,0x00,0x00,0x00,0xff,0x00,  //....@@....@@.%@@#*@@........@@..
0x00,0x00,0xff,0x00,0x00,0xff,0x01,0xc5,0x00,0xff,0x00,0x00,0x00,0x00,0xff,0x00,  //....@@....@@.+#*..@@........@@..
0x00,0x00,0xff,0x00,0x00,0xff,0x00,0x00,0x00,0xff,0x00,0x00,0x00,0x00,0xff,0x00,  //....@@....@@......@@........@@..
0x00,0x00,0xff,0x00,0x00,0xff,0x00,0x00,0x00,0xff,0xff,0xff,0xff,0xff,0xff,0x00,  //....@@....@@......@@@@@@@@@@@@..
0x00,0x00,0xff,0x00,0x00,0xff,0x00,0x00,0x00,0xff,0xff,0xff,0xff,0xff,0xff,0x00,  //....@@....@@......@@@@@@@@@@@@..
0x00,0x00,0xff,0x00,0x00,0xff,0x00,0x38,0x00,0xff,0x00,0x00,0x00,0x00,0xff,0x00,  //....@@....@@..*%..@@........@@..
0x00,0x00,0xff,0x00,0x00,0xff,0x19,0xfd,0x00,0xff,0x00,0x00,0x00,0x00,0xff,0x00,  //....@@....@@+%@#..@@........@@..
0x00,0x00,0xff,0x00,0x00,0xff,0xef,0xfe,0x00,0xff,0x00,0x00,0x00,0x00,0xff,0x00,  //....@@....@@#@@#..@@........@@..
0x00,0x00,0xff,0x00,0x07,0xff,0xfe,0x70,0x00,0xff,0x00,0x00,0x00,0x00,0xff,0x00,  //....@@...*@@@#*...@@........@@..
0x00,0x00,0xff,0x00,0x0b,0xff,0xa1,0x00,0x00,0xff,0xff,0xff,0xff,0xff,0xff,0x00,  //....@@...%@@%+....@@@@@@@@@@@@..
0x00,0x00,0xff,0x00,0x00,0xc3,0x00,0x00,0x00,0xff,0xff,0xff,0xff,0xff,0xff,0x00,  //....@@....#*......@@@@@@@@@@@@..
0x00,0x00,0xff,0x00,0x00,0x00,0x00,0x00,0x00,0xff,0x00,0x00,0x00,0x00,0xff,0x00,  //....@@............@@........@@..
0x00,0x00,0xff,0x00,0x00,0x00,0x00,0x00,0x00,0xff,0x00,0x00,0x00,0x00,0xff,0x00,  //....@@............@@........@@..


/* 内 */
0x00,0x00,0x00,0x00,0x00,0x00,0xff,0x00,0x00,0x00,0x00,0x00,0x00,  //............@@............
0x00,0x00,0x00,0x00,0x00,0x00,0xff,0x00,0x00,0x00,0x00,0x00,0x00,  //............@@............
0x00,0x00,0x00,0x00,0x00,0x00,0xff,0x00,0x00,0x00,0x00,0x00,0x00,  //............@@............
0x00,0x00,0x00,0x00,0x00,0x00,0xff,0x00,0x00,0x00,0x00,0x00,0x00,  //............@@............
0x00,0x00,0x00,0x00,0x00,0x00,0xff,0x00,0x00,0x00,0x00,0x00,0x00,  //............@@............
0x00,0x00,0x00,0x00,0x00,0x00,0xff,0x00,0x00,0x00,0x00,0x00,0x00,  //............@@............
0xff,0xff,0xff,0xff,0xff,0xff,0xff,0xff,0xff,0xff,0xff,0xff,0xff,  //@@@@@@@@@@@@@@@@@@@@@@@@@@
0xff,0xff,0xff,0xff,0xff,0xff,0xff,0xff,0xff,0xff,0xff,0xff,0xff,  //@@@@@@@@@@@@@@@@@@@@@@@@@@
0xff,0x77,0x77,0x77,0x77,0x77,0xff,0x77,0x77,0x77,0x77,0x77,0xff,  //@@**********@@**********@@
0xff,0x00,0x00,0x00,0x00,0x02,0xfc,0x00,0x00,0x00,0x00,0x00,0xff,  //@@.........+@#..........@@
0xff,0x00,0x00,0x00,0x00,0x03,0xfb,0x00,0x00,0x00,0x00,0x00,0xff,  //@@.........*@%..........@@
0xff,0x00,0x00,0x00,0x00,0x06,0xf9,0x00,0x00,0x00,0x00,0x00,0xff,  //@@.........*@%..........@@
0xff,0x00,0x00,0x00,0x00,0x09,0xf6,0x00,0x00,0x00,0x00,0x00,0xff,  //@@.........%@*..........@@
0xff,0x00,0x00,0x00,0x00,0x0e,0xf4,0x00,0x00,0x00,0x00,0x00,0xff,  //@@.........#@*..........@@
0xff,0x00,0x00,0x00,0x00,0x5f,0xfe,0x50,0x00,0x00,0x00,0x00,0xff,  //@@........*@@#*.........@@
0xff,0x00,0x00,0x00,0x00,0xdf,0xff,0xf7,0x00,0x00,0x00,0x00,0xff,  //@@........#@@@@*........@@
0xff,0x00,0x00,0x00,0x08,0xff,0x2c,0xff,0x90,0x00,0x00,0x00,0xff,  //@@.......%@@+#@@%.......@@
0xff,0x00,0x00,0x00,0x5f,0xf7,0x00,0xbf,0xfc,0x00,0x00,0x00,0xff,  //@@......*@@*..%@@#......@@
0xff,0x00,0x00,0x07,0xff,0xb0,0x00,0x09,0xff,0xd2,0x00,0x00,0xff,  //@@.....*@@%....%@@#+....@@
0xff,0x00,0x00,0xaf,0xfc,0x00,0x00,0x00,0x9f,0xfe,0x20,0x00,0xff,  //@@....%@@#......%@@#+...@@
0xff,0x00,0x5e,0xff,0xc0,0x00,0x00,0x00,0x07,0xff,0xe5,0x00,0xff,  //@@..*#@@#........*@@#*..@@
0xff,0x5d,0xff,0xf9,0x00,0x00,0x00,0x00,0x00,0x5f,0xff,0x50,0xff,  //@@*#@@@%..........*@@@*.@@
0xff,0x6f,0xfe,0x40,0x00,0x00,0x00,0x00,0x00,0x05,0xff,0x90,0xff,  //@@*@@#*............*@@%.@@
0xff,0x09,0x90,0x00,0x00,0x00,0x00,0x00,0x00,0x00,0x59,0x00,0xff,  //@@.%%...............*%..@@
0xff,0x00,0x00,0x00,0x00,0x00,0x00,0x00,0x00,0x00,0x00,0x00,0xff,  //@@......................@@
0xff,0x00,0x00,0x00,0x00,0x00,0x00,0x00,0x00,0x00,0x00,0x00,0xff,  //@@......................@@
0xff,0x00,0x00,0x00,0x00,0x00,0x00,0x00,0x00,0x00,0x00,0x00,0xff,  //@@......................@@
0xff,0x00,0x00,0x00,0x00,0x00,0x00,0x00,0x00,0x00,0x00,0x09,0xff,  //@@.....................%@@
0xff,0x00,0x00,0x00,0x00,0x00,0x00,0x00,0xad,0xff,0xff,0xff,0xfc,  //@@..............%#@@@@@@@#
0xff,0x00,0x00,0x00,0x00,0x00,0x00,0x00,0xbf,0xff,0xff,0xff,0xf4,  //@@..............%@@@@@@@@*
0xff,0x00,0x00,0x00,0x00,0x00,0x00,0x00,0x7f,0xff,0xff,0xfc,0x40,  //@@..............*@@@@@@#*.


/* 卡 */
0x00,0x00,0x00,0x00,0x00,0x00,0x0f,0xf0,0x00,0x00,0x00,0x00,0x00,0x00,0x00,0x00,  //.............@@................
0x00,0x00,0x00,0x00,0x00,0x00,0x0f,0xf0,0x00,0x00,0x00,0x00,0x00,0x00,0x00,0x00,  //.............@@................
0x00,0x00,0x00,0x00,0x00,0x00,0x0f,0xf0,0x00,0x00,0x00,0x00,0x00,0x00,0x00,0x00,  //.............@@................
0x00,0x00,0x00,0x00,0x00,0x00,0x0f,0xf0,0x00,0x00,0x00,0x00,0x00,0x00,0x00,0x00,  //.............@@................
0x00,0x00,0x00,0x00,0x00,0x00,0x0f,0xff,0xff,0xff,0xff,0xff,0xff,0xff,0xf0,0x00,  //.............@@@@@@@@@@@@@@@@..
0x00,0x00,0x00,0x00,0x00,0x00,0x0f,0xff,0xff,0xff,0xff,0xff,0xff,0xff,0xf0,0x00,  //.............@@@@@@@@@@@@@@@@..
0x00,0x00,0x00,0x00,0x00,0x00,0x0f,0xf7,0x77,0x77,0x77,0x77,0x77,0x77,0x70,0x00,  //.............@@**************..
0x00,0x00,0x00,0x00,0x00,0x00,0x0f,0xf0,0x00,0x00,0x00,0x00,0x00,0x00,0x00,0x00,  //.............@@................
0x00,0x00,0x00,0x00,0x00,0x00,0x0f,0xf0,0x00,0x00,0x00,0x00,0x00,0x00,0x00,0x00,  //.............@@................
0x00,0x00,0x00,0x00,0x00,0x00,0x0f,0xf0,0x00,0x00,0x00,0x00,0x00,0x00,0x00,0x00,  //.............@@................
0x00,0x00,0x00,0x00,0x00,0x00,0x0f,0xf0,0x00,0x00,0x00,0x00,0x00,0x00,0x00,0x00,  //.............@@................
0x00,0x00,0x00,0x00,0x00,0x00,0x0f,0xf0,0x00,0x00,0x00,0x00,0x00,0x00,0x00,0x00,  //.............@@................
0xff,0xff,0xff,0xff,0xff,0xff,0xff,0xff,0xff,0xff,0xff,0xff,0xff,0xff,0xff,0xf0,  //@@@@@@@@@@@@@@@@@@@@@@@@@@@@@@@
0xff,0xff,0xff,0xff,0xff,0xff,0xff,0xff,0xff,0xff,0xff,0xff,0xff,0xff,0xff,0xf0,  //@@@@@@@@@@@@@@@@@@@@@@@@@@@@@@@
0x77,0x77,0x77,0x77,0x77,0x77,0x77,0x77,0x77,0x77,0x77,0x77,0x77,0x77,0x77,0x70,  //*******************************
0x00,0x00,0x00,0x00,0x00,0x00,0x00,0x00,0x00,0x00,0x00,0x00,0x00,0x00,0x00,0x00,  //...............................
0x00,0x00,0x00,0x00,0x00,0x00,0x0f,0xf0,0x00,0x00,0x00,0x00,0x00,0x00,0x00,0x00,  //.............@@................
0x00,0x00,0x00,0x00,0x00,0x00,0x0f,0xf2,0xc5,0x00,0x00,0x00,0x00,0x00,0x00,0x00,  //.............@@+#*.............
0x00,0x00,0x00,0x00,0x00,0x00,0x0f,0xfc,0xff,0xd5,0x00,0x00,0x00,0x00,0x00,0x00,  //.............@@#@@#*...........
0x00,0x00,0x00,0x00,0x00,0x00,0x0f,0xf5,0xdf,0xff,0xd5,0x00,0x00,0x00,0x00,0x00,  //.............@@*#@@@#*.........
0x00,0x00,0x00,0x00,0x00,0x00,0x0f,0xf0,0x05,0xdf,0xff,0xd3,0x00,0x00,0x00,0x00,  //.............@@..*#@@@#*.......
0x00,0x00,0x00,0x00,0x00,0x00,0x0f,0xf0,0x00,0x07,0xef,0xff,0xb2,0x00,0x00,0x00,  //.............@@....*#@@@%+.....
0x00,0x00,0x00,0x00,0x00,0x00,0x0f,0xf0,0x00,0x00,0x07,0xff,0xff,0x90,0x00,0x00,  //.............@@......*@@@@%....
0x00,0x00,0x00,0x00,0x00,0x00,0x0f,0xf0,0x00,0x00,0x00,0x1a,0xff,0xfe,0x60,0x00,  //.............@@.......+%@@@#*..
0x00,0x00,0x00,0x00,0x00,0x00,0x0f,0xf0,0x00,0x00,0x00,0x00,0x3d,0xff,0x70,0x00,  //.............@@.........*#@@*..
0x00,0x00,0x00,0x00,0x00,0x00,0x0f,0xf0,0x00,0x00,0x00,0x00,0x00,0x79,0x00,0x00,  //.............@@...........*%...
0x00,0x00,0x00,0x00,0x00,0x00,0x0f,0xf0,0x00,0x00,0x00,0x00,0x00,0x00,0x00,0x00,  //.............@@................
0x00,0x00,0x00,0x00,0x00,0x00,0x0f,0xf0,0x00,0x00,0x00,0x00,0x00,0x00,0x00,0x00,  //.............@@................
0x00,0x00,0x00,0x00,0x00,0x00,0x0f,0xf0,0x00,0x00,0x00,0x00,0x00,0x00,0x00,0x00,  //.............@@................
0x00,0x00,0x00,0x00,0x00,0x00,0x0f,0xf0,0x00,0x00,0x00,0x00,0x00,0x00,0x00,0x00,  //.............@@................


/* 号 */
0x00,0x00,0x0f,0xff,0xff,0xff,0xff,0xff,0xff,0xff,0xff,0xff,0xff,0xf0,0x00,0x00,  //.....@@@@@@@@@@@@@@@@@@@@@@.....
0x00,0x00,0x0f,0xff,0xff,0xff,0xff,0xff,0xff,0xff,0xff,0xff,0xff,0xf0,0x00,0x00,  //.....@@@@@@@@@@@@@@@@@@@@@@.....
0x00,0x00,0x0f,0xf3,0x33,0x33,0x33,0x33,0x33,0x33,0x33,0x33,0x3f,0xf0,0x00,0x00,  //.....@@******************@@.....
0x00,0x00,0x0f,0xf0,0x00,0x00,0x00,0x00,0x00,0x00,0x00,0x00,0x0f,0xf0,0x00,0x00,  //.....@@..................@@.....
0x00,0x00,0x0f,0xf0,0x00,0x00,0x00,0x00,0x00,0x00,0x00,0x00,0x0f,0xf0,0x00,0x00,  //.....@@..................@@.....
0x00,0x00,0x0f,0xf0,0x00,0x00,0x00,0x00,0x00,0x00,0x00,0x00,0x0f,0xf0,0x00,0x00,  //.....@@..................@@.....
0x00,0x00,0x0f,0xf0,0x00,0x00,0x00,0x00,0x00,0x00,0x00,0x00,0x0f,0xf0,0x00,0x00,  //.....@@..................@@.....
0x00,0x00,0x0f,0xff,0xff,0xff,0xff,0xff,0xff,0xff,0xff,0xff,0xff,0xf0,0x00,0x00,  //.....@@@@@@@@@@@@@@@@@@@@@@.....
0x00,0x00,0x0f,0xff,0xff,0xff,0xff,0xff,0xff,0xff,0xff,0xff,0xff,0xf0,0x00,0x00,  //.....@@@@@@@@@@@@@@@@@@@@@@.....
0x00,0x00,0x0f,0xf3,0x33,0x33,0x33,0x33,0x33,0x33,0x33,0x33,0x3f,0xf0,0x00,0x00,  //.....@@******************@@.....
0x00,0x00,0x0f,0xf0,0x00,0x00,0x00,0x00,0x00,0x00,0x00,0x00,0x00,0x00,0x00,0x00,  //.....@@.........................
0x00,0x00,0x00,0x00,0x00,0x00,0x00,0x00,0x00,0x00,0x00,0x00,0x00,0x00,0x00,0x00,  //................................
0xff,0xff,0xff,0xff,0xff,0xff,0xff,0xff,0xff,0xff,0xff,0xff,0xff,0xff,0xff,0xff,  //@@@@@@@@@@@@@@@@@@@@@@@@@@@@@@@@
0xff,0xff,0xff,0xff,0xff,0xff,0xff,0xff,0xff,0xff,0xff,0xff,0xff,0xff,0xff,0xff,  //@@@@@@@@@@@@@@@@@@@@@@@@@@@@@@@@
0x33,0x33,0x33,0x3e,0xf4,0x33,0x33,0x33,0x33,0x33,0x33,0x33,0x33,0x33,0x33,0x33,  //*******#@***********************
0x00,0x00,0x00,0x3f,0xb0,0x00,0x00,0x00,0x00,0x00,0x00,0x00,0x00,0x00,0x00,0x00,  //......*@%.......................
0x00,0x00,0x00,0xbf,0x30,0x00,0x00,0x00,0x00,0x00,0x00,0x00,0x00,0x00,0x00,0x00,  //......%@*.......................
0x00,0x00,0x00,0xff,0xff,0xff,0xff,0xff,0xff,0xff,0xff,0xff,0xff,0xf3,0x00,0x00,  //......@@@@@@@@@@@@@@@@@@@@@*....
0x00,0x00,0x00,0xff,0xff,0xff,0xff,0xff,0xff,0xff,0xff,0xff,0xff,0xf0,0x00,0x00,  //......@@@@@@@@@@@@@@@@@@@@@.....
0x00,0x00,0x00,0x33,0x33,0x33,0x33,0x33,0x33,0x33,0x33,0x33,0x3c,0xf0,0x00,0x00,  //......*******************#@.....
0x00,0x00,0x00,0x00,0x00,0x00,0x00,0x00,0x00,0x00,0x00,0x00,0x0e,0xc0,0x00,0x00,  //.........................##.....
0x00,0x00,0x00,0x00,0x00,0x00,0x00,0x00,0x00,0x00,0x00,0x00,0x0f,0xb0,0x00,0x00,  //.........................@%.....
0x00,0x00,0x00,0x00,0x00,0x00,0x00,0x00,0x00,0x00,0x00,0x00,0x3f,0x70,0x00,0x00,  //........................*@*.....
0x00,0x00,0x00,0x00,0x00,0x00,0x00,0x00,0x00,0x00,0x00,0x00,0x8f,0x50,0x00,0x00,  //........................%@*.....
0x00,0x00,0x00,0x00,0x00,0x00,0x00,0x00,0x00,0x00,0x00,0x06,0xff,0x10,0x00,0x00,  //.......................*@@+.....
0x00,0x00,0x00,0x00,0x00,0x00,0xdf,0xff,0xfc,0xbb,0x9b,0xdf,0xf8,0x00,0x00,0x00,  //............#@@@@#%%%%#@@%......
0x00,0x00,0x00,0x00,0x00,0x00,0xaf,0xff,0xff,0xff,0xff,0xff,0xb0,0x00,0x00,0x00,  //............%@@@@@@@@@@@%.......


/* 名 */
0x00,0x00,0x00,0x00,0x00,0x05,0xb3,0x00,0x00,0x00,0x00,0x00,0x00,0x00,0x00,  //...........*%*...............
0x00,0x00,0x00,0x00,0x00,0x2f,0xf9,0x00,0x00,0x00,0x00,0x00,0x00,0x00,0x00,  //..........+@@%...............
0x00,0x00,0x00,0x00,0x02,0xef,0x90,0x00,0x00,0x00,0x00,0x00,0x00,0x00,0x00,  //.........+#@%................
0x00,0x00,0x00,0x00,0x0d,0xff,0xff,0xff,0xff,0xff,0xff,0xff,0xff,0xff,0xf0,  //.........#@@@@@@@@@@@@@@@@@@@
0x00,0x00,0x00,0x00,0xcf,0xff,0xff,0xff,0xff,0xff,0xff,0xff,0xff,0xff,0xf0,  //........#@@@@@@@@@@@@@@@@@@@@
0x00,0x00,0x00,0x1c,0xfe,0x33,0x33,0x33,0x33,0x33,0x33,0x33,0x3c,0xff,0x90,  //......+#@#***************#@@%
0x00,0x00,0x02,0xef,0xe2,0x00,0x00,0x00,0x00,0x00,0x00,0x00,0x9f,0xfa,0x00,  //.....+#@#+..............%@@%.
0x00,0x00,0x4e,0xfe,0x20,0x00,0x00,0x00,0x00,0x00,0x00,0x09,0xff,0xc0,0x00,  //....*#@#+..............%@@#..
0x00,0x08,0xff,0xc1,0x00,0xb2,0x00,0x00,0x00,0x00,0x00,0xaf,0xfc,0x00,0x00,  //...%@@#+..%+..........%@@#...
0x02,0xcf,0xfc,0x00,0x0b,0xfe,0x20,0x00,0x00,0x00,0x0c,0xff,0x90,0x00,0x00,  //.+#@@#...%@#+........#@@%....
0x09,0xff,0x90,0x00,0x05,0xff,0xe0,0x00,0x00,0x02,0xef,0xf7,0x00,0x00,0x00,  //.%@@%....*@@#......+#@@*.....
0x00,0xb5,0x00,0x00,0x00,0x7f,0xfc,0x00,0x00,0x6f,0xfe,0x40,0x00,0x00,0x00,  //..%*......*@@#....*@@#*......
0x00,0x00,0x00,0x00,0x00,0x0a,0xff,0xc0,0x1b,0xff,0xb1,0x00,0x00,0x00,0x00,  //...........%@@#.+%@@%+.......
0x00,0x00,0x00,0x00,0x00,0x00,0xdf,0xfb,0xef,0xe7,0x00,0x00,0x00,0x00,0x00,  //............#@@%#@#*.........
0x00,0x00,0x00,0x00,0x00,0x00,0x2f,0xff,0xfa,0x10,0x00,0x00,0x00,0x00,0x00,  //............+@@@@%+..........
0x00,0x00,0x00,0x00,0x00,0x28,0xef,0xfc,0x30,0x00,0x00,0x00,0x00,0x00,0x00,  //..........+%#@@#*............
0x00,0x00,0x00,0x02,0x6c,0xff,0xfd,0x50,0x00,0x00,0x00,0x00,0x00,0x00,0x00,  //.......+*#@@@#*..............
0x00,0x00,0x48,0xdf,0xff,0xff,0xff,0xff,0xff,0xff,0xff,0xff,0xff,0xff,0xf0,  //....*%#@@@@@@@@@@@@@@@@@@@@@@
0x37,0xbf,0xff,0xff,0xff,0xff,0xff,0xff,0xff,0xff,0xff,0xff,0xff,0xff,0xf0,  //**%@@@@@@@@@@@@@@@@@@@@@@@@@@
0x7f,0xff,0xfe,0xaf,0xf3,0x33,0x33,0x33,0x33,0x33,0x33,0x33,0x33,0x3f,0xf0,  //*@@@@#%@@******************@@
0x0c,0xb7,0x30,0x0f,0xf0,0x00,0x00,0x00,0x00,0x00,0x00,0x00,0x00,0x0f,0xf0,  //.#%**..@@..................@@
0x00,0x00,0x00,0x0f,0xf0,0x00,0x00,0x00,0x00,0x00,0x00,0x00,0x00,0x0f,0xf0,  //.......@@..................@@
0x00,0x00,0x00,0x0f,0xf0,0x00,0x00,0x00,0x00,0x00,0x00,0x00,0x00,0x0f,0xf0,  //.......@@..................@@
0x00,0x00,0x00,0x0f,0xf0,0x00,0x00,0x00,0x00,0x00,0x00,0x00,0x00,0x0f,0xf0,  //.......@@..................@@
0x00,0x00,0x00,0x0f,0xf0,0x00,0x00,0x00,0x00,0x00,0x00,0x00,0x00,0x0f,0xf0,  //.......@@..................@@
0x00,0x00,0x00,0x0f,0xf0,0x00,0x00,0x00,0x00,0x00,0x00,0x00,0x00,0x0f,0xf0,  //.......@@..................@@
0x00,0x00,0x00,0x0f,0xf3,0x33,0x33,0x33,0x33,0x33,0x33,0x33,0x33,0x3f,0xf0,  //.......@@******************@@
0x00,0x00,0x00,0x0f,0xff,0xff,0xff,0xff,0xff,0xff,0xff,0xff,0xff,0xff,0xf0,  //.......@@@@@@@@@@@@@@@@@@@@@@
0x00,0x00,0x00,0x0f,0xff,0xff,0xff,0xff,0xff,0xff,0xff,0xff,0xff,0xff,0xf0,  //.......@@@@@@@@@@@@@@@@@@@@@@
0x00,0x00,0x00,0x0f,0xf0,0x00,0x00,0x00,0x00,0x00,0x00,0x00,0x00,0x0f,0xf0,  //.......@@..................@@
0x00,0x00,0x00,0x0f,0xf0,0x00,0x00,0x00,0x00,0x00,0x00,0x00,0x00,0x0f,0xf0,  //.......@@..................@@


/* 型 */
0x00,0x00,0x00,0x00,0x00,0x00,0x00,0x00,0x00,0x00,0x00,0x00,0x00,0x0f,0xf0,0x00,  //...........................@@..
0x0f,0xff,0xff,0xff,0xff,0xff,0xff,0xff,0xff,0x00,0x00,0x00,0x00,0x0f,0xf0,0x00,  //.@@@@@@@@@@@@@@@@@.........@@..
0x0f,0xff,0xff,0xff,0xff,0xff,0xff,0xff,0xff,0x00,0x0f,0xf0,0x00,0x0f,0xf0,0x00,  //.@@@@@@@@@@@@@@@@@...@@....@@..
0x03,0x33,0x3f,0xf3,0x33,0x33,0xff,0x33,0x33,0x00,0x0f,0xf0,0x00,0x0f,0xf0,0x00,  //.****@@*****@@****...@@....@@..
0x00,0x00,0x0f,0xf0,0x00,0x00,0xff,0x00,0x00,0x00,0x0f,0xf0,0x00,0x0f,0xf0,0x00,  //.....@@.....@@.......@@....@@..
0x00,0x00,0x0f,0xf0,0x00,0x00,0xff,0x00,0x00,0x00,0x0f,0xf0,0x00,0x0f,0xf0,0x00,  //.....@@.....@@.......@@....@@..
0x00,0x00,0x0f,0xf0,0x00,0x00,0xff,0x00,0x00,0x00,0x0f,0xf0,0x00,0x0f,0xf0,0x00,  //.....@@.....@@.......@@....@@..
0x00,0x00,0x0f,0xf0,0x00,0x00,0xff,0x00,0x00,0x00,0x0f,0xf0,0x00,0x0f,0xf0,0x00,  //.....@@.....@@.......@@....@@..
0xff,0xff,0xff,0xff,0xff,0xff,0xff,0xff,0xff,0xf0,0x0f,0xf0,0x00,0x0f,0xf0,0x00,  //@@@@@@@@@@@@@@@@@@@..@@....@@..
0xff,0xff,0xff,0xff,0xff,0xff,0xff,0xff,0xff,0xf0,0x0f,0xf0,0x00,0x0f,0xf0,0x00,  //@@@@@@@@@@@@@@@@@@@..@@....@@..
0x33,0x33,0x6f,0xc3,0x33,0x33,0xff,0x33,0x33,0x30,0x0f,0xf0,0x00,0x0f,0xf0,0x00,  //*****@#*****@@*****..@@....@@..
0x00,0x00,0x6f,0x90,0x00,0x00,0xff,0x00,0x00,0x00,0x0f,0xf0,0x00,0x0f,0xf0,0x00,  //....*@%.....@@.......@@....@@..
0x00,0x00,0xcf,0x50,0x00,0x00,0xff,0x00,0x00,0x00,0x00,0x00,0x00,0x0f,0xf0,0x00,  //....#@*.....@@.............@@..
0x00,0x04,0xfe,0x00,0x00,0x00,0xff,0x00,0x00,0x00,0x00,0x00,0x00,0x0f,0xf0,0x00,  //...*@#......@@.............@@..
0x00,0x2e,0xf7,0x00,0x00,0x00,0xff,0x00,0x00,0x00,0x00,0x00,0x00,0x6f,0xf0,0x00,  //..+#@*......@@............*@@..
0x02,0xef,0xd0,0x00,0x00,0x00,0xff,0x00,0x00,0x00,0x00,0xef,0xff,0xff,0xc0,0x00,  //.+#@#.......@@........#@@@@@#..
0x0b,0xff,0x20,0x00,0x00,0x00,0xff,0x00,0x00,0x00,0x00,0xbf,0xff,0xff,0x40,0x00,  //.%@@+.......@@........%@@@@@*..
0x00,0xa5,0x00,0x00,0x00,0x00,0x00,0xff,0x00,0x00,0x00,0x57,0x77,0x51,0x00,0x00,  //..%*..........@@......*****+...
0x00,0x00,0x00,0x00,0x00,0x00,0x00,0xff,0x00,0x00,0x00,0x00,0x00,0x00,0x00,0x00,  //..............@@...............
0x00,0x00,0x00,0x00,0x00,0x00,0x00,0xff,0x00,0x00,0x00,0x00,0x00,0x00,0x00,0x00,  //..............@@...............
0x00,0x0f,0xff,0xff,0xff,0xff,0xff,0xff,0xff,0xff,0xff,0xff,0xff,0xff,0x00,0x00,  //...@@@@@@@@@@@@@@@@@@@@@@@@@...
0x00,0x0f,0xff,0xff,0xff,0xff,0xff,0xff,0xff,0xff,0xff,0xff,0xff,0xff,0x00,0x00,  //...@@@@@@@@@@@@@@@@@@@@@@@@@...
0x00,0x03,0x33,0x33,0x33,0x33,0x33,0xff,0x33,0x33,0x33,0x33,0x33,0x33,0x00,0x00,  //...***********@@************...
0x00,0x00,0x00,0x00,0x00,0x00,0x00,0xff,0x00,0x00,0x00,0x00,0x00,0x00,0x00,0x00,  //..............@@...............
0x00,0x00,0x00,0x00,0x00,0x00,0x00,0xff,0x00,0x00,0x00,0x00,0x00,0x00,0x00,0x00,  //..............@@...............
0x00,0x00,0x00,0x00,0x00,0x00,0x00,0xff,0x00,0x00,0x00,0x00,0x00,0x00,0x00,0x00,  //..............@@...............
0xff,0xff,0xff,0xff,0xff,0xff,0xff,0xff,0xff,0xff,0xff,0xff,0xff,0xff,0xff,0xf0,  //@@@@@@@@@@@@@@@@@@@@@@@@@@@@@@@
0xff,0xff,0xff,0xff,0xff,0xff,0xff,0xff,0xff,0xff,0xff,0xff,0xff,0xff,0xff,0xf0,  //@@@@@@@@@@@@@@@@@@@@@@@@@@@@@@@


/* 备 */
0x00,0x00,0x00,0x00,0x04,0xb3,0x00,0x00,0x00,0x00,0x00,0x00,0x00,0x00,0x00,0x00,0x00,  //.........*%*.....................
0x00,0x00,0x00,0x00,0x0e,0xfa,0x00,0x00,0x00,0x00,0x00,0x00,0x00,0x00,0x00,0x00,0x00,  //.........#@%.....................
0x00,0x00,0x00,0x00,0xbf,0xe0,0x00,0x00,0x00,0x00,0x00,0x00,0x00,0x00,0x00,0x00,0x00,  //........%@#......................
0x00,0x00,0x00,0x09,0xff,0xff,0xff,0xff,0xff,0xff,0xff,0xff,0xff,0xff,0x00,0x00,0x00,  //.......%@@@@@@@@@@@@@@@@@@@@.....
0x00,0x00,0x00,0x9f,0xff,0xff,0xff,0xff,0xff,0xff,0xff,0xff,0xff,0xff,0x00,0x00,0x00,  //......%@@@@@@@@@@@@@@@@@@@@@.....
0x00,0x00,0x09,0xff,0xff,0xc3,0x33,0x33,0x33,0x33,0x33,0x35,0xef,0xf9,0x00,0x00,0x00,  //.....%@@@@#*************#@@%.....
0x00,0x00,0x9f,0xfc,0x9f,0xf9,0x00,0x00,0x00,0x00,0x00,0x4e,0xff,0x90,0x00,0x00,0x00,  //....%@@#%@@%..........*#@@%......
0x00,0x0a,0xff,0xc0,0x09,0xff,0xc2,0x00,0x00,0x00,0x1b,0xff,0xf6,0x00,0x00,0x00,0x00,  //...%@@#..%@@#+......+%@@@*.......
0x02,0xcf,0xfb,0x00,0x00,0x7f,0xff,0x80,0x00,0x19,0xff,0xfc,0x20,0x00,0x00,0x00,0x00,  //.+#@@%....*@@@%...+%@@@#+........
0x08,0xff,0x90,0x00,0x00,0x03,0xdf,0xfe,0x89,0xff,0xfe,0x70,0x00,0x00,0x00,0x00,0x00,  //.%@@%......*#@@#%%@@@#*..........
0x00,0x96,0x00,0x00,0x00,0x00,0x08,0xff,0xff,0xff,0x70,0x00,0x00,0x00,0x00,0x00,0x00,  //..%*.........%@@@@@@*............
0x00,0x00,0x00,0x00,0x00,0x15,0xaf,0xff,0xff,0xff,0xe9,0x40,0x00,0x00,0x00,0x00,0x00,  //..........+*%@@@@@@@#%*..........
0x00,0x00,0x00,0x25,0x9d,0xff,0xff,0xfb,0x58,0xef,0xff,0xfe,0xa7,0x30,0x00,0x00,0x00,  //......+*%#@@@@@%*%#@@@@#%**......
0x23,0x78,0xbf,0xff,0xff,0xfe,0xa5,0x00,0x00,0x05,0xaf,0xff,0xff,0xff,0xeb,0xb7,0x60,  //+**%%@@@@@@#%*.....*%@@@@@@@#%%**
0x8f,0xff,0xff,0xfd,0xa6,0x20,0x00,0x00,0x00,0x00,0x00,0x48,0xcf,0xff,0xff,0xff,0x30,  //%@@@@@@#%*+...........*%#@@@@@@@*
0x0d,0xca,0x73,0x10,0x00,0x00,0x00,0x00,0x00,0x00,0x00,0x00,0x00,0x36,0x8b,0xe8,0x00,  //.##%**+...................**%%#%.
0x00,0x00,0x0f,0xff,0xff,0xff,0xff,0xff,0xff,0xff,0xff,0xff,0xff,0xff,0x00,0x00,0x00,  //.....@@@@@@@@@@@@@@@@@@@@@@@.....
0x00,0x00,0x0f,0xff,0xff,0xff,0xff,0xff,0xff,0xff,0xff,0xff,0xff,0xff,0x00,0x00,0x00,  //.....@@@@@@@@@@@@@@@@@@@@@@@.....
0x00,0x00,0x0f,0xf0,0x00,0x00,0x00,0x0f,0xf0,0x00,0x00,0x00,0x00,0xff,0x00,0x00,0x00,  //.....@@........@@.........@@.....
0x00,0x00,0x0f,0xf0,0x00,0x00,0x00,0x0f,0xf0,0x00,0x00,0x00,0x00,0xff,0x00,0x00,0x00,  //.....@@........@@.........@@.....
0x00,0x00,0x0f,0xf0,0x00,0x00,0x00,0x0f,0xf0,0x00,0x00,0x00,0x00,0xff,0x00,0x00,0x00,  //.....@@........@@.........@@.....
0x00,0x00,0x0f,0xff,0xff,0xff,0xff,0xff,0xff,0xff,0xff,0xff,0xff,0xff,0x00,0x00,0x00,  //.....@@@@@@@@@@@@@@@@@@@@@@@.....
0x00,0x00,0x0f,0xfb,0xbb,0xbb,0xbb,0xbf,0xfb,0xbb,0xbb,0xbb,0xbb,0xff,0x00,0x00,0x00,  //.....@@%%%%%%%%@@%%%%%%%%%@@.....
0x00,0x00,0x0f,0xf0,0x00,0x00,0x00,0x0f,0xf0,0x00,0x00,0x00,0x00,0xff,0x00,0x00,0x00,  //.....@@........@@.........@@.....
0x00,0x00,0x0f,0xf0,0x00,0x00,0x00,0x0f,0xf0,0x00,0x00,0x00,0x00,0xff,0x00,0x00,0x00,  //.....@@........@@.........@@.....
0x00,0x00,0x0f,0xf0,0x00,0x00,0x00,0x0f,0xf0,0x00,0x00,0x00,0x00,0xff,0x00,0x00,0x00,  //.....@@........@@.........@@.....
0x00,0x00,0x0f,0xf0,0x00,0x00,0x00,0x0f,0xf0,0x00,0x00,0x00,0x00,0xff,0x00,0x00,0x00,  //.....@@........@@.........@@.....
0x00,0x00,0x0f,0xff,0xff,0xff,0xff,0xff,0xff,0xff,0xff,0xff,0xff,0xff,0x00,0x00,0x00,  //.....@@@@@@@@@@@@@@@@@@@@@@@.....
0x00,0x00,0x0f,0xff,0xff,0xff,0xff,0xff,0xff,0xff,0xff,0xff,0xff,0xff,0x00,0x00,0x00,  //.....@@@@@@@@@@@@@@@@@@@@@@@.....
0x00,0x00,0x0f,0xf0,0x00,0x00,0x00,0x00,0x00,0x00,0x00,0x00,0x00,0xff,0x00,0x00,0x00,  //.....@@...................@@.....


/* 存 */
0x00,0x00,0x00,0x00,0x00,0x1c,0x60,0x00,0x00,0x00,0x00,0x00,0x00,0x00,0x00,0x00,  //..........+#*..................
0x00,0x00,0x00,0x00,0x00,0x5f,0xb0,0x00,0x00,0x00,0x00,0x00,0x00,0x00,0x00,0x00,  //..........*@%..................
0x00,0x00,0x00,0x00,0x00,0x9f,0x60,0x00,0x00,0x00,0x00,0x00,0x00,0x00,0x00,0x00,  //..........%@*..................
0x00,0x00,0x00,0x00,0x00,0xef,0x10,0x00,0x00,0x00,0x00,0x00,0x00,0x00,0x00,0x00,  //..........#@+..................
0x0f,0xff,0xff,0xff,0xff,0xff,0xff,0xff,0xff,0xff,0xff,0xff,0xff,0xff,0xff,0xf0,  //.@@@@@@@@@@@@@@@@@@@@@@@@@@@@@@
0x0f,0xff,0xff,0xff,0xff,0xff,0xff,0xff,0xff,0xff,0xff,0xff,0xff,0xff,0xff,0xf0,  //.@@@@@@@@@@@@@@@@@@@@@@@@@@@@@@
0x07,0x77,0x77,0x77,0x8f,0xe7,0x77,0x77,0x77,0x77,0x77,0x77,0x77,0x77,0x77,0x70,  //.*******%@#********************
0x00,0x00,0x00,0x00,0x7f,0x70,0x00,0x00,0x00,0x00,0x00,0x00,0x00,0x00,0x00,0x00,  //........*@*....................
0x00,0x00,0x00,0x00,0xee,0x00,0x00,0x00,0x00,0x00,0x00,0x00,0x00,0x00,0x00,0x00,  //........##.....................
0x00,0x00,0x00,0x07,0xf7,0x00,0x00,0x00,0x00,0x00,0x00,0x00,0x00,0x00,0x00,0x00,  //.......*@*.....................
0x00,0x00,0x00,0x0e,0xe0,0x0f,0xff,0xff,0xff,0xff,0xff,0xff,0xff,0xff,0xf0,0x00,  //.......##..@@@@@@@@@@@@@@@@@@..
0x00,0x00,0x00,0x8f,0x70,0x0f,0xff,0xff,0xff,0xff,0xff,0xff,0xff,0xff,0xf0,0x00,  //......%@*..@@@@@@@@@@@@@@@@@@..
0x00,0x00,0x02,0xfd,0x00,0x03,0x33,0x33,0x33,0x33,0x33,0x33,0x4e,0xff,0xd0,0x00,  //.....+@#...**************#@@#..
0x00,0x00,0x0c,0xf3,0x00,0x00,0x00,0x00,0x00,0x00,0x00,0x03,0xef,0xfa,0x00,0x00,  //.....#@*...............*#@@%...
0x00,0x00,0x7f,0xf0,0x00,0x00,0x00,0x00,0x00,0x00,0x00,0x8f,0xfe,0x40,0x00,0x00,  //....*@@...............%@@#*....
0x00,0x03,0xff,0xf0,0x00,0x00,0x00,0x00,0x00,0x00,0x4d,0xff,0x90,0x00,0x00,0x00,  //...*@@@.............*#@@%......
0x00,0x0e,0xff,0xf0,0x00,0x00,0x00,0x00,0x00,0x00,0xff,0xd3,0x00,0x00,0x00,0x00,  //...#@@@.............@@#*.......
0x00,0xcf,0xef,0xf0,0x00,0x00,0x00,0x00,0x00,0x00,0xff,0x00,0x00,0x00,0x00,0x00,  //..#@#@@.............@@.........
0x09,0xff,0x5f,0xf0,0xff,0xff,0xff,0xff,0xff,0xff,0xff,0xff,0xff,0xff,0xff,0xf0,  //.%@@*@@.@@@@@@@@@@@@@@@@@@@@@@@
0x9f,0xf9,0x0f,0xf0,0xff,0xff,0xff,0xff,0xff,0xff,0xff,0xff,0xff,0xff,0xff,0xf0,  //%@@%.@@.@@@@@@@@@@@@@@@@@@@@@@@
0x7f,0xc0,0x0f,0xf0,0x33,0x33,0x33,0x33,0x33,0x33,0xff,0x33,0x33,0x33,0x33,0x30,  //*@#..@@.************@@*********
0x0a,0x00,0x0f,0xf0,0x00,0x00,0x00,0x00,0x00,0x00,0xff,0x00,0x00,0x00,0x00,0x00,  //.%...@@.............@@.........
0x00,0x00,0x0f,0xf0,0x00,0x00,0x00,0x00,0x00,0x00,0xff,0x00,0x00,0x00,0x00,0x00,  //.....@@.............@@.........
0x00,0x00,0x0f,0xf0,0x00,0x00,0x00,0x00,0x00,0x00,0xff,0x00,0x00,0x00,0x00,0x00,  //.....@@.............@@.........
0x00,0x00,0x0f,0xf0,0x00,0x00,0x00,0x00,0x00,0x00,0xff,0x00,0x00,0x00,0x00,0x00,  //.....@@.............@@.........
0x00,0x00,0x0f,0xf0,0x00,0x00,0x00,0x00,0x00,0x00,0xff,0x00,0x00,0x00,0x00,0x00,  //.....@@.............@@.........
0x00,0x00,0x0f,0xf0,0x00,0x00,0x00,0x00,0x00,0x00,0xff,0x00,0x00,0x00,0x00,0x00,  //.....@@.............@@.........
0x00,0x00,0x0f,0xf0,0x00,0x00,0x00,0x00,0x00,0x00,0xff,0x00,0x00,0x00,0x00,0x00,  //.....@@.............@@.........
0x00,0x00,0x0f,0xf0,0x00,0x00,0x00,0x00,0x00,0x07,0xff,0x00,0x00,0x00,0x00,0x00,  //.....@@............*@@.........
0x00,0x00,0x0f,0xf0,0x00,0x00,0x0d,0xff,0xff,0xff,0xfa,0x00,0x00,0x00,0x00,0x00,  //.....@@......#@@@@@@@%.........
0x00,0x00,0x0f,0xf0,0x00,0x00,0x0b,0xff,0xff,0xff,0xd1,0x00,0x00,0x00,0x00,0x00,  //.....@@......%@@@@@@#+.........


/* 屏 */
0x00,0x00,0xff,0xff,0xff,0xff,0xff,0xff,0xff,0xff,0xff,0xff,0xff,0xff,0xff,0x00,  //....@@@@@@@@@@@@@@@@@@@@@@@@@@..
0x00,0x00,0xff,0xff,0xff,0xff,0xff,0xff,0xff,0xff,0xff,0xff,0xff,0xff,0xff,0x00,  //....@@@@@@@@@@@@@@@@@@@@@@@@@@..
0x00,0x00,0xff,0x33,0x33,0x33,0x33,0x33,0x33,0x33,0x33,0x33,0x33,0x33,0xff,0x00,  //....@@**********************@@..
0x00,0x00,0xff,0x00,0x00,0x00,0x00,0x00,0x00,0x00,0x00,0x00,0x00,0x00,0xff,0x00,  //....@@......................@@..
0x00,0x00,0xff,0x00,0x00,0x00,0x00,0x00,0x00,0x00,0x00,0x00,0x00,0x00,0xff,0x00,  //....@@......................@@..
0x00,0x00,0xff,0xff,0xff,0xff,0xff,0xff,0xff,0xff,0xff,0xff,0xff,0xff,0xff,0x00,  //....@@@@@@@@@@@@@@@@@@@@@@@@@@..
0x00,0x00,0xff,0xff,0xff,0xff,0xff,0xff,0xff,0xff,0xff,0xff,0xff,0xff,0xff,0x00,  //....@@@@@@@@@@@@@@@@@@@@@@@@@@..
0x00,0x00,0xff,0x33,0x33,0x33,0xa9,0x33,0x33,0x33,0x38,0xd7,0x33,0x33,0xff,0x00,  //....@@******%%*******%#*****@@..
0x00,0x00,0xff,0x00,0x00,0x00,0xcf,0x50,0x00,0x00,0x0b,0xff,0xa0,0x00,0x00,0x00,  //....@@......#@*......%@@%.......
0x00,0x00,0xff,0x00,0x00,0x00,0x2e,0xe2,0x00,0x00,0x1f,0xfe,0x00,0x00,0x00,0x00,  //....@@......+##+....+@@#........
0x00,0x00,0xff,0x00,0x00,0x00,0x06,0xfc,0x00,0x00,0x9f,0xe2,0x00,0x00,0x00,0x00,  //....@@.......*@#....%@#+........
0x00,0x00,0xff,0x00,0x00,0x00,0x00,0xa2,0x00,0x00,0xee,0x20,0x00,0x00,0x00,0x00,  //....@@........%+....##+.........
0x00,0x00,0xff,0x0f,0xff,0xff,0xff,0xff,0xff,0xff,0xff,0xff,0xff,0xff,0xff,0x00,  //....@@.@@@@@@@@@@@@@@@@@@@@@@@..
0x00,0x00,0xff,0x0f,0xff,0xff,0xff,0xff,0xff,0xff,0xff,0xff,0xff,0xff,0xff,0x00,  //....@@.@@@@@@@@@@@@@@@@@@@@@@@..
0x00,0x00,0xff,0x03,0x33,0x33,0x3c,0xf3,0x33,0x33,0x33,0xff,0x33,0x33,0x33,0x00,  //....@@.******#@*******@@******..
0x00,0x00,0xfd,0x00,0x00,0x00,0x0b,0xf0,0x00,0x00,0x00,0xff,0x00,0x00,0x00,0x00,  //....@#.......%@.......@@........
0x00,0x01,0xfb,0x00,0x00,0x00,0x0f,0xf0,0x00,0x00,0x00,0xff,0x00,0x00,0x00,0x00,  //...+@%.......@@.......@@........
0x00,0x03,0xfb,0x00,0x00,0x00,0x0f,0xf0,0x00,0x00,0x00,0xff,0x00,0x00,0x00,0x00,  //...*@%.......@@.......@@........
0x00,0x04,0xff,0xff,0xff,0xff,0xff,0xff,0xff,0xff,0xff,0xff,0xff,0xff,0xff,0xff,  //...*@@@@@@@@@@@@@@@@@@@@@@@@@@@@
0x00,0x07,0xff,0xff,0xff,0xff,0xff,0xff,0xff,0xff,0xff,0xff,0xff,0xff,0xff,0xff,  //...*@@@@@@@@@@@@@@@@@@@@@@@@@@@@
0x00,0x0b,0xf7,0x33,0x33,0x33,0x3d,0xf6,0x33,0x33,0x33,0xff,0x33,0x33,0x33,0x33,  //...%@********#@*******@@********
0x00,0x0f,0xf2,0x00,0x00,0x00,0x1f,0xf0,0x00,0x00,0x00,0xff,0x00,0x00,0x00,0x00,  //...@@+......+@@.......@@........
0x00,0x5f,0xd0,0x00,0x00,0x00,0x9f,0xa0,0x00,0x00,0x00,0xff,0x00,0x00,0x00,0x00,  //..*@#.......%@%.......@@........
0x00,0xbf,0x80,0x00,0x00,0x02,0xff,0x40,0x00,0x00,0x00,0xff,0x00,0x00,0x00,0x00,  //..%@%......+@@*.......@@........
0x03,0xff,0x20,0x00,0x00,0x0c,0xfb,0x00,0x00,0x00,0x00,0xff,0x00,0x00,0x00,0x00,  //.*@@+......#@%........@@........
0x0c,0xfb,0x00,0x00,0x00,0xcf,0xf2,0x00,0x00,0x00,0x00,0xff,0x00,0x00,0x00,0x00,  //.#@%......#@@+........@@........
0x9f,0xf3,0x00,0x00,0x0c,0xff,0x50,0x00,0x00,0x00,0x00,0xff,0x00,0x00,0x00,0x00,  //%@@*.....#@@*.........@@........
0x9f,0xb0,0x00,0x00,0xbf,0xf5,0x00,0x00,0x00,0x00,0x00,0xff,0x00,0x00,0x00,0x00,  //%@%.....%@@*..........@@........
0x08,0x10,0x00,0x00,0x09,0x50,0x00,0x00,0x00,0x00,0x00,0xff,0x00,0x00,0x00,0x00,  //.%+......%*...........@@........


/* 幕 */
0x00,0x00,0x00,0x00,0x00,0x0f,0xf0,0x00,0x00,0x00,0xff,0x00,0x00,0x00,0x00,0x00,0x00,  //...........@@.......@@...........
0x00,0x00,0x00,0x00,0x00,0x0f,0xf0,0x00,0x00,0x00,0xff,0x00,0x00,0x00,0x00,0x00,0x00,  //...........@@.......@@...........
0x0f,0xff,0xff,0xff,0xff,0xff,0xff,0xff,0xff,0xff,0xff,0xff,0xff,0xff,0xff,0xff,0x00,  //.@@@@@@@@@@@@@@@@@@@@@@@@@@@@@@@.
0x0f,0xff,0xff,0xff,0xff,0xff,0xff,0xff,0xff,0xff,0xff,0xff,0xff,0xff,0xff,0xff,0x00,  //.@@@@@@@@@@@@@@@@@@@@@@@@@@@@@@@.
0x00,0x00,0x00,0x00,0x00,0x0f,0xf0,0x00,0x00,0x00,0xff,0x00,0x00,0x00,0x00,0x00,0x00,  //...........@@.......@@...........
0x00,0x00,0x00,0x00,0x00,0x00,0x00,0x00,0x00,0x00,0x00,0x00,0x00,0x00,0x00,0x00,0x00,  //.................................
0x00,0x00,0x0f,0xff,0xff,0xff,0xff,0xff,0xff,0xff,0xff,0xff,0xff,0xff,0x00,0x00,0x00,  //.....@@@@@@@@@@@@@@@@@@@@@@@.....
0x00,0x00,0x0f,0xfb,0xbb,0xbb,0xbb,0xbb,0xbb,0xbb,0xbb,0xbb,0xbb,0xff,0x00,0x00,0x00,  //.....@@%%%%%%%%%%%%%%%%%%%@@.....
0x00,0x00,0x0f,0xf0,0x00,0x00,0x00,0x00,0x00,0x00,0x00,0x00,0x00,0xff,0x00,0x00,0x00,  //.....@@...................@@.....
0x00,0x00,0x0f,0xff,0xff,0xff,0xff,0xff,0xff,0xff,0xff,0xff,0xff,0xff,0x00,0x00,0x00,  //.....@@@@@@@@@@@@@@@@@@@@@@@.....
0x00,0x00,0x0f,0xfb,0xbb,0xbb,0xbb,0xbb,0xbb,0xbb,0xbb,0xbb,0xbb,0xff,0x00,0x00,0x00,  //.....@@%%%%%%%%%%%%%%%%%%%@@.....
0x00,0x00,0x0f,0xf0,0x00,0x00,0x00,0x00,0x00,0x00,0x00,0x00,0x00,0xff,0x00,0x00,0x00,  //.....@@...................@@.....
0x00,0x00,0x0f,0xf0,0x00,0x00,0x00,0x00,0x00,0x00,0x00,0x00,0x00,0xff,0x00,0x00,0x00,  //.....@@...................@@.....
0x00,0x00,0x0f,0xff,0xff,0xff,0xff,0xff,0xff,0xff,0xff,0xff,0xff,0xff,0x00,0x00,0x00,  //.....@@@@@@@@@@@@@@@@@@@@@@@.....
0x00,0x00,0x0f,0xfb,0xbb,0xbb,0xef,0xcb,0xbb,0xbb,0xbb,0xbb,0xbb,0xff,0x00,0x00,0x00,  //.....@@%%%%%#@#%%%%%%%%%%%@@.....
0x00,0x00,0x0f,0xf0,0x00,0x06,0xf7,0x00,0x00,0x00,0x00,0x00,0x00,0xff,0x00,0x00,0x00,  //.....@@....*@*............@@.....
0x00,0x00,0x00,0x00,0x00,0x9f,0x50,0x00,0x00,0x00,0x00,0x00,0x00,0x00,0x00,0x00,0x00,  //..........%@*....................
0x0f,0xff,0xff,0xff,0xff,0xff,0xff,0xff,0xff,0xff,0xff,0xff,0xff,0xff,0xff,0xff,0x00,  //.@@@@@@@@@@@@@@@@@@@@@@@@@@@@@@@.
0x0f,0xff,0xff,0xff,0xff,0xff,0xff,0xff,0xff,0xff,0xff,0xff,0xff,0xff,0xff,0xff,0x00,  //.@@@@@@@@@@@@@@@@@@@@@@@@@@@@@@@.
0x00,0x00,0x00,0x08,0xff,0x60,0x00,0x0f,0xf0,0x00,0x00,0x9f,0x80,0x00,0x00,0x00,0x00,  //.......%@@*....@@.....%@%........
0x00,0x00,0x05,0xef,0xd2,0x00,0x00,0x0f,0xf0,0x00,0x00,0x06,0xfe,0x70,0x00,0x00,0x00,  //.....*#@#+.....@@......*@#*......
0x00,0x03,0xbf,0xf8,0x00,0x00,0x00,0x0f,0xf0,0x00,0x00,0x00,0x3e,0xfe,0x70,0x00,0x00,  //...*%@@%.......@@.......*#@#*....
0x05,0xbf,0xe5,0xff,0xff,0xff,0xff,0xff,0xff,0xff,0xff,0xff,0xff,0xfa,0xff,0xa4,0x00,  //.*%@#*@@@@@@@@@@@@@@@@@@@@@%@@%*.
0xaf,0xfb,0x10,0xff,0xbb,0xbb,0xbb,0xbf,0xfb,0xbb,0xbb,0xbb,0xbf,0xf0,0x4d,0xff,0xa0,  //%@@%+.@@%%%%%%%@@%%%%%%%%@@.*#@@%
0x0d,0x50,0x00,0xff,0x00,0x00,0x00,0x0f,0xf0,0x00,0x00,0x00,0x0f,0xf0,0x00,0x7c,0x00,  //.#*...@@.......@@........@@...*#.
0x00,0x00,0x00,0xff,0x00,0x00,0x00,0x0f,0xf0,0x00,0x00,0x00,0x0f,0xf0,0x00,0x00,0x00,  //......@@.......@@........@@......
0x00,0x00,0x00,0xff,0x00,0x00,0x00,0x0f,0xf0,0x00,0x00,0x00,0x6f,0xf0,0x00,0x00,0x00,  //......@@.......@@.......*@@......
0x00,0x00,0x00,0xff,0x00,0x00,0x00,0x0f,0xf0,0x0d,0xff,0xff,0xff,0x90,0x00,0x00,0x00,  //......@@.......@@..#@@@@@@%......
0x00,0x00,0x00,0xff,0x00,0x00,0x00,0x0f,0xf0,0x09,0xff,0xff,0xe9,0x00,0x00,0x00,0x00,  //......@@.......@@..%@@@@#%.......
0x00,0x00,0x00,0x00,0x00,0x00,0x00,0x0f,0xf0,0x00,0x00,0x00,0x00,0x00,0x00,0x00,0x00,  //...............@@................
0x00,0x00,0x00,0x00,0x00,0x00,0x00,0x0f,0xf0,0x00,0x00,0x00,0x00,0x00,0x00,0x00,0x00,  //...............@@................


/* 本 */
0x00,0x00,0x00,0x00,0x00,0x00,0x00,0x0f,0xf0,0x00,0x00,0x00,0x00,0x00,0x00,0x00,  //...............@@...............
0x00,0x00,0x00,0x00,0x00,0x00,0x00,0x0f,0xf0,0x00,0x00,0x00,0x00,0x00,0x00,0x00,  //...............@@...............
0x00,0x00,0x00,0x00,0x00,0x00,0x00,0x0f,0xf0,0x00,0x00,0x00,0x00,0x00,0x00,0x00,  //...............@@...............
0x00,0x00,0x00,0x00,0x00,0x00,0x00,0x0f,0xf0,0x00,0x00,0x00,0x00,0x00,0x00,0x00,  //...............@@...............
0x00,0x00,0x00,0x00,0x00,0x00,0x00,0x0f,0xf0,0x00,0x00,0x00,0x00,0x00,0x00,0x00,  //...............@@...............
0x00,0x00,0x00,0x00,0x00,0x00,0x00,0x0f,0xf0,0x00,0x00,0x00,0x00,0x00,0x00,0x00,  //...............@@...............
0x0f,0xff,0xff,0xff,0xff,0xff,0xff,0xff,0xff,0xff,0xff,0xff,0xff,0xff,0xff,0xf0,  //.@@@@@@@@@@@@@@@@@@@@@@@@@@@@@@.
0x0f,0xff,0xff,0xff,0xff,0xff,0xff,0xff,0xff,0xff,0xff,0xff,0xff,0xff,0xff,0xf0,  //.@@@@@@@@@@@@@@@@@@@@@@@@@@@@@@.
0x07,0x77,0x77,0x77,0x77,0x77,0x79,0xff,0xff,0x87,0x77,0x77,0x77,0x77,0x77,0x70,  //.************%@@@@%************.
0x00,0x00,0x00,0x00,0x00,0x00,0x0a,0xff,0xff,0x70,0x00,0x00,0x00,0x00,0x00,0x00,  //.............%@@@@*.............
0x00,0x00,0x00,0x00,0x00,0x00,0x3f,0xdf,0xfd,0xf1,0x00,0x00,0x00,0x00,0x00,0x00,  //............*@#@@#@+............
0x00,0x00,0x00,0x00,0x00,0x00,0xdf,0x3f,0xf5,0xfb,0x00,0x00,0x00,0x00,0x00,0x00,  //............#@*@@*@%............
0x00,0x00,0x00,0x00,0x00,0x0a,0xfa,0x0f,0xf0,0xbf,0x60,0x00,0x00,0x00,0x00,0x00,  //...........%@%.@@.%@*...........
0x00,0x00,0x00,0x00,0x00,0x5f,0xe1,0x0f,0xf0,0x3f,0xe1,0x00,0x00,0x00,0x00,0x00,  //..........*@#+.@@.*@#+..........
0x00,0x00,0x00,0x00,0x02,0xff,0x50,0x0f,0xf0,0x08,0xfc,0x00,0x00,0x00,0x00,0x00,  //.........+@@*..@@..%@#..........
0x00,0x00,0x00,0x00,0x0e,0xfa,0x00,0x0f,0xf0,0x00,0xdf,0x90,0x00,0x00,0x00,0x00,  //.........#@%...@@...#@%.........
0x00,0x00,0x00,0x00,0xcf,0xd0,0x00,0x0f,0xf0,0x00,0x3f,0xf5,0x00,0x00,0x00,0x00,  //........#@#....@@...*@@*........
0x00,0x00,0x00,0x0c,0xfe,0x20,0x00,0x0f,0xf0,0x00,0x08,0xff,0x50,0x00,0x00,0x00,  //.......#@#+....@@....%@@*.......
0x00,0x00,0x00,0xcf,0xf5,0x00,0x00,0x0f,0xf0,0x00,0x00,0xcf,0xf5,0x00,0x00,0x00,  //......#@@*.....@@.....#@@*......
0x00,0x00,0x0c,0xff,0x50,0x00,0x00,0x0f,0xf0,0x00,0x00,0x0d,0xff,0x50,0x00,0x00,  //.....#@@*......@@......#@@*.....
0x00,0x00,0xcf,0xf8,0x00,0x00,0x00,0x0f,0xf0,0x00,0x00,0x02,0xef,0xf5,0x00,0x00,  //....#@@%.......@@......+#@@*....
0x00,0x0c,0xff,0x90,0x00,0x00,0x00,0x0f,0xf0,0x00,0x00,0x00,0x2e,0xff,0x80,0x00,  //...#@@%........@@.......+#@@%...
0x02,0xef,0xf9,0x00,0x00,0x00,0x00,0x0f,0xf0,0x00,0x00,0x00,0x02,0xef,0xfb,0x00,  //.+#@@%.........@@........+#@@%..
0x5e,0xff,0x90,0x0f,0xff,0xff,0xff,0xff,0xff,0xff,0xff,0xff,0xf0,0x2e,0xff,0xe4,  //*#@@%..@@@@@@@@@@@@@@@@@@.+#@@#*
0x9f,0xf5,0x00,0x0f,0xff,0xff,0xff,0xff,0xff,0xff,0xff,0xff,0xf0,0x02,0xdf,0xf5,  //%@@*...@@@@@@@@@@@@@@@@@@..+#@@*
0x09,0x50,0x00,0x03,0x33,0x33,0x33,0x3f,0xf3,0x33,0x33,0x33,0x30,0x00,0x0b,0x50,  //.%*....********@@********....%*.
0x00,0x00,0x00,0x00,0x00,0x00,0x00,0x0f,0xf0,0x00,0x00,0x00,0x00,0x00,0x00,0x00,  //...............@@...............
0x00,0x00,0x00,0x00,0x00,0x00,0x00,0x0f,0xf0,0x00,0x00,0x00,0x00,0x00,0x00,0x00,  //...............@@...............
0x00,0x00,0x00,0x00,0x00,0x00,0x00,0x0f,0xf0,0x00,0x00,0x00,0x00,0x00,0x00,0x00,  //...............@@...............
0x00,0x00,0x00,0x00,0x00,0x00,0x00,0x0f,0xf0,0x00,0x00,0x00,0x00,0x00,0x00,0x00,  //...............@@...............
0x00,0x00,0x00,0x00,0x00,0x00,0x00,0x0f,0xf0,0x00,0x00,0x00,0x00,0x00,0x00,0x00,  //...............@@...............
0x00,0x00,0x00,0x00,0x00,0x00,0x00,0x0f,0xf0,0x00,0x00,0x00,0x00,0x00,0x00,0x00,  //...............@@...............


/* 核 */
0x00,0x00,0x0f,0xf0,0x00,0x00,0x00,0x00,0x00,0x00,0x1b,0x20,0x00,0x00,0x00,0x00,0x00,  //.....@@.............+%+..........
0x00,0x00,0x0f,0xf0,0x00,0x00,0x00,0x00,0x00,0x00,0xcf,0xe2,0x00,0x00,0x00,0x00,0x00,  //.....@@.............#@#+.........
0x00,0x00,0x0f,0xf0,0x00,0x00,0x00,0x00,0x00,0x00,0x3f,0xfc,0x00,0x00,0x00,0x00,0x00,  //.....@@.............*@@#.........
0x00,0x00,0x0f,0xf0,0x00,0x00,0x00,0x00,0x00,0x00,0x0b,0xff,0xb0,0x00,0x00,0x00,0x00,  //.....@@..............%@@%........
0x00,0x00,0x0f,0xf0,0x00,0x00,0x00,0x00,0x00,0x00,0x01,0xf9,0x10,0x00,0x00,0x00,0x00,  //.....@@..............+@%+........
0x00,0x00,0x0f,0xf0,0x00,0x00,0xff,0xff,0xff,0xff,0xff,0xff,0xff,0xff,0xff,0xff,0xf0,  //.....@@.....@@@@@@@@@@@@@@@@@@@@@
0x00,0x00,0x0f,0xf0,0x00,0x00,0xff,0xff,0xff,0xff,0xff,0xff,0xff,0xff,0xff,0xff,0xf0,  //.....@@.....@@@@@@@@@@@@@@@@@@@@@
0xff,0xff,0xff,0xff,0xff,0xf0,0x33,0x33,0x33,0x4e,0xe4,0x33,0x33,0x33,0x33,0x33,0x30,  //@@@@@@@@@@@.*******##************
0xff,0xff,0xff,0xff,0xff,0xf0,0x00,0x00,0x00,0x9f,0x60,0x00,0x00,0x00,0x00,0x00,0x00,  //@@@@@@@@@@@.......%@*............
0x33,0x33,0x4f,0xf3,0x33,0x30,0x00,0x00,0x05,0xfa,0x00,0x00,0x00,0x0b,0x10,0x00,0x00,  //*****@@****......*@%.......%+....
0x00,0x00,0x4f,0xf0,0x00,0x00,0x00,0x00,0x2e,0xe0,0x00,0x00,0x00,0xaf,0xc0,0x00,0x00,  //....*@@.........+##.......%@#....
0x00,0x00,0x9f,0xf0,0x00,0x00,0x00,0x00,0xef,0x30,0x00,0x00,0x04,0xff,0x30,0x00,0x00,  //....%@@.........#@*......*@@*....
0x00,0x00,0xef,0xf0,0x00,0x00,0x00,0x0c,0xf6,0x00,0x00,0x00,0x0e,0xf8,0x00,0x00,0x00,  //....#@@........#@*.......#@%.....
0x00,0x04,0xff,0xf0,0x00,0x00,0x00,0xcf,0x90,0x00,0x00,0x00,0xcf,0xc0,0x00,0x00,0x00,  //...*@@@.......#@%.......#@#......
0x00,0x09,0xff,0xf9,0xc0,0x00,0x5e,0xff,0xab,0xbb,0xbd,0xff,0xfe,0x10,0x00,0x00,0x00,  //...%@@@%#...*#@@%%%%%#@@@#+......
0x00,0x0f,0xdf,0xfe,0xfd,0x20,0x9f,0xff,0xff,0xff,0xff,0xff,0xf3,0x00,0x01,0xb0,0x00,  //...@#@@#@#+.%@@@@@@@@@@@@*...+%..
0x00,0x7f,0x8f,0xf2,0xef,0xe2,0x1f,0xbb,0xa7,0x77,0x5c,0xff,0x50,0x00,0x0c,0xfb,0x00,  //..*@%@@+#@#++@%%%****#@@*....#@%.
0x00,0xef,0x2f,0xf0,0x2e,0xfb,0x00,0x00,0x00,0x00,0x9f,0xf5,0x00,0x00,0x8f,0xf3,0x00,  //..#@+@@.+#@%........%@@*....%@@*.
0x07,0xfd,0x0f,0xf0,0x02,0xb0,0x00,0x00,0x00,0x0c,0xff,0x50,0x00,0x05,0xff,0x70,0x00,  //.*@#.@@..+%........#@@*....*@@*..
0x0e,0xf6,0x0f,0xf0,0x00,0x00,0x00,0x00,0x02,0xef,0xf5,0x00,0x00,0x2e,0xfb,0x00,0x00,  //.#@*.@@..........+#@@*....+#@%...
0x8f,0xe0,0x0f,0xf0,0x00,0x00,0x00,0x00,0x7f,0xfe,0x20,0x00,0x02,0xef,0xc0,0x00,0x00,  //%@#..@@.........*@@#+....+#@#....
0xdf,0x70,0x0f,0xf0,0x00,0x00,0x00,0x2c,0xff,0xc1,0x00,0x00,0x0d,0xfe,0x20,0x00,0x00,  //#@*..@@.......+#@@#+.....#@#+....
0x6e,0x00,0x0f,0xf0,0x00,0x00,0x08,0xff,0xf7,0x00,0x00,0x01,0xcf,0xe2,0x00,0x00,0x00,  //*#...@@......%@@@*.....+#@#+.....
0x14,0x00,0x0f,0xf0,0x00,0x07,0xef,0xfd,0x30,0x00,0x00,0x2e,0xfe,0x20,0x00,0x00,0x00,  //+*...@@....*#@@#*.....+#@#+......
0x00,0x00,0x0f,0xf0,0x00,0x9f,0xfe,0x70,0x00,0x00,0x03,0xef,0xfe,0x40,0x00,0x00,0x00,  //.....@@...%@@#*......*#@@#*......
0x00,0x00,0x0f,0xf0,0x00,0x09,0x91,0x00,0x00,0x00,0x6f,0xfe,0xef,0xf7,0x00,0x00,0x00,  //.....@@....%%+......*@@##@@*.....
0x00,0x00,0x0f,0xf0,0x00,0x00,0x00,0x00,0x00,0x0a,0xff,0xc0,0x2e,0xff,0x90,0x00,0x00,  //.....@@............%@@#.+#@@%....
0x00,0x00,0x0f,0xf0,0x00,0x00,0x00,0x00,0x04,0xef,0xf9,0x00,0x01,0xcf,0xfc,0x00,0x00,  //.....@@..........*#@@%...+#@@#...
0x00,0x00,0x0f,0xf0,0x00,0x00,0x00,0x01,0xaf,0xfe,0x50,0x00,0x00,0x0c,0xff,0xe2,0x00,  //.....@@........+%@@#*......#@@#+.
0x00,0x00,0x0f,0xf0,0x00,0x00,0x00,0x7f,0xff,0xb2,0x00,0x00,0x00,0x00,0x9f,0xfe,0x40,  //.....@@.......*@@@%+........%@@#*
0x00,0x00,0x0f,0xf0,0x00,0x01,0x7e,0xff,0xe6,0x00,0x00,0x00,0x00,0x00,0x09,0xff,0x90,  //.....@@....+*#@@#*...........%@@%
0x00,0x00,0x0f,0xf0,0x00,0x09,0xff,0xf9,0x00,0x00,0x00,0x00,0x00,0x00,0x00,0x79,0x00,  //.....@@....%@@@%..............*%.
0x00,0x00,0x0f,0xf0,0x00,0x00,0xa9,0x10,0x00,0x00,0x00,0x00,0x00,0x00,0x00,0x00,0x00,  //.....@@.....%%+..................


/* 片 */
0x00,0x00,0x00,0x00,0x00,0x00,0x00,0x00,0x00,0x00,0x00,0x00,0x00,0x00,0x00,  //..............................
0x00,0x00,0x00,0x00,0x00,0x00,0x00,0x00,0x00,0x0f,0xf0,0x00,0x00,0x00,0x00,  //...................@@.........
0x00,0x00,0x0f,0xf0,0x00,0x00,0x00,0x00,0x00,0x0f,0xf0,0x00,0x00,0x00,0x00,  //.....@@............@@.........
0x00,0x00,0x0f,0xf0,0x00,0x00,0x00,0x00,0x00,0x0f,0xf0,0x00,0x00,0x00,0x00,  //.....@@............@@.........
0x00,0x00,0x0f,0xf0,0x00,0x00,0x00,0x00,0x00,0x0f,0xf0,0x00,0x00,0x00,0x00,  //.....@@............@@.........
0x00,0x00,0x0f,0xf0,0x00,0x00,0x00,0x00,0x00,0x0f,0xf0,0x00,0x00,0x00,0x00,  //.....@@............@@.........
0x00,0x00,0x0f,0xf0,0x00,0x00,0x00,0x00,0x00,0x0f,0xf0,0x00,0x00,0x00,0x00,  //.....@@............@@.........
0x00,0x00,0x0f,0xf0,0x00,0x00,0x00,0x00,0x00,0x0f,0xf0,0x00,0x00,0x00,0x00,  //.....@@............@@.........
0x00,0x00,0x0f,0xf0,0x00,0x00,0x00,0x00,0x00,0x0f,0xf0,0x00,0x00,0x00,0x00,  //.....@@............@@.........
0x00,0x00,0x0f,0xff,0xff,0xff,0xff,0xff,0xff,0xff,0xff,0xff,0xff,0xff,0xff,  //.....@@@@@@@@@@@@@@@@@@@@@@@@@
0x00,0x00,0x0f,0xff,0xff,0xff,0xff,0xff,0xff,0xff,0xff,0xff,0xff,0xff,0xff,  //.....@@@@@@@@@@@@@@@@@@@@@@@@@
0x00,0x00,0x0f,0xf7,0x77,0x77,0x77,0x77,0x77,0x77,0x77,0x77,0x77,0x77,0x77,  //.....@@***********************
0x00,0x00,0x0f,0xf0,0x00,0x00,0x00,0x00,0x00,0x00,0x00,0x00,0x00,0x00,0x00,  //.....@@.......................
0x00,0x00,0x0f,0xf0,0x00,0x00,0x00,0x00,0x00,0x00,0x00,0x00,0x00,0x00,0x00,  //.....@@.......................
0x00,0x00,0x0f,0xf0,0x00,0x00,0x00,0x00,0x00,0x00,0x00,0x00,0x00,0x00,0x00,  //.....@@.......................
0x00,0x00,0x0f,0xf0,0x00,0x00,0x00,0x00,0x00,0x00,0x00,0x00,0x00,0x00,0x00,  //.....@@.......................
0x00,0x00,0x0f,0xf0,0x00,0x00,0x00,0x00,0x00,0x00,0x00,0x00,0x00,0x00,0x00,  //.....@@.......................
0x00,0x00,0x0f,0xff,0xff,0xff,0xff,0xff,0xff,0xff,0xff,0x00,0x00,0x00,0x00,  //.....@@@@@@@@@@@@@@@@@........
0x00,0x00,0x2f,0xff,0xff,0xff,0xff,0xff,0xff,0xff,0xff,0x00,0x00,0x00,0x00,  //....+@@@@@@@@@@@@@@@@@........
0x00,0x00,0x3f,0xd7,0x77,0x77,0x77,0x77,0x77,0x77,0xff,0x00,0x00,0x00,0x00,  //....*@#*************@@........
0x00,0x00,0x5f,0xb0,0x00,0x00,0x00,0x00,0x00,0x00,0xff,0x00,0x00,0x00,0x00,  //....*@%.............@@........
0x00,0x00,0x8f,0x70,0x00,0x00,0x00,0x00,0x00,0x00,0xff,0x00,0x00,0x00,0x00,  //....%@*.............@@........
0x00,0x00,0xcf,0x40,0x00,0x00,0x00,0x00,0x00,0x00,0xff,0x00,0x00,0x00,0x00,  //....#@*.............@@........
0x00,0x01,0xff,0x00,0x00,0x00,0x00,0x00,0x00,0x00,0xff,0x00,0x00,0x00,0x00,  //...+@@..............@@........
0x00,0x09,0xfc,0x00,0x00,0x00,0x00,0x00,0x00,0x00,0xff,0x00,0x00,0x00,0x00,  //...%@#..............@@........
0x00,0x2f,0xf5,0x00,0x00,0x00,0x00,0x00,0x00,0x00,0xff,0x00,0x00,0x00,0x00,  //..+@@*..............@@........
0x00,0xcf,0xe0,0x00,0x00,0x00,0x00,0x00,0x00,0x00,0xff,0x00,0x00,0x00,0x00,  //..#@#...............@@........
0x09,0xff,0x70,0x00,0x00,0x00,0x00,0x00,0x00,0x00,0xff,0x00,0x00,0x00,0x00,  //.%@@*...............@@........
0x9f,0xfd,0x00,0x00,0x00,0x00,0x00,0x00,0x00,0x00,0xff,0x00,0x00,0x00,0x00,  //%@@#................@@........
0x5f,0xf3,0x00,0x00,0x00,0x00,0x00,0x00,0x00,0x00,0xff,0x00,0x00,0x00,0x00,  //*@@*................@@........
0x05,0x60,0x00,0x00,0x00,0x00,0x00,0x00,0x00,0x00,0xff,0x00,0x00,0x00,0x00,  //.**.................@@........


/* 版 */
0x00,0x00,0x00,0x00,0xff,0x00,0x00,0x00,0x00,0x00,0x00,0x00,0x00,0x00,0x00,0x00,  //........@@......................
0x00,0xff,0x00,0x00,0xff,0x00,0x00,0x00,0x00,0x03,0x33,0x34,0x77,0x8b,0xbf,0x40,  //..@@....@@.........*******%%%@*.
0x00,0xff,0x00,0x00,0xff,0x00,0x00,0xff,0xff,0xff,0xff,0xff,0xff,0xff,0xff,0xa0,  //..@@....@@....@@@@@@@@@@@@@@@@%.
0x00,0xff,0x00,0x00,0xff,0x00,0x00,0xff,0xff,0xff,0xff,0xfe,0xbb,0xba,0x77,0x70,  //..@@....@@....@@@@@@@@@#%%%%***.
0x00,0xff,0x00,0x00,0xff,0x00,0x00,0xff,0x32,0x00,0x00,0x00,0x00,0x00,0x00,0x00,  //..@@....@@....@@*+..............
0x00,0xff,0x00,0x00,0xff,0x00,0x00,0xff,0x00,0x00,0x00,0x00,0x00,0x00,0x00,0x00,  //..@@....@@....@@................
0x00,0xff,0x00,0x00,0xff,0x00,0x00,0xff,0x00,0x00,0x00,0x00,0x00,0x00,0x00,0x00,  //..@@....@@....@@................
0x00,0xff,0x00,0x00,0xff,0x00,0x00,0xff,0x00,0x00,0x00,0x00,0x00,0x00,0x00,0x00,  //..@@....@@....@@................
0x00,0xff,0x00,0x00,0xff,0x00,0x00,0xff,0x00,0x00,0x00,0x00,0x00,0x00,0x00,0x00,  //..@@....@@....@@................
0x00,0xff,0x00,0x00,0xff,0x00,0x00,0xff,0x00,0x00,0x00,0x00,0x00,0x00,0x00,0x00,  //..@@....@@....@@................
0x00,0xff,0xff,0xff,0xff,0xff,0xf0,0xff,0xff,0xff,0xff,0xff,0xff,0xff,0xff,0x00,  //..@@@@@@@@@@@.@@@@@@@@@@@@@@@@..
0x00,0xff,0xff,0xff,0xff,0xff,0xf0,0xff,0xff,0xff,0xff,0xff,0xff,0xff,0xff,0x00,  //..@@@@@@@@@@@.@@@@@@@@@@@@@@@@..
0x00,0xff,0x00,0x00,0x00,0x00,0x00,0xff,0x36,0xfc,0x33,0x33,0x33,0x34,0xfd,0x00,  //..@@..........@@**@#********@#..
0x00,0xff,0x00,0x00,0x00,0x00,0x00,0xff,0x00,0xff,0x00,0x00,0x00,0x04,0xfa,0x00,  //..@@..........@@..@@.......*@%..
0x00,0xff,0x00,0x00,0x00,0x00,0x00,0xff,0x00,0xdf,0x20,0x00,0x00,0x09,0xf6,0x00,  //..@@..........@@..#@+......%@*..
0x00,0xff,0x00,0x00,0x00,0x00,0x00,0xff,0x00,0xaf,0x50,0x00,0x00,0x0d,0xf2,0x00,  //..@@..........@@..%@*......#@+..
0x00,0xff,0x00,0x00,0x00,0x00,0x00,0xff,0x00,0x6f,0xa0,0x00,0x00,0x4f,0xd0,0x00,  //..@@..........@@..*@%.....*@#...
0x00,0xff,0xff,0xff,0xff,0x00,0x00,0xff,0x00,0x1f,0xe0,0x00,0x00,0xaf,0x70,0x00,  //..@@@@@@@@....@@..+@#.....%@*...
0x00,0xff,0xff,0xff,0xff,0x00,0x01,0xff,0x00,0x0d,0xf5,0x00,0x01,0xff,0x10,0x00,  //..@@@@@@@@...+@@...#@*...+@@+...
0x00,0xff,0x00,0x00,0xff,0x00,0x03,0xfe,0x00,0x06,0xfb,0x00,0x0a,0xf9,0x00,0x00,  //..@@....@@...*@#...*@%...%@%....
0x00,0xff,0x00,0x00,0xff,0x00,0x04,0xfb,0x00,0x00,0xff,0x30,0x4f,0xf1,0x00,0x00,  //..@@....@@...*@%....@@*.*@@+....
0x03,0xfd,0x00,0x00,0xff,0x00,0x07,0xfa,0x00,0x00,0x9f,0xd1,0xef,0x80,0x00,0x00,  //.*@#....@@...*@%....%@#+#@%.....
0x03,0xfb,0x00,0x00,0xff,0x00,0x0b,0xf7,0x00,0x00,0x0e,0xfe,0xfd,0x00,0x00,0x00,  //.*@%....@@...%@*.....#@#@#......
0x06,0xfb,0x00,0x00,0xff,0x00,0x0f,0xf3,0x00,0x00,0x06,0xff,0xe2,0x00,0x00,0x00,  //.*@%....@@...@@*.....*@@#+......
0x08,0xf8,0x00,0x00,0xff,0x00,0x5f,0xe0,0x00,0x00,0x07,0xff,0xf5,0x00,0x00,0x00,  //.%@%....@@..*@#......*@@@*......
0x0b,0xf6,0x00,0x00,0xff,0x00,0xcf,0x90,0x00,0x00,0xaf,0xfe,0xff,0x60,0x00,0x00,  //.%@*....@@..#@%.....%@@#@@*.....
0x0f,0xf3,0x00,0x00,0xff,0x03,0xff,0x30,0x00,0x4e,0xff,0x90,0xcf,0xfa,0x00,0x00,  //.@@*....@@.*@@*...*#@@%.#@@%....
0x4f,0xf0,0x00,0x00,0xff,0x0d,0xfd,0x00,0x3b,0xff,0xe5,0x00,0x0c,0xff,0xe6,0x00,  //*@@.....@@.#@#..*%@@#*...#@@#*..
0xaf,0xb0,0x00,0x00,0xff,0x7f,0xf3,0x3b,0xff,0xfb,0x10,0x00,0x00,0x8f,0xff,0xd5,  //%@%.....@@*@@**%@@@%+.....%@@@#*
0x9f,0x60,0x00,0x00,0xff,0x9f,0xa0,0x8f,0xfe,0x50,0x00,0x00,0x00,0x04,0xef,0xf5,  //%@*.....@@%@%.%@@#*........*#@@*
0x09,0x10,0x00,0x00,0xff,0x0b,0x00,0x0a,0x70,0x00,0x00,0x00,0x00,0x00,0x0a,0x60,  //.%+.....@@.%...%*............%*.


/* 称 */
0x00,0x00,0x00,0x00,0x00,0x00,0x00,0x00,0x03,0xc5,0x00,0x00,0x00,0x00,0x00,0x00,0x00,  //.................*#*.............
0x00,0x00,0x00,0x00,0x00,0x00,0x00,0x00,0x09,0xfa,0x00,0x00,0x00,0x00,0x00,0x00,0x00,  //.................%@%.............
0x00,0x00,0x00,0x01,0x36,0x7b,0xc7,0x00,0x1f,0xf3,0x00,0x00,0x00,0x00,0x00,0x00,0x00,  //.......+***%#*..+@@*.............
0x57,0x7b,0xbe,0xff,0xff,0xff,0xfb,0x00,0x9f,0xc0,0x00,0x00,0x00,0x00,0x00,0x00,0x00,  //***%%#@@@@@@@%..%@#..............
0xbf,0xff,0xff,0xff,0xff,0xcb,0x87,0x01,0xff,0x50,0x00,0x00,0x00,0x00,0x00,0x00,0x00,  //%@@@@@@@@@#%%*.+@@*..............
0x7f,0xbb,0x97,0xff,0x00,0x00,0x00,0x0a,0xff,0xff,0xff,0xff,0xff,0xff,0xff,0xff,0xf0,  //*@%%%*@@.......%@@@@@@@@@@@@@@@@@
0x00,0x00,0x00,0xff,0x00,0x00,0x00,0x3f,0xff,0xff,0xff,0xff,0xff,0xff,0xff,0xff,0xf0,  //......@@......*@@@@@@@@@@@@@@@@@@
0x00,0x00,0x00,0xff,0x00,0x00,0x00,0xcf,0xd3,0x33,0x33,0x33,0x33,0x33,0x33,0x5f,0xd0,  //......@@......#@#**************@#
0x00,0x00,0x00,0xff,0x00,0x00,0x06,0xff,0x30,0x00,0x00,0x00,0x00,0x00,0x00,0xbf,0x50,  //......@@.....*@@*.............%@*
0x00,0x00,0x00,0xff,0x00,0x00,0x1e,0xfb,0x00,0x00,0x0f,0xf0,0x00,0x00,0x04,0xfd,0x00,  //......@@....+#@%.....@@......*@#.
0xff,0xff,0xff,0xff,0xff,0xff,0xcf,0xf1,0x00,0x00,0x0f,0xf0,0x00,0x00,0x0e,0xf5,0x00,  //@@@@@@@@@@@@#@@+.....@@......#@*.
0xff,0xff,0xff,0xff,0xff,0xff,0xdf,0x70,0x00,0x00,0x0f,0xf0,0x00,0x00,0xaf,0xc0,0x00,  //@@@@@@@@@@@@#@*......@@.....%@#..
0x33,0x33,0x36,0xff,0x33,0x33,0x09,0x00,0x00,0x00,0x0f,0xf0,0x00,0x00,0x3b,0x30,0x00,  //******@@****.%.......@@.....*%*..
0x00,0x00,0x08,0xff,0x00,0x00,0x00,0x00,0x00,0x00,0x0f,0xf0,0x00,0x00,0x00,0x00,0x00,  //.....%@@.............@@..........
0x00,0x00,0x0e,0xff,0x00,0x00,0x00,0x01,0xb5,0x00,0x0f,0xf0,0x00,0x3b,0x30,0x00,0x00,  //.....#@@.......+%*...@@...*%*....
0x00,0x00,0x5f,0xff,0xbc,0x20,0x00,0x06,0xfc,0x00,0x0f,0xf0,0x00,0xbf,0xb0,0x00,0x00,  //....*@@@%#+....*@#...@@...%@%....
0x00,0x00,0xdf,0xff,0xef,0xe2,0x00,0x0a,0xf8,0x00,0x0f,0xf0,0x00,0x4f,0xf2,0x00,0x00,  //....#@@@#@#+...%@%...@@...*@@+...
0x00,0x05,0xff,0xff,0x2e,0xfe,0x20,0x0f,0xf3,0x00,0x0f,0xf0,0x00,0x0d,0xf9,0x00,0x00,  //...*@@@@+#@#+..@@*...@@....#@%...
0x00,0x0d,0xf9,0xff,0x02,0xef,0xb0,0x5f,0xe0,0x00,0x0f,0xf0,0x00,0x06,0xff,0x10,0x00,  //...#@%@@.+#@%.*@#....@@....*@@+..
0x00,0x6f,0xf3,0xff,0x00,0x2b,0x00,0x9f,0x90,0x00,0x0f,0xf0,0x00,0x00,0xef,0x70,0x00,  //..*@@*@@..+%..%@%....@@.....#@*..
0x00,0xef,0xb0,0xff,0x00,0x00,0x00,0xef,0x50,0x00,0x0f,0xf0,0x00,0x00,0x9f,0xe0,0x00,  //..#@%.@@......#@*....@@.....%@#..
0x0a,0xff,0x10,0xff,0x00,0x00,0x04,0xff,0x00,0x00,0x0f,0xf0,0x00,0x00,0x1f,0xf5,0x00,  //.%@@+.@@.....*@@.....@@.....+@@*.
0x4f,0xf9,0x00,0xff,0x00,0x00,0x0a,0xfa,0x00,0x00,0x0f,0xf0,0x00,0x00,0x0b,0xfb,0x00,  //*@@%..@@.....%@%.....@@......%@%.
0xcf,0xe0,0x00,0xff,0x00,0x00,0x0f,0xf4,0x00,0x00,0x0f,0xf0,0x00,0x00,0x05,0xff,0x10,  //#@#...@@.....@@*.....@@......*@@+
0x5f,0x40,0x00,0xff,0x00,0x00,0x5f,0xe0,0x00,0x00,0x0f,0xf0,0x00,0x00,0x00,0xef,0x70,  //*@*...@@....*@#......@@.......#@*
0x08,0x00,0x00,0xff,0x00,0x00,0xcf,0x90,0x00,0x00,0x0f,0xf0,0x00,0x00,0x00,0x8f,0xc0,  //.%....@@....#@%......@@.......%@#
0x00,0x00,0x00,0xff,0x00,0x00,0x3b,0x20,0x00,0x00,0x0f,0xf0,0x00,0x00,0x00,0x2a,0x10,  //......@@....*%+......@@.......+%+
0x00,0x00,0x00,0xff,0x00,0x00,0x00,0x00,0x00,0x00,0x0f,0xf0,0x00,0x00,0x00,0x00,0x00,  //......@@.............@@..........
0x00,0x00,0x00,0xff,0x00,0x00,0x00,0x00,0x00,0x00,0x0f,0xf0,0x00,0x00,0x00,0x00,0x00,  //......@@.............@@..........
0x00,0x00,0x00,0xff,0x00,0x00,0x00,0x00,0xa7,0x77,0xbf,0xd0,0x00,0x00,0x00,0x00,0x00,  //......@@........%***%@#..........
0x00,0x00,0x00,0xff,0x00,0x00,0x00,0x00,0xcf,0xff,0xff,0x70,0x00,0x00,0x00,0x00,0x00,  //......@@........#@@@@@*..........
0x00,0x00,0x00,0xff,0x00,0x00,0x00,0x00,0xbf,0xff,0xe8,0x00,0x00,0x00,0x00,0x00,0x00,  //......@@........%@@@#%...........
0x00,0x00,0x00,0xff,0x00,0x00,0x00,0x00,0x00,0x00,0x00,0x00,0x00,0x00,0x00,0x00,0x00,  //......@@.........................


/* 芯 */
0x00,0x00,0x00,0x00,0x0f,0xf0,0x00,0x00,0x00,0x00,0x0f,0xf0,0x00,0x00,0x00,0x00,  //.........@@..........@@........
0x00,0x00,0x00,0x00,0x0f,0xf0,0x00,0x00,0x00,0x00,0x0f,0xf0,0x00,0x00,0x00,0x00,  //.........@@..........@@........
0x00,0x00,0x00,0x00,0x0f,0xf0,0x00,0x00,0x00,0x00,0x0f,0xf0,0x00,0x00,0x00,0x00,  //.........@@..........@@........
0x00,0x00,0x00,0x00,0x0f,0xf0,0x00,0x00,0x00,0x00,0x0f,0xf0,0x00,0x00,0x00,0x00,  //.........@@..........@@........
0x00,0x00,0x00,0x00,0x0f,0xf0,0x00,0x00,0x00,0x00,0x0f,0xf0,0x00,0x00,0x00,0x00,  //.........@@..........@@........
0x00,0x00,0x00,0x00,0x0f,0xf0,0x00,0x00,0x00,0x00,0x0f,0xf0,0x00,0x00,0x00,0x00,  //.........@@..........@@........
0xff,0xff,0xff,0xff,0xff,0xff,0xff,0xff,0xff,0xff,0xff,0xff,0xff,0xff,0xff,0xf0,  //@@@@@@@@@@@@@@@@@@@@@@@@@@@@@@@
0xff,0xff,0xff,0xff,0xff,0xff,0xff,0xff,0xff,0xff,0xff,0xff,0xff,0xff,0xff,0xf0,  //@@@@@@@@@@@@@@@@@@@@@@@@@@@@@@@
0x33,0x33,0x33,0x33,0x3f,0xf3,0x33,0x33,0x33,0x33,0x3f,0xf3,0x33,0x33,0x33,0x30,  //*********@@**********@@********
0x00,0x00,0x00,0x00,0x0f,0xf0,0x00,0x00,0x00,0x00,0x0f,0xf0,0x00,0x00,0x00,0x00,  //.........@@..........@@........
0x00,0x00,0x00,0x00,0x0f,0xf0,0x00,0x00,0x00,0x00,0x0f,0xf0,0x00,0x00,0x00,0x00,  //.........@@..........@@........
0x00,0x00,0x00,0x00,0x0f,0xf0,0x00,0x00,0x00,0x00,0x0f,0xf0,0x00,0x00,0x00,0x00,  //.........@@..........@@........
0x00,0x00,0x00,0x00,0x0f,0xf0,0x00,0x3b,0x20,0x00,0x0f,0xf0,0x00,0x00,0x00,0x00,  //.........@@...*%+....@@........
0x00,0x00,0x00,0x00,0x00,0x00,0x00,0xbf,0x90,0x00,0x00,0x00,0x00,0x00,0x00,0x00,  //..............%@%..............
0x00,0x00,0x00,0x00,0x00,0x00,0x00,0x5f,0xf0,0x00,0x00,0x00,0x00,0x00,0x00,0x00,  //..............*@@..............
0x00,0x00,0x00,0x00,0x00,0x00,0x00,0x0e,0xf5,0x00,0x00,0x00,0x00,0x00,0x00,0x00,  //...............#@*.............
0x00,0x01,0xc6,0x00,0xff,0x00,0x00,0x08,0xfc,0x00,0x00,0x00,0x05,0xb3,0x00,0x00,  //...+#*..@@.....%@#.......*%*...
0x00,0x06,0xfa,0x00,0xff,0x00,0x00,0x02,0xff,0x20,0x00,0x00,0x0b,0xf9,0x00,0x00,  //...*@%..@@.....+@@+......%@%...
0x00,0x0c,0xf5,0x00,0xff,0x00,0x00,0x00,0xdf,0x80,0x00,0x00,0x03,0xff,0x10,0x00,  //...#@*..@@......#@%......*@@+..
0x00,0x1f,0xf0,0x00,0xff,0x00,0x00,0x00,0x6f,0xd0,0x00,0x00,0x00,0xdf,0x70,0x00,  //..+@@...@@......*@#.......#@*..
0x00,0x8f,0xa0,0x00,0xff,0x00,0x00,0x00,0x1b,0x10,0x00,0x00,0x00,0x5f,0xd0,0x00,  //..%@%...@@......+%+.......*@#..
0x00,0xdf,0x50,0x00,0xff,0x00,0x00,0x00,0x00,0x00,0x00,0x0b,0x30,0x0e,0xf4,0x00,  //..#@*...@@.............%*..#@*.
0x05,0xfe,0x00,0x00,0xff,0x00,0x00,0x00,0x00,0x00,0x00,0x0f,0xf0,0x09,0xfa,0x00,  //.*@#....@@.............@@..%@%.
0x0b,0xf8,0x00,0x00,0xff,0x00,0x00,0x00,0x00,0x00,0x00,0x3f,0xb0,0x02,0xff,0x10,  //.%@%....@@............*@%..+@@+
0x3f,0xf1,0x00,0x00,0xff,0x00,0x00,0x00,0x00,0x00,0x00,0x4f,0xa0,0x00,0xdf,0x60,  //*@@+....@@............*@%...#@*
0xbf,0xa0,0x00,0x00,0xff,0x00,0x00,0x00,0x00,0x00,0x00,0x7f,0x70,0x00,0x8f,0xc0,  //%@%.....@@............*@*...%@#
0x3b,0x30,0x00,0x00,0xff,0x00,0x00,0x00,0x00,0x00,0x00,0xaf,0x50,0x00,0x1b,0x30,  //*%*.....@@............%@*...+%*
0x00,0x00,0x00,0x00,0xff,0x00,0x00,0x00,0x00,0x00,0x00,0xef,0x20,0x00,0x00,0x00,  //........@@............#@+......
0x00,0x00,0x00,0x00,0xef,0x90,0x00,0x00,0x00,0x00,0x4d,0xfd,0x00,0x00,0x00,0x00,  //........#@%.........*#@#.......
0x00,0x00,0x00,0x00,0x9f,0xff,0xff,0xff,0xff,0xff,0xff,0xf4,0x00,0x00,0x00,0x00,  //........%@@@@@@@@@@@@@@*.......
0x00,0x00,0x00,0x00,0x0c,0xff,0xff,0xff,0xff,0xff,0xff,0x60,0x00,0x00,0x00,0x00,  //.........#@@@@@@@@@@@@*........


/* 行 */
0x00,0x00,0x00,0x01,0xb0,0x00,0x00,0x00,0x00,0x00,0x00,0x00,0x00,0x00,0x00,0x00,  //.......+%......................
0x00,0x00,0x00,0x0b,0xfc,0x00,0x00,0x00,0x00,0x00,0x00,0x00,0x00,0x00,0x00,0x00,  //.......%@#.....................
0x00,0x00,0x00,0x7f,0xf3,0x00,0x0f,0xff,0xff,0xff,0xff,0xff,0xff,0xff,0xf0,0x00,  //......*@@*...@@@@@@@@@@@@@@@@..
0x00,0x00,0x05,0xff,0x80,0x00,0x0f,0xff,0xff,0xff,0xff,0xff,0xff,0xff,0xf0,0x00,  //.....*@@%....@@@@@@@@@@@@@@@@..
0x00,0x00,0x2e,0xfb,0x00,0x00,0x07,0x77,0x77,0x77,0x77,0x77,0x77,0x77,0x70,0x00,  //....+#@%.....****************..
0x00,0x02,0xef,0xc0,0x00,0x00,0x00,0x00,0x00,0x00,0x00,0x00,0x00,0x00,0x00,0x00,  //...+#@#........................
0x00,0x3e,0xfe,0x20,0x00,0x00,0x00,0x00,0x00,0x00,0x00,0x00,0x00,0x00,0x00,0x00,  //..*#@#+........................
0x05,0xff,0xe2,0x00,0x00,0x00,0x00,0x00,0x00,0x00,0x00,0x00,0x00,0x00,0x00,0x00,  //.*@@#+.........................
0x9f,0xfe,0x20,0x00,0x0b,0x00,0x00,0x00,0x00,0x00,0x00,0x00,0x00,0x00,0x00,0x00,  //%@@#+....%.....................
0x7f,0xe2,0x00,0x00,0x9f,0xc0,0x00,0x00,0x00,0x00,0x00,0x00,0x00,0x00,0x00,0x00,  //*@#+....%@#....................
0x0b,0x00,0x00,0x03,0xff,0x30,0x00,0x00,0x00,0x00,0x00,0x00,0x00,0x00,0x00,0x00,  //.%.....*@@*....................
0x00,0x00,0x00,0x0d,0xf7,0x00,0x00,0x00,0x00,0x00,0x00,0x00,0x00,0x00,0x00,0x00,  //.......#@*.....................
0x00,0x00,0x00,0x9f,0xc0,0x0f,0xff,0xff,0xff,0xff,0xff,0xff,0xff,0xff,0xff,0xf0,  //......%@#..@@@@@@@@@@@@@@@@@@@@
0x00,0x00,0x05,0xfe,0x00,0x0f,0xff,0xff,0xff,0xff,0xff,0xff,0xff,0xff,0xff,0xf0,  //.....*@#...@@@@@@@@@@@@@@@@@@@@
0x00,0x00,0x2e,0xf2,0x00,0x07,0x77,0x77,0x77,0x77,0x77,0x7f,0xf7,0x77,0x77,0x70,  //....+#@+...************@@******
0x00,0x00,0xdf,0xf0,0x00,0x00,0x00,0x00,0x00,0x00,0x00,0x0f,0xf0,0x00,0x00,0x00,  //....#@@................@@......
0x00,0x0c,0xff,0xf0,0x00,0x00,0x00,0x00,0x00,0x00,0x00,0x0f,0xf0,0x00,0x00,0x00,  //...#@@@................@@......
0x00,0xcf,0xff,0xf0,0x00,0x00,0x00,0x00,0x00,0x00,0x00,0x0f,0xf0,0x00,0x00,0x00,  //..#@@@@................@@......
0x0c,0xff,0x9f,0xf0,0x00,0x00,0x00,0x00,0x00,0x00,0x00,0x0f,0xf0,0x00,0x00,0x00,  //.#@@%@@................@@......
0xdf,0xf9,0x0f,0xf0,0x00,0x00,0x00,0x00,0x00,0x00,0x00,0x0f,0xf0,0x00,0x00,0x00,  //#@@%.@@................@@......
0x7f,0x90,0x0f,0xf0,0x00,0x00,0x00,0x00,0x00,0x00,0x00,0x0f,0xf0,0x00,0x00,0x00,  //*@%..@@................@@......
0x09,0x00,0x0f,0xf0,0x00,0x00,0x00,0x00,0x00,0x00,0x00,0x0f,0xf0,0x00,0x00,0x00,  //.%...@@................@@......
0x00,0x00,0x0f,0xf0,0x00,0x00,0x00,0x00,0x00,0x00,0x00,0x0f,0xf0,0x00,0x00,0x00,  //.....@@................@@......
0x00,0x00,0x0f,0xf0,0x00,0x00,0x00,0x00,0x00,0x00,0x00,0x0f,0xf0,0x00,0x00,0x00,  //.....@@................@@......
0x00,0x00,0x0f,0xf0,0x00,0x00,0x00,0x00,0x00,0x00,0x00,0x0f,0xf0,0x00,0x00,0x00,  //.....@@................@@......
0x00,0x00,0x0f,0xf0,0x00,0x00,0x00,0x00,0x00,0x00,0x00,0x0f,0xf0,0x00,0x00,0x00,  //.....@@................@@......
0x00,0x00,0x0f,0xf0,0x00,0x00,0x00,0x00,0x00,0x00,0x00,0x0f,0xf0,0x00,0x00,0x00,  //.....@@................@@......
0x00,0x00,0x0f,0xf0,0x00,0x00,0x00,0x00,0x00,0x00,0x00,0x6f,0xf0,0x00,0x00,0x00,  //.....@@...............*@@......
0x00,0x00,0x0f,0xf0,0x00,0x00,0x00,0x0b,0xbb,0xbb,0xbb,0xff,0xc0,0x00,0x00,0x00,  //.....@@........%%%%%%%@@#......
0x00,0x00,0x0f,0xf0,0x00,0x00,0x00,0x0b,0xff,0xff,0xff,0xff,0x50,0x00,0x00,0x00,  //.....@@........%@@@@@@@@*......
0x00,0x00,0x0f,0xf0,0x00,0x00,0x00,0x08,0xff,0xff,0xff,0xd6,0x00,0x00,0x00,0x00,  //.....@@........%@@@@@@#*.......
0x00,0x00,0x0f,0xf0,0x00,0x00,0x00,0x00,0x00,0x00,0x00,0x00,0x00,0x00,0x00,0x00,  //.....@@........................


/* 设 */
0x00,0x0c,0x50,0x00,0x00,0x00,0x00,0x00,0x00,0x00,0x00,0x00,0x00,0x00,0x00,0x00,  //...#*...........................
0x00,0xbf,0xf5,0x00,0x00,0x00,0x00,0xff,0xff,0xff,0xff,0xff,0xff,0xf0,0x00,0x00,  //..%@@*........@@@@@@@@@@@@@.....
0x00,0x2e,0xff,0x50,0x00,0x00,0x00,0xff,0xff,0xff,0xff,0xff,0xff,0xf0,0x00,0x00,  //..+#@@*.......@@@@@@@@@@@@@.....
0x00,0x02,0xef,0xf5,0x00,0x00,0x00,0xff,0x77,0x77,0x77,0x77,0x7f,0xf0,0x00,0x00,  //...+#@@*......@@*********@@.....
0x00,0x00,0x2e,0xff,0x50,0x00,0x00,0xff,0x00,0x00,0x00,0x00,0x0f,0xf0,0x00,0x00,  //....+#@@*.....@@.........@@.....
0x00,0x00,0x02,0xef,0x90,0x00,0x02,0xfe,0x00,0x00,0x00,0x00,0x0f,0xf0,0x00,0x00,  //.....+#@%....+@#.........@@.....
0x00,0x00,0x00,0x28,0x00,0x00,0x09,0xfa,0x00,0x00,0x00,0x00,0x0f,0xf0,0x00,0x00,  //......+%.....%@%.........@@.....
0x00,0x00,0x00,0x00,0x00,0x00,0x5f,0xf5,0x00,0x00,0x00,0x00,0x0f,0xfa,0x77,0x77,  //............*@@*.........@@%****
0x00,0x00,0x00,0x00,0x00,0x06,0xff,0xd0,0x00,0x00,0x00,0x00,0x0c,0xff,0xff,0xfe,  //...........*@@#..........#@@@@@#
0x00,0x00,0x00,0x00,0x03,0xbf,0xfe,0x20,0x00,0x00,0x00,0x00,0x02,0xcf,0xff,0xfb,  //.........*%@@#+..........+#@@@@%
0xff,0xff,0xff,0x00,0x07,0xff,0xe2,0x00,0x00,0x00,0x00,0x00,0x00,0x00,0x00,0x00,  //@@@@@@...*@@#+..................
0xff,0xff,0xff,0x00,0x00,0x99,0x00,0x00,0x00,0x00,0x00,0x00,0x00,0x00,0x00,0x00,  //@@@@@@....%%....................
0x33,0x33,0xff,0x00,0x00,0x00,0x00,0x00,0x00,0x00,0x00,0x00,0x00,0x00,0x00,0x00,  //****@@..........................
0x00,0x00,0xff,0x00,0x00,0x0f,0xff,0xff,0xff,0xff,0xff,0xff,0xff,0xff,0x00,0x00,  //....@@.....@@@@@@@@@@@@@@@@@....
0x00,0x00,0xff,0x00,0x00,0x0f,0xff,0xff,0xff,0xff,0xff,0xff,0xff,0xff,0x00,0x00,  //....@@.....@@@@@@@@@@@@@@@@@....
0x00,0x00,0xff,0x00,0x00,0x04,0xfe,0x33,0x33,0x33,0x33,0x33,0x36,0xfd,0x00,0x00,  //....@@.....*@#************@#....
0x00,0x00,0xff,0x00,0x00,0x00,0xbf,0x50,0x00,0x00,0x00,0x00,0x0c,0xf4,0x00,0x00,  //....@@......%@*..........#@*....
0x00,0x00,0xff,0x00,0x00,0x00,0x3f,0xe0,0x00,0x00,0x00,0x00,0x8f,0xb0,0x00,0x00,  //....@@......*@#.........%@%.....
0x00,0x00,0xff,0x00,0x00,0x00,0x0a,0xfa,0x00,0x00,0x00,0x05,0xfe,0x10,0x00,0x00,  //....@@.......%@%.......*@#+.....
0x00,0x00,0xff,0x00,0x00,0x00,0x01,0xef,0x70,0x00,0x00,0x5f,0xf4,0x00,0x00,0x00,  //....@@.......+#@*.....*@@*......
0x00,0x00,0xff,0x00,0x00,0x00,0x00,0x4f,0xf5,0x00,0x07,0xff,0x80,0x00,0x00,0x00,  //....@@........*@@*...*@@%.......
0x00,0x00,0xff,0x00,0x03,0x90,0x00,0x07,0xff,0x71,0xbf,0xf9,0x00,0x00,0x00,0x00,  //....@@...*%....*@@*+%@@%........
0x00,0x00,0xff,0x01,0xbf,0xc0,0x00,0x00,0x9f,0xff,0xff,0x90,0x00,0x00,0x00,0x00,  //....@@.+%@#.....%@@@@@%.........
0x00,0x00,0xff,0x8f,0xff,0xf0,0x00,0x00,0x0c,0xff,0xf9,0x00,0x00,0x00,0x00,0x00,  //....@@%@@@@......#@@@%..........
0x00,0x02,0xff,0xff,0xfb,0x20,0x00,0x05,0xdf,0xff,0xff,0xa1,0x00,0x00,0x00,0x00,  //...+@@@@@%+....*#@@@@@%+........
0x00,0x0a,0xff,0xfe,0x50,0x00,0x17,0xef,0xff,0xc4,0xbf,0xff,0xb5,0x00,0x00,0x00,  //...%@@@#*...+*#@@@#*%@@@%*......
0x00,0x08,0xff,0xa0,0x00,0x5a,0xff,0xff,0xd5,0x00,0x05,0xef,0xff,0xe9,0x51,0x00,  //...%@@%...*%@@@@#*...*#@@@#%*+..
0x00,0x00,0xb4,0x05,0xbf,0xff,0xff,0xd5,0x00,0x00,0x00,0x07,0xef,0xff,0xff,0xd9,  //....%*.*%@@@@@#*.......*#@@@@@#%
0x00,0x00,0x00,0x05,0xff,0xff,0xa3,0x00,0x00,0x00,0x00,0x00,0x05,0xdf,0xff,0xe2,  //.......*@@@@%*...........*#@@@#+
0x00,0x00,0x00,0x00,0xaa,0x50,0x00,0x00,0x00,0x00,0x00,0x00,0x00,0x02,0x8d,0x60,  //........%%*................+%#*.


/* 软 */
0x00,0x00,0x01,0xd9,0x00,0x00,0x00,0x00,0x00,0x1c,0x60,0x00,0x00,0x00,0x00,0x00,0x00,  //.....+#%..........+#*............
0x00,0x00,0x05,0xfa,0x00,0x00,0x00,0x00,0x00,0x7f,0x90,0x00,0x00,0x00,0x00,0x00,0x00,  //.....*@%..........*@%............
0x00,0x00,0x09,0xf5,0x00,0x00,0x00,0x00,0x00,0xdf,0x30,0x00,0x00,0x00,0x00,0x00,0x00,  //.....%@*..........#@*............
0x00,0x00,0x0e,0xf0,0x00,0x00,0x00,0x00,0x03,0xfd,0x00,0x00,0x00,0x00,0x00,0x00,0x00,  //.....#@..........*@#.............
0x00,0x00,0x2f,0xb0,0x00,0x00,0x00,0x00,0x09,0xf5,0x00,0x00,0x00,0x00,0x00,0x00,0x00,  //....+@%..........%@*.............
0x0f,0xff,0xff,0xff,0xff,0xff,0xff,0x00,0x0f,0xff,0xff,0xff,0xff,0xff,0xff,0xff,0x00,  //.@@@@@@@@@@@@@...@@@@@@@@@@@@@@@.
0x0f,0xff,0xff,0xff,0xff,0xff,0xff,0x00,0x7f,0xff,0xff,0xff,0xff,0xff,0xff,0xff,0x00,  //.@@@@@@@@@@@@@..*@@@@@@@@@@@@@@@.
0x03,0x36,0xfb,0x33,0x33,0x33,0x33,0x00,0xef,0x43,0x33,0x33,0x33,0x33,0x5f,0xfb,0x00,  //.***@%********..#@***********@@%.
0x00,0x08,0xf5,0x00,0x00,0x00,0x00,0x07,0xf9,0x00,0x00,0x00,0x00,0x00,0x9f,0xf3,0x00,  //...%@*.........*@%..........%@@*.
0x00,0x0d,0xf0,0x0f,0xf0,0x00,0x00,0x0e,0xf1,0x00,0x0f,0xf0,0x00,0x01,0xff,0x90,0x00,  //...#@..@@......#@+...@@....+@@%..
0x00,0x3f,0xa0,0x0f,0xf0,0x00,0x00,0x9f,0x90,0x00,0x0f,0xf0,0x00,0x08,0xfe,0x00,0x00,  //..*@%..@@.....%@%....@@....%@#...
0x00,0x9f,0x40,0x0f,0xf0,0x00,0x03,0xff,0x10,0x00,0x0f,0xf0,0x00,0x0e,0xf7,0x00,0x00,  //..%@*..@@....*@@+....@@....#@*...
0x00,0xee,0x00,0x0f,0xf0,0x00,0x0c,0xf9,0x00,0x00,0x0f,0xf0,0x00,0x7f,0xd0,0x00,0x00,  //..##...@@....#@%.....@@...*@#....
0x05,0xf8,0x00,0x0f,0xf0,0x00,0x00,0xb0,0x00,0x00,0x0f,0xf0,0x00,0x7d,0x30,0x00,0x00,  //.*@%...@@.....%......@@...*#*....
0x0b,0xf2,0x00,0x0f,0xf0,0x00,0x00,0x00,0x00,0x00,0x0f,0xf0,0x00,0x00,0x00,0x00,0x00,  //.%@+...@@............@@..........
0x0f,0xff,0xff,0xff,0xff,0xff,0xff,0x00,0x00,0x00,0x0f,0xf0,0x00,0x00,0x00,0x00,0x00,  //.@@@@@@@@@@@@@.......@@..........
0x0f,0xff,0xff,0xff,0xff,0xff,0xff,0x00,0x00,0x00,0x0f,0xf4,0x00,0x00,0x00,0x00,0x00,  //.@@@@@@@@@@@@@.......@@*.........
0x03,0x33,0x33,0x3f,0xf3,0x33,0x33,0x00,0x00,0x00,0x3f,0xf9,0x00,0x00,0x00,0x00,0x00,  //.******@@*****......*@@%.........
0x00,0x00,0x00,0x0f,0xf0,0x00,0x00,0x00,0x00,0x00,0x6f,0xfd,0x00,0x00,0x00,0x00,0x00,  //.......@@...........*@@#.........
0x00,0x00,0x00,0x0f,0xf0,0x00,0x00,0x00,0x00,0x00,0xaf,0xff,0x30,0x00,0x00,0x00,0x00,  //.......@@...........%@@@*........
0x00,0x00,0x00,0x0f,0xf0,0x00,0x00,0x00,0x00,0x00,0xff,0xbf,0x90,0x00,0x00,0x00,0x00,  //.......@@...........@@%@%........
0x00,0x00,0x00,0x0f,0xf0,0x00,0x00,0x00,0x00,0x07,0xfc,0x5f,0xf1,0x00,0x00,0x00,0x00,  //.......@@..........*@#*@@+.......
0x00,0x00,0x00,0x0f,0xf7,0x79,0xbc,0xf0,0x00,0x0e,0xf5,0x0e,0xf9,0x00,0x00,0x00,0x00,  //.......@@**%%#@....#@*.#@%.......
0x77,0xbb,0xdf,0xff,0xff,0xff,0xff,0xf0,0x00,0x8f,0xe0,0x07,0xff,0x20,0x00,0x00,0x00,  //**%%#@@@@@@@@@@...%@#..*@@+......
0xef,0xff,0xff,0xff,0xfb,0xb7,0x75,0x30,0x03,0xff,0x70,0x00,0xef,0xc0,0x00,0x00,0x00,  //#@@@@@@@@%%****..*@@*...#@#......
0xbc,0xb7,0x73,0x2f,0xf0,0x00,0x00,0x00,0x2e,0xfc,0x00,0x00,0x7f,0xf8,0x00,0x00,0x00,  //%#%***+@@.......+#@#....*@@%.....
0x00,0x00,0x00,0x0f,0xf0,0x00,0x00,0x02,0xef,0xe2,0x00,0x00,0x0d,0xff,0x50,0x00,0x00,  //.......@@......+#@#+.....#@@*....
0x00,0x00,0x00,0x0f,0xf0,0x00,0x00,0x4e,0xff,0x40,0x00,0x00,0x02,0xff,0xf6,0x00,0x00,  //.......@@.....*#@@*......+@@@*...
0x00,0x00,0x00,0x0f,0xf0,0x00,0x08,0xff,0xf5,0x00,0x00,0x00,0x00,0x5f,0xff,0xa0,0x00,  //.......@@....%@@@*........*@@@%..
0x00,0x00,0x00,0x0f,0xf0,0x05,0xef,0xfe,0x30,0x00,0x00,0x00,0x00,0x05,0xff,0xfe,0x70,  //.......@@..*#@@#*..........*@@@#*
0x00,0x00,0x00,0x0f,0xf0,0x07,0xff,0xc1,0x00,0x00,0x00,0x00,0x00,0x00,0x5e,0xff,0x50,  //.......@@..*@@#+............*#@@*
0x00,0x00,0x00,0x0f,0xf0,0x00,0x97,0x00,0x00,0x00,0x00,0x00,0x00,0x00,0x01,0xb5,0x00,  //.......@@...%*...............+%*.


/* 运 */
0x00,0x0b,0x20,0x00,0x00,0x00,0x00,0x00,0x00,0x00,0x00,0x00,0x00,0x00,0x00,0x00,0x00,  //...%+............................
0x00,0xbf,0xe0,0x00,0x00,0x00,0x00,0x00,0x00,0x00,0x00,0x00,0x00,0x00,0x00,0x00,0x00,  //..%@#............................
0x00,0x2e,0xfc,0x00,0x00,0x00,0xff,0xff,0xff,0xff,0xff,0xff,0xff,0xff,0xff,0xf0,0x00,  //..+#@#......@@@@@@@@@@@@@@@@@@@..
0x00,0x03,0xff,0x90,0x00,0x00,0xff,0xff,0xff,0xff,0xff,0xff,0xff,0xff,0xff,0xf0,0x00,  //...*@@%.....@@@@@@@@@@@@@@@@@@@..
0x00,0x00,0x6f,0xf6,0x00,0x00,0x77,0x77,0x77,0x77,0x77,0x77,0x77,0x77,0x77,0x70,0x00,  //....*@@*....*******************..
0x00,0x00,0x09,0xff,0x30,0x00,0x00,0x00,0x00,0x00,0x00,0x00,0x00,0x00,0x00,0x00,0x00,  //.....%@@*........................
0x00,0x00,0x00,0xcf,0xb0,0x00,0x00,0x00,0x00,0x00,0x00,0x00,0x00,0x00,0x00,0x00,0x00,  //......#@%........................
0x00,0x00,0x00,0x2b,0x00,0x00,0x00,0x00,0x00,0x00,0x00,0x00,0x00,0x00,0x00,0x00,0x00,  //......+%.........................
0x00,0x00,0x00,0x00,0x00,0x00,0x00,0x00,0x00,0x00,0x00,0x00,0x00,0x00,0x00,0x00,0x00,  //.................................
0x00,0x00,0x00,0x00,0x00,0x00,0x00,0x00,0x00,0x00,0x00,0x00,0x00,0x00,0x00,0x00,0x00,  //.................................
0x00,0x00,0x00,0x00,0x00,0xff,0xff,0xff,0xff,0xff,0xff,0xff,0xff,0xff,0xff,0xff,0x00,  //..........@@@@@@@@@@@@@@@@@@@@@@.
0x0f,0xff,0xff,0xf0,0x00,0xff,0xff,0xff,0xff,0xff,0xff,0xff,0xff,0xff,0xff,0xff,0x00,  //.@@@@@@...@@@@@@@@@@@@@@@@@@@@@@.
0x0f,0xff,0xff,0xf0,0x00,0x77,0x77,0x77,0x7e,0xff,0x87,0x77,0x77,0x77,0x77,0x77,0x00,  //.@@@@@@...*******#@@%***********.
0x07,0x77,0x7f,0xf0,0x00,0x00,0x00,0x00,0x5f,0xf7,0x00,0x00,0x00,0x00,0x00,0x00,0x00,  //.****@@.........*@@*.............
0x00,0x00,0x0f,0xf0,0x00,0x00,0x00,0x00,0xef,0xc0,0x00,0x00,0x40,0x00,0x00,0x00,0x00,  //.....@@.........#@#.....*........
0x00,0x00,0x0f,0xf0,0x00,0x00,0x00,0x09,0xfe,0x20,0x00,0x09,0xf8,0x00,0x00,0x00,0x00,  //.....@@........%@#+....%@%.......
0x00,0x00,0x0f,0xf0,0x00,0x00,0x00,0x3f,0xf5,0x00,0x00,0x06,0xff,0x30,0x00,0x00,0x00,  //.....@@.......*@@*.....*@@*......
0x00,0x00,0x0f,0xf0,0x00,0x00,0x00,0xef,0x90,0x00,0x00,0x00,0xbf,0xe0,0x00,0x00,0x00,  //.....@@.......#@%.......%@#......
0x00,0x00,0x0f,0xf0,0x00,0x00,0x0a,0xfc,0x00,0x00,0x00,0x00,0x0e,0xfa,0x00,0x00,0x00,  //.....@@......%@#.........#@%.....
0x00,0x00,0x0f,0xf0,0x00,0x00,0x6f,0xe2,0x00,0x00,0x00,0x00,0x04,0xff,0x60,0x00,0x00,  //.....@@.....*@#+.........*@@*....
0x00,0x00,0x0f,0xf0,0x00,0x05,0xff,0x40,0x00,0x33,0x33,0x34,0x77,0xef,0xe1,0x00,0x00,  //.....@@....*@@*...********#@#+...
0x00,0x00,0x0f,0xf0,0x00,0xaf,0xff,0xff,0xff,0xff,0xff,0xff,0xff,0xff,0xfb,0x00,0x00,  //.....@@...%@@@@@@@@@@@@@@@@@@%...
0x00,0x00,0x0f,0xf0,0x00,0x9f,0xff,0xff,0xff,0xff,0xff,0xeb,0xbb,0xba,0xff,0x60,0x00,  //.....@@...%@@@@@@@@@@@#%%%%%@@*..
0x00,0x00,0x0f,0xf0,0x00,0x1e,0xb7,0x74,0x33,0x20,0x00,0x00,0x00,0x00,0xaf,0xb0,0x00,  //.....@@...+#%*****+.........%@%..
0x00,0x02,0xcf,0xf2,0x00,0x00,0x00,0x00,0x00,0x00,0x00,0x00,0x00,0x00,0x1b,0x00,0x00,  //...+#@@+....................+%...
0x00,0x6f,0xfe,0xfe,0x30,0x00,0x00,0x00,0x00,0x00,0x00,0x00,0x00,0x00,0x00,0x00,0x00,  //..*@@#@#*........................
0x1b,0xff,0xc2,0x8f,0xf9,0x10,0x00,0x00,0x00,0x00,0x00,0x00,0x00,0x00,0x00,0x00,0x00,  //+%@@#+%@@%+......................
0xcf,0xfc,0x00,0x09,0xff,0xfc,0x97,0x77,0x77,0x74,0x33,0x33,0x33,0x67,0x77,0x77,0x80,  //#@@#...%@@@#%*******************%
0x5f,0xc0,0x00,0x00,0x6e,0xff,0xff,0xff,0xff,0xff,0xff,0xff,0xff,0xff,0xff,0xff,0x70,  //*@#.....*#@@@@@@@@@@@@@@@@@@@@@@*
0x0a,0x00,0x00,0x00,0x00,0x59,0xbe,0xff,0xff,0xff,0xff,0xff,0xff,0xff,0xff,0xff,0x10,  //.%........*%%#@@@@@@@@@@@@@@@@@@+


/*  */
0x00,0x00,0x00,0x00,0x18,0xbf,0xeb,0x50,0x00,0x00,0x00,0x00,  //........+%%@#%*.........
0x00,0x00,0x00,0x07,0xff,0xff,0xff,0xfd,0x20,0x00,0x00,0x00,  //.......*@@@@@@@#+.......
0x00,0x00,0x00,0x8f,0xff,0xff,0xff,0xff,0xe2,0x00,0x00,0x00,  //......%@@@@@@@@@#+......
0x00,0x00,0x03,0xff,0xff,0xff,0xff,0xff,0xfc,0x00,0x00,0x00,  //.....*@@@@@@@@@@@#......
0x00,0x00,0x0c,0xff,0xff,0xff,0xff,0xff,0xff,0x50,0x00,0x00,  //.....#@@@@@@@@@@@@*.....
0x00,0x00,0x1f,0xff,0xff,0xff,0xff,0xff,0xff,0xa0,0x00,0x00,  //....+@@@@@@@@@@@@@%.....
0x00,0x00,0x3f,0xff,0xff,0xff,0xff,0xff,0xff,0xb0,0x00,0x00,  //....*@@@@@@@@@@@@@%.....
0x00,0x00,0x3f,0xff,0xff,0xff,0xff,0xff,0xff,0xb0,0x00,0x00,  //....*@@@@@@@@@@@@@%.....
0x00,0x00,0x2f,0xff,0xff,0xff,0xff,0xff,0xff,0xb0,0x00,0x00,  //....+@@@@@@@@@@@@@%.....
0x00,0x00,0x0d,0xff,0xff,0xff,0xff,0xff,0xff,0x60,0x00,0x00,  //.....#@@@@@@@@@@@@*.....
0x00,0x00,0x07,0xff,0xff,0xff,0xff,0xff,0xfe,0x00,0x00,0x00,  //.....*@@@@@@@@@@@#......
0x00,0x00,0x00,0xcf,0xff,0xff,0xff,0xff,0xf5,0x00,0x00,0x00,  //......#@@@@@@@@@@*......
0x00,0x00,0x00,0x0b,0xff,0xff,0xff,0xff,0x50,0x00,0x00,0x00,  //.......%@@@@@@@@*.......
0x00,0x03,0xaf,0x80,0x5d,0xff,0xff,0xa2,0x1c,0xd9,0x00,0x00,  //...*%@%.*#@@@@%++##%....
0x00,0x7f,0xff,0xfc,0x30,0x13,0x30,0x07,0xef,0xff,0xe2,0x00,  //..*@@@@#*.+**..*#@@@#+..
0x04,0xff,0xff,0xff,0xfe,0xb8,0xab,0xff,0xff,0xff,0xfd,0x00,  //.*@@@@@@@#%%%%@@@@@@@#..
0x0d,0xff,0xff,0xff,0xff,0xff,0xff,0xff,0xff,0xff,0xff,0x50,  //.#@@@@@@@@@@@@@@@@@@@@*.
0x2f,0xff,0xff,0xff,0xff,0xff,0xff,0xff,0xff,0xff,0xff,0xc0,  //+@@@@@@@@@@@@@@@@@@@@@#.
0x7f,0xff,0xff,0xff,0xff,0xff,0xff,0xff,0xff,0xff,0xff,0xf0,  //*@@@@@@@@@@@@@@@@@@@@@@.
0xaf,0xff,0xff,0xff,0xff,0xff,0xff,0xff,0xff,0xff,0xff,0xf3,  //%@@@@@@@@@@@@@@@@@@@@@@*
0xcf,0xff,0xff,0xff,0xff,0xff,0xff,0xff,0xff,0xff,0xff,0xf6,  //#@@@@@@@@@@@@@@@@@@@@@@*
0xff,0xff,0xff,0xff,0xff,0xff,0xff,0xff,0xff,0xff,0xff,0xf7,  //@@@@@@@@@@@@@@@@@@@@@@@*
0xff,0xff,0xff,0xff,0xff,0xff,0xff,0xff,0xff,0xff,0xff,0xf7,  //@@@@@@@@@@@@@@@@@@@@@@@*
0xff,0xff,0xff,0xff,0xff,0xff,0xff,0xff,0xff,0xff,0xff,0xf7,  //@@@@@@@@@@@@@@@@@@@@@@@*
0xef,0xff,0xff,0xff,0xff,0xff,0xff,0xff,0xff,0xff,0xff,0xf7,  //#@@@@@@@@@@@@@@@@@@@@@@*
0x9f,0xff,0xff,0xff,0xff,0xff,0xff,0xff,0xff,0xff,0xff,0xf2,  //%@@@@@@@@@@@@@@@@@@@@@@+
0x2f,0xff,0xff,0xff,0xff,0xff,0xff,0xff,0xff,0xff,0xff,0xb0,  //+@@@@@@@@@@@@@@@@@@@@@%.
0x05,0xef,0xff,0xff,0xff,0xff,0xff,0xff,0xff,0xff,0xfb,0x00,  //.*#@@@@@@@@@@@@@@@@@@%..


/*  */
0x2a,0xff,0xff,0xff,0xff,0xff,0xc2,0x00,0x07,0xdf,0xff,0xff,0xff,0xff,0xe8,0x00,  //+%@@@@@@@@@@#+...*#@@@@@@@@@#%.
0xbf,0xff,0xff,0xff,0xff,0xff,0xfe,0x00,0x3f,0xff,0xff,0xff,0xff,0xff,0xff,0x60,  //%@@@@@@@@@@@@#..*@@@@@@@@@@@@@*
0xff,0xff,0xff,0xff,0xff,0xff,0xff,0x20,0x7f,0xff,0xff,0xff,0xff,0xff,0xff,0xa0,  //@@@@@@@@@@@@@@+.*@@@@@@@@@@@@@%
0xff,0xff,0xff,0xff,0xff,0xff,0xff,0x30,0x7f,0xff,0xff,0xff,0xff,0xff,0xff,0xb0,  //@@@@@@@@@@@@@@*.*@@@@@@@@@@@@@%
0xff,0xff,0xff,0xff,0xff,0xff,0xff,0x30,0x7f,0xff,0xff,0xff,0xff,0xff,0xff,0xb0,  //@@@@@@@@@@@@@@*.*@@@@@@@@@@@@@%
0xff,0xff,0xff,0xff,0xff,0xff,0xff,0x30,0x7f,0xff,0xff,0xff,0xff,0xff,0xff,0xb0,  //@@@@@@@@@@@@@@*.*@@@@@@@@@@@@@%
0xff,0xff,0xff,0xff,0xff,0xff,0xff,0x30,0x7f,0xff,0xff,0xff,0xff,0xff,0xff,0xb0,  //@@@@@@@@@@@@@@*.*@@@@@@@@@@@@@%
0xff,0xff,0xff,0xff,0xff,0xff,0xff,0x30,0x7f,0xff,0xff,0xff,0xff,0xff,0xff,0xb0,  //@@@@@@@@@@@@@@*.*@@@@@@@@@@@@@%
0xff,0xff,0xff,0xff,0xff,0xff,0xff,0x30,0x7f,0xff,0xff,0xff,0xff,0xff,0xff,0xb0,  //@@@@@@@@@@@@@@*.*@@@@@@@@@@@@@%
0xff,0xff,0xff,0xff,0xff,0xff,0xff,0x20,0x7f,0xff,0xff,0xff,0xff,0xff,0xff,0xa0,  //@@@@@@@@@@@@@@+.*@@@@@@@@@@@@@%
0xbf,0xff,0xff,0xff,0xff,0xff,0xfd,0x00,0x3f,0xff,0xff,0xff,0xff,0xff,0xff,0x50,  //%@@@@@@@@@@@@#..*@@@@@@@@@@@@@*
0x0a,0xbb,0xbb,0xbb,0xbb,0xbb,0xa2,0x00,0x05,0xbb,0xbb,0xbb,0xbb,0xbb,0xb7,0x00,  //.%%%%%%%%%%%%+...*%%%%%%%%%%%*.
0x00,0x00,0x00,0x00,0x00,0x00,0x00,0x00,0x00,0x00,0x00,0x00,0x00,0x00,0x00,0x00,  //...............................
0x00,0x00,0x00,0x00,0x00,0x00,0x00,0x00,0x00,0x00,0x00,0x00,0x00,0x00,0x00,0x00,  //...............................
0x09,0xbb,0xbb,0xbb,0xbb,0xbb,0xa1,0x00,0x04,0xbb,0xbb,0xbb,0xbb,0xbb,0xb6,0x00,  //.%%%%%%%%%%%%+...*%%%%%%%%%%%*.
0xbf,0xff,0xff,0xff,0xff,0xff,0xfd,0x00,0x3f,0xff,0xff,0xff,0xff,0xff,0xff,0x50,  //%@@@@@@@@@@@@#..*@@@@@@@@@@@@@*
0xff,0xff,0xff,0xff,0xff,0xff,0xff,0x20,0x7f,0xff,0xff,0xff,0xff,0xff,0xff,0xa0,  //@@@@@@@@@@@@@@+.*@@@@@@@@@@@@@%
0xff,0xff,0xff,0xff,0xff,0xff,0xff,0x30,0x7f,0xff,0xff,0xff,0xff,0xff,0xff,0xb0,  //@@@@@@@@@@@@@@*.*@@@@@@@@@@@@@%
0xff,0xff,0xff,0xff,0xff,0xff,0xff,0x30,0x7f,0xff,0xff,0xff,0xff,0xff,0xff,0xb0,  //@@@@@@@@@@@@@@*.*@@@@@@@@@@@@@%
0xff,0xff,0xff,0xff,0xff,0xff,0xff,0x30,0x7f,0xff,0xff,0xff,0xff,0xff,0xff,0xb0,  //@@@@@@@@@@@@@@*.*@@@@@@@@@@@@@%
0xff,0xff,0xff,0xff,0xff,0xff,0xff,0x30,0x7f,0xff,0xff,0xff,0xff,0xff,0xff,0xb0,  //@@@@@@@@@@@@@@*.*@@@@@@@@@@@@@%
0xff,0xff,0xff,0xff,0xff,0xff,0xff,0x30,0x7f,0xff,0xff,0xff,0xff,0xff,0xff,0xb0,  //@@@@@@@@@@@@@@*.*@@@@@@@@@@@@@%
0xff,0xff,0xff,0xff,0xff,0xff,0xff,0x30,0x7f,0xff,0xff,0xff,0xff,0xff,0xff,0xb0,  //@@@@@@@@@@@@@@*.*@@@@@@@@@@@@@%
0xff,0xff,0xff,0xff,0xff,0xff,0xff,0x30,0x7f,0xff,0xff,0xff,0xff,0xff,0xff,0xb0,  //@@@@@@@@@@@@@@*.*@@@@@@@@@@@@@%
0xdf,0xff,0xff,0xff,0xff,0xff,0xfe,0x00,0x5f,0xff,0xff,0xff,0xff,0xff,0xff,0x60,  //#@@@@@@@@@@@@#..*@@@@@@@@@@@@@*
0x2d,0xff,0xff,0xff,0xff,0xff,0xd2,0x00,0x08,0xff,0xff,0xff,0xff,0xff,0xf8,0x00,  //+#@@@@@@@@@@#+...%@@@@@@@@@@@%.


/*  */
0x00,0x00,0x00,0x00,0x00,0x07,0xff,0xff,0xb0,0x00,0x00,0x00,0x00,0x00,  //...........*@@@@%...........
0x00,0x00,0x00,0x00,0x00,0x0b,0xff,0xff,0xf0,0x00,0x00,0x00,0x00,0x00,  //...........%@@@@@...........
0x00,0x00,0x01,0x40,0x00,0x0e,0xff,0xff,0xf1,0x00,0x02,0x30,0x00,0x00,  //.....+*....#@@@@@+...+*.....
0x00,0x00,0x2e,0xf9,0x00,0x0f,0xff,0xff,0xf3,0x00,0x6f,0xf5,0x00,0x00,  //....+#@%...@@@@@@*..*@@*....
0x00,0x02,0xef,0xff,0xc5,0xdf,0xff,0xff,0xfe,0x8a,0xff,0xff,0x50,0x00,  //...+#@@@#*#@@@@@@#%%@@@@*...
0x00,0x1e,0xff,0xff,0xff,0xff,0xff,0xff,0xff,0xff,0xff,0xff,0xf4,0x00,  //..+#@@@@@@@@@@@@@@@@@@@@@*..
0x00,0x6f,0xff,0xff,0xff,0xff,0xff,0xff,0xff,0xff,0xff,0xff,0xf9,0x00,  //..*@@@@@@@@@@@@@@@@@@@@@@%..
0x00,0x0a,0xff,0xff,0xff,0xff,0xff,0xff,0xff,0xff,0xff,0xff,0xd0,0x00,  //...%@@@@@@@@@@@@@@@@@@@@#...
0x00,0x00,0xdf,0xff,0xff,0xff,0xff,0xff,0xff,0xff,0xff,0xff,0x20,0x00,  //....#@@@@@@@@@@@@@@@@@@@+...
0x00,0x00,0x8f,0xff,0xff,0xff,0xc7,0x7a,0xff,0xff,0xff,0xfc,0x00,0x00,  //....%@@@@@@@#**%@@@@@@@#....
0x00,0x00,0xdf,0xff,0xff,0xe4,0x00,0x00,0x1c,0xff,0xff,0xff,0x20,0x00,  //....#@@@@@#*....+#@@@@@@+...
0x6b,0xcf,0xff,0xff,0xff,0x30,0x00,0x00,0x00,0xef,0xff,0xff,0xfb,0xa7,  //*%#@@@@@@@*.......#@@@@@@%%*
0xff,0xff,0xff,0xff,0xfb,0x00,0x00,0x00,0x00,0x6f,0xff,0xff,0xff,0xff,  //@@@@@@@@@%........*@@@@@@@@@
0xff,0xff,0xff,0xff,0xf7,0x00,0x00,0x00,0x00,0x3f,0xff,0xff,0xff,0xff,  //@@@@@@@@@*........*@@@@@@@@@
0xff,0xff,0xff,0xff,0xf7,0x00,0x00,0x00,0x00,0x3f,0xff,0xff,0xff,0xff,  //@@@@@@@@@*........*@@@@@@@@@
0xff,0xff,0xff,0xff,0xf8,0x00,0x00,0x00,0x00,0x4f,0xff,0xff,0xff,0xff,  //@@@@@@@@@%........*@@@@@@@@@
0xcf,0xff,0xff,0xff,0xfe,0x00,0x00,0x00,0x00,0xbf,0xff,0xff,0xff,0xff,  //#@@@@@@@@#........%@@@@@@@@@
0x00,0x23,0xff,0xff,0xff,0xc0,0x00,0x00,0x07,0xff,0xff,0xff,0x93,0x20,  //..+*@@@@@@#......*@@@@@@%*+.
0x00,0x00,0xaf,0xff,0xff,0xfd,0x51,0x04,0xaf,0xff,0xff,0xfe,0x00,0x00,  //....%@@@@@@#*+.*%@@@@@@#....
0x00,0x00,0x9f,0xff,0xff,0xff,0xff,0xff,0xff,0xff,0xff,0xfd,0x00,0x00,  //....%@@@@@@@@@@@@@@@@@@#....
0x00,0x05,0xff,0xff,0xff,0xff,0xff,0xff,0xff,0xff,0xff,0xff,0x90,0x00,  //...*@@@@@@@@@@@@@@@@@@@@%...
0x00,0x1e,0xff,0xff,0xff,0xff,0xff,0xff,0xff,0xff,0xff,0xff,0xf6,0x00,  //..+#@@@@@@@@@@@@@@@@@@@@@*..
0x00,0x4f,0xff,0xff,0xff,0xff,0xff,0xff,0xff,0xff,0xff,0xff,0xf9,0x00,  //..*@@@@@@@@@@@@@@@@@@@@@@%..
0x00,0x07,0xff,0xff,0xfd,0xff,0xff,0xff,0xff,0xee,0xff,0xff,0xc0,0x00,  //...*@@@@@#@@@@@@@@##@@@@#...
0x00,0x00,0x8f,0xfe,0x40,0x4f,0xff,0xff,0xf7,0x01,0xcf,0xfc,0x00,0x00,  //....%@@#*.*@@@@@@*.+#@@#....
0x00,0x00,0x05,0xa1,0x00,0x0e,0xff,0xff,0xf3,0x00,0x08,0x90,0x00,0x00,  //.....*%+...#@@@@@*...%%.....
0x00,0x00,0x00,0x00,0x00,0x0b,0xff,0xff,0xf1,0x00,0x00,0x00,0x00,0x00,  //...........%@@@@@+..........
0x00,0x00,0x00,0x00,0x00,0x09,0xff,0xff,0xe0,0x00,0x00,0x00,0x00,0x00,  //...........%@@@@#...........


/*  */
0x00,0x4e,0xff,0xff,0xd1,0x00,  //..*#@@@@#+..
0x00,0xbf,0xff,0xff,0xf7,0x00,  //..%@@@@@@*..
0x00,0xbf,0xff,0xff,0xf7,0x00,  //..%@@@@@@*..
0x00,0xbf,0xff,0xff,0xf7,0x00,  //..%@@@@@@*..
0x00,0xbf,0xff,0xff,0xf7,0x00,  //..%@@@@@@*..
0x00,0x4f,0xff,0xff,0xe1,0x00,  //..*@@@@@#+..
0x00,0x00,0x00,0x00,0x00,0x00,  //............
0x00,0x00,0x00,0x00,0x00,0x00,  //............
0x00,0x00,0x00,0x00,0x00,0x00,  //............
0x37,0x77,0x77,0x77,0x60,0x00,  //*********...
0xef,0xff,0xff,0xff,0xf6,0x00,  //#@@@@@@@@*..
0xff,0xff,0xff,0xff,0xf7,0x00,  //@@@@@@@@@*..
0xff,0xff,0xff,0xff,0xf7,0x00,  //@@@@@@@@@*..
0xdf,0xff,0xff,0xff,0xf7,0x00,  //#@@@@@@@@*..
0x03,0xcf,0xff,0xff,0xf7,0x00,  //.*#@@@@@@*..
0x00,0xbf,0xff,0xff,0xf7,0x00,  //..%@@@@@@*..
0x00,0xbf,0xff,0xff,0xf7,0x00,  //..%@@@@@@*..
0x00,0xbf,0xff,0xff,0xf7,0x00,  //..%@@@@@@*..
0x00,0xbf,0xff,0xff,0xf7,0x00,  //..%@@@@@@*..
0x00,0xbf,0xff,0xff,0xf7,0x00,  //..%@@@@@@*..
0x00,0xbf,0xff,0xff,0xf7,0x00,  //..%@@@@@@*..
0x6b,0xef,0xff,0xff,0xfd,0xb3,  //*%#@@@@@@#%*
0xff,0xff,0xff,0xff,0xff,0xfb,  //@@@@@@@@@@@%
0xff,0xff,0xff,0xff,0xff,0xfb,  //@@@@@@@@@@@%
0xff,0xff,0xff,0xff,0xff,0xfb,  //@@@@@@@@@@@%
0xaf,0xff,0xff,0xff,0xff,0xf8,  //%@@@@@@@@@@%


/*  */
0x08,0xef,0xff,0xff,0xff,0xff,0xff,0xff,0xff,0xff,0xff,0xff,0xff,0xff,0xfc,0x40,  //.%#@@@@@@@@@@@@@@@@@@@@@@@@@@#*.
0x8f,0xff,0xff,0xff,0xff,0xff,0xff,0xff,0xff,0xff,0xff,0xff,0xff,0xff,0xff,0xf3,  //%@@@@@@@@@@@@@@@@@@@@@@@@@@@@@@*
0xff,0xff,0xff,0xff,0xff,0xff,0xff,0xff,0xff,0xff,0xff,0xff,0xff,0xff,0xff,0xf9,  //@@@@@@@@@@@@@@@@@@@@@@@@@@@@@@@%
0xff,0xff,0xff,0xff,0xff,0xff,0xff,0xff,0xff,0xff,0xff,0xff,0xff,0xff,0xff,0xfb,  //@@@@@@@@@@@@@@@@@@@@@@@@@@@@@@@%
0xff,0xff,0xff,0xff,0xff,0xff,0xff,0xff,0xff,0xff,0xff,0xff,0xff,0xff,0xff,0xfb,  //@@@@@@@@@@@@@@@@@@@@@@@@@@@@@@@%
0xff,0xff,0xff,0xff,0xff,0xff,0xff,0xff,0xff,0xff,0xff,0xff,0xff,0xff,0xff,0xfb,  //@@@@@@@@@@@@@@@@@@@@@@@@@@@@@@@%
0xff,0xff,0xff,0xff,0xff,0xff,0xff,0xff,0xff,0xff,0xff,0xff,0xff,0xff,0xff,0xfb,  //@@@@@@@@@@@@@@@@@@@@@@@@@@@@@@@%
0xff,0xff,0xff,0xff,0xff,0xff,0xff,0xff,0xff,0xff,0xff,0xff,0xff,0xff,0xff,0xfb,  //@@@@@@@@@@@@@@@@@@@@@@@@@@@@@@@%
0xff,0xff,0xff,0xe5,0x37,0xff,0xff,0xff,0xff,0xff,0xfe,0x53,0x7f,0xff,0xff,0xfb,  //@@@@@@#***@@@@@@@@@@@#***@@@@@@%
0xff,0xff,0xff,0x50,0x00,0x5f,0xff,0xff,0xff,0xff,0xe2,0x00,0x0b,0xff,0xff,0xfb,  //@@@@@@*...*@@@@@@@@@#+...%@@@@@%
0xff,0xff,0xff,0x30,0x00,0x05,0xff,0xff,0xff,0xfd,0x20,0x00,0x07,0xff,0xff,0xfb,  //@@@@@@*....*@@@@@@@#+....*@@@@@%
0xff,0xff,0xff,0x90,0x00,0x00,0x5e,0xff,0xff,0xc0,0x00,0x00,0x0d,0xff,0xff,0xfb,  //@@@@@@%.....*#@@@@#......#@@@@@%
0xff,0xff,0xff,0xf9,0x00,0x00,0x02,0xef,0xfc,0x00,0x00,0x00,0xcf,0xff,0xff,0xfb,  //@@@@@@@%.....+#@@#......#@@@@@@%
0xff,0xff,0xff,0xff,0x90,0x00,0x00,0x2e,0xc0,0x00,0x00,0x0c,0xff,0xff,0xff,0xfa,  //@@@@@@@@%.....+##......#@@@@@@@%
0xdf,0xff,0xff,0xff,0xf9,0x00,0x00,0x02,0x00,0x00,0x00,0xcf,0xff,0xff,0xff,0xf7,  //#@@@@@@@@%.....+......#@@@@@@@@*
0xbf,0xff,0xff,0xff,0xff,0x90,0x00,0x00,0x00,0x00,0x0c,0xff,0xff,0xff,0xff,0xf5,  //%@@@@@@@@@%..........#@@@@@@@@@*
0x7f,0xff,0xff,0xff,0xff,0xf9,0x00,0x00,0x00,0x00,0xcf,0xff,0xff,0xff,0xff,0xf2,  //*@@@@@@@@@@%........#@@@@@@@@@@+
0x2f,0xff,0xff,0xff,0xff,0xff,0x90,0x00,0x00,0x2d,0xff,0xff,0xff,0xff,0xff,0xd0,  //+@@@@@@@@@@@%.....+#@@@@@@@@@@#.
0x0d,0xff,0xff,0xff,0xff,0xff,0xfc,0x00,0x02,0xef,0xff,0xff,0xff,0xff,0xff,0x70,  //.#@@@@@@@@@@@#...+#@@@@@@@@@@@*.
0x05,0xff,0xff,0xff,0xff,0xff,0xff,0xc5,0x6e,0xff,0xff,0xff,0xff,0xff,0xfe,0x00,  //.*@@@@@@@@@@@@#**#@@@@@@@@@@@#..
0x00,0xdf,0xff,0xff,0xff,0xff,0xff,0xff,0xff,0xff,0xff,0xff,0xff,0xff,0xf7,0x00,  //..#@@@@@@@@@@@@@@@@@@@@@@@@@@*..
0x00,0x3f,0xff,0xff,0xff,0xff,0xff,0xff,0xff,0xff,0xff,0xff,0xff,0xff,0xd0,0x00,  //..*@@@@@@@@@@@@@@@@@@@@@@@@@#...
0x00,0x07,0xff,0xff,0xff,0xff,0xff,0xff,0xff,0xff,0xff,0xff,0xff,0xfe,0x20,0x00,  //...*@@@@@@@@@@@@@@@@@@@@@@@#+...
0x00,0x00,0x9f,0xff,0xff,0xff,0xff,0xff,0xff,0xff,0xff,0xff,0xff,0xf5,0x00,0x00,  //....%@@@@@@@@@@@@@@@@@@@@@@*....
0x00,0x00,0x09,0xff,0xff,0xff,0xff,0xff,0xff,0xff,0xff,0xff,0xfe,0x40,0x00,0x00,  //.....%@@@@@@@@@@@@@@@@@@@#*.....
0x00,0x00,0x00,0x4e,0xff,0xff,0xff,0xff,0xff,0xff,0xff,0xff,0xc2,0x00,0x00,0x00,  //......*#@@@@@@@@@@@@@@@@#+......
0x00,0x00,0x00,0x00,0x8f,0xff,0xff,0xff,0xff,0xff,0xff,0xd5,0x00,0x00,0x00,0x00,  //........%@@@@@@@@@@@@@#*........
0x00,0x00,0x00,0x00,0x00,0x6b,0xff,0xff,0xff,0xfe,0xa4,0x00,0x00,0x00,0x00,0x00,  //..........*%@@@@@@@#%*..........


};


static const lv_font_fmt_txt_glyph_dsc_t glyph_dsc[] = {
    {.bitmap_index = 0,	.adv_w = 10, .box_h = 1, .box_w = 2, .ofs_x = 0, .ofs_y = 7},/*( )*/
    {.bitmap_index = 1,	.adv_w = 23, .box_h = 25, .box_w = 24, .ofs_x = 0, .ofs_y = 8},/*(A)*/
    {.bitmap_index = 301,	.adv_w = 25, .box_h = 25, .box_w = 20, .ofs_x = 3, .ofs_y = 8},/*(D)*/
    {.bitmap_index = 551,	.adv_w = 18, .box_h = 25, .box_w = 14, .ofs_x = 3, .ofs_y = 8},/*(F)*/
    {.bitmap_index = 726,	.adv_w = 25, .box_h = 25, .box_w = 20, .ofs_x = 2, .ofs_y = 8},/*(G)*/
    {.bitmap_index = 976,	.adv_w = 17, .box_h = 25, .box_w = 14, .ofs_x = 3, .ofs_y = 8},/*(L)*/
    {.bitmap_index = 1151,	.adv_w = 32, .box_h = 25, .box_w = 26, .ofs_x = 3, .ofs_y = 8},/*(M)*/
    {.bitmap_index = 1476,	.adv_w = 27, .box_h = 25, .box_w = 20, .ofs_x = 3, .ofs_y = 8},/*(N)*/
    {.bitmap_index = 1726,	.adv_w = 27, .box_h = 25, .box_w = 24, .ofs_x = 2, .ofs_y = 8},/*(O)*/
    {.bitmap_index = 2026,	.adv_w = 22, .box_h = 25, .box_w = 18, .ofs_x = 3, .ofs_y = 8},/*(R)*/
    {.bitmap_index = 2251,	.adv_w = 19, .box_h = 25, .box_w = 16, .ofs_x = 2, .ofs_y = 8},/*(S)*/
    {.bitmap_index = 2451,	.adv_w = 19, .box_h = 25, .box_w = 18, .ofs_x = 1, .ofs_y = 8},/*(T)*/
    {.bitmap_index = 2676,	.adv_w = 22, .box_h = 25, .box_w = 22, .ofs_x = 0, .ofs_y = 8},/*(V)*/
    {.bitmap_index = 2951,	.adv_w = 18, .box_h = 18, .box_w = 14, .ofs_x = 2, .ofs_y = 8},/*(a)*/
    {.bitmap_index = 3077,	.adv_w = 19, .box_h = 18, .box_w = 16, .ofs_x = 2, .ofs_y = 8},/*(e)*/
    {.bitmap_index = 3221,	.adv_w = 20, .box_h = 27, .box_w = 16, .ofs_x = 3, .ofs_y = 8},/*(h)*/
    {.bitmap_index = 3437,	.adv_w = 9, .box_h = 27, .box_w = 4, .ofs_x = 3, .ofs_y = 8},/*(l)*/
    {.bitmap_index = 3491,	.adv_w = 21, .box_h = 18, .box_w = 18, .ofs_x = 2, .ofs_y = 8},/*(o)*/
    {.bitmap_index = 3653,	.adv_w = 13, .box_h = 18, .box_w = 10, .ofs_x = 3, .ofs_y = 8},/*(r)*/
    {.bitmap_index = 3743,	.adv_w = 15, .box_h = 18, .box_w = 12, .ofs_x = 2, .ofs_y = 8},/*(s)*/
    {.bitmap_index = 3851,	.adv_w = 33, .box_h = 29, .box_w = 32, .ofs_x = 0, .ofs_y = 5},/*(件)*/
    {.bitmap_index = 4315,	.adv_w = 33, .box_h = 31, .box_w = 32, .ofs_x = 0, .ofs_y = 4},/*(储)*/
    {.bitmap_index = 4811,	.adv_w = 33, .box_h = 31, .box_w = 26, .ofs_x = 3, .ofs_y = 5},/*(内)*/
    {.bitmap_index = 5214,	.adv_w = 33, .box_h = 30, .box_w = 32, .ofs_x = 1, .ofs_y = 5},/*(卡)*/
    {.bitmap_index = 5694,	.adv_w = 33, .box_h = 27, .box_w = 32, .ofs_x = 1, .ofs_y = 6},/*(号)*/
    {.bitmap_index = 6126,	.adv_w = 33, .box_h = 31, .box_w = 30, .ofs_x = 0, .ofs_y = 4},/*(名)*/
    {.bitmap_index = 6591,	.adv_w = 33, .box_h = 28, .box_w = 32, .ofs_x = 1, .ofs_y = 6},/*(型)*/
    {.bitmap_index = 7039,	.adv_w = 33, .box_h = 30, .box_w = 34, .ofs_x = 0, .ofs_y = 5},/*(备)*/
    {.bitmap_index = 7549,	.adv_w = 33, .box_h = 31, .box_w = 32, .ofs_x = 1, .ofs_y = 5},/*(存)*/
    {.bitmap_index = 8045,	.adv_w = 33, .box_h = 29, .box_w = 32, .ofs_x = 0, .ofs_y = 4},/*(屏)*/
    {.bitmap_index = 8509,	.adv_w = 33, .box_h = 31, .box_w = 34, .ofs_x = 0, .ofs_y = 4},/*(幕)*/
    {.bitmap_index = 9036,	.adv_w = 33, .box_h = 32, .box_w = 32, .ofs_x = 1, .ofs_y = 4},/*(本)*/
    {.bitmap_index = 9548,	.adv_w = 33, .box_h = 33, .box_w = 34, .ofs_x = 0, .ofs_y = 3},/*(核)*/
    {.bitmap_index = 10109,	.adv_w = 33, .box_h = 31, .box_w = 30, .ofs_x = 2, .ofs_y = 4},/*(片)*/
    {.bitmap_index = 10574,	.adv_w = 33, .box_h = 31, .box_w = 32, .ofs_x = 1, .ofs_y = 4},/*(版)*/
    {.bitmap_index = 11070,	.adv_w = 33, .box_h = 33, .box_w = 34, .ofs_x = 0, .ofs_y = 3},/*(称)*/
    {.bitmap_index = 11631,	.adv_w = 33, .box_h = 31, .box_w = 32, .ofs_x = 1, .ofs_y = 5},/*(芯)*/
    {.bitmap_index = 12127,	.adv_w = 33, .box_h = 32, .box_w = 32, .ofs_x = 1, .ofs_y = 3},/*(行)*/
    {.bitmap_index = 12639,	.adv_w = 33, .box_h = 30, .box_w = 32, .ofs_x = 1, .ofs_y = 4},/*(设)*/
    {.bitmap_index = 13119,	.adv_w = 33, .box_h = 32, .box_w = 34, .ofs_x = 0, .ofs_y = 4},/*(软)*/
    {.bitmap_index = 13663,	.adv_w = 33, .box_h = 30, .box_w = 34, .ofs_x = 0, .ofs_y = 5},/*(运)*/
    {.bitmap_index = 14173,	.adv_w = 24, .box_h = 28, .box_w = 24, .ofs_x = 0, .ofs_y = 7},/*()*/
    {.bitmap_index = 14509,	.adv_w = 31, .box_h = 26, .box_w = 32, .ofs_x = 0, .ofs_y = 8},/*()*/
    {.bitmap_index = 14925,	.adv_w = 28, .box_h = 28, .box_w = 28, .ofs_x = 0, .ofs_y = 7},/*()*/
    {.bitmap_index = 15317,	.adv_w = 12, .box_h = 26, .box_w = 12, .ofs_x = 0, .ofs_y = 8},/*()*/
    {.bitmap_index = 15473,	.adv_w = 32, .box_h = 28, .box_w = 32, .ofs_x = 0, .ofs_y = 7},/*()*/
};


static const uint16_t unicode_list_1[] = {
    0x0020,	/*( )*/
    0x0041,	/*(A)*/
    0x0044,	/*(D)*/
    0x0046,	/*(F)*/
    0x0047,	/*(G)*/
    0x004c,	/*(L)*/
    0x004d,	/*(M)*/
    0x004e,	/*(N)*/
    0x004f,	/*(O)*/
    0x0052,	/*(R)*/
    0x0053,	/*(S)*/
    0x0054,	/*(T)*/
    0x0056,	/*(V)*/
    0x0061,	/*(a)*/
    0x0065,	/*(e)*/
    0x0068,	/*(h)*/
    0x006c,	/*(l)*/
    0x006f,	/*(o)*/
    0x0072,	/*(r)*/
    0x0073,	/*(s)*/
    0x4ef6,	/*(件)*/
    0x50a8,	/*(储)*/
    0x5185,	/*(内)*/
    0x5361,	/*(卡)*/
    0x53f7,	/*(号)*/
    0x540d,	/*(名)*/
    0x578b,	/*(型)*/
    0x5907,	/*(备)*/
    0x5b58,	/*(存)*/
    0x5c4f,	/*(屏)*/
    0x5e55,	/*(幕)*/
    0x672c,	/*(本)*/
    0x6838,	/*(核)*/
    0x7247,	/*(片)*/
    0x7248,	/*(版)*/
    0x79f0,	/*(称)*/
    0x82af,	/*(芯)*/
    0x884c,	/*(行)*/
    0x8bbe,	/*(设)*/
    0x8f6f,	/*(软)*/
    0x8fd0,	/*(运)*/
    0xf007,	/*()*/
    0xf009,	/*()*/
    0xf013,	/*()*/
    0xf129,	/*()*/
    0xf265,	/*()*/
    0x0000,    /*End indicator*/
};


static const lv_font_fmt_txt_cmap_t cmaps[] = {
    {
        .range_start = 0x0020,
        .range_length = 0xf265,
        .type = LV_FONT_FMT_TXT_CMAP_SPARSE_TINY,
        .glyph_id_start = 0,
        .unicode_list = unicode_list_1,
        .glyph_id_ofs_list = NULL,
        .list_length = 46,
    }
};


static lv_font_fmt_txt_glyph_cache_t glyph_cache;


static lv_font_fmt_txt_dsc_t font_dsc = {
    .glyph_bitmap = glyph_bitmap,
    .glyph_dsc = glyph_dsc,
    .cmaps = cmaps,
    .cmap_num = 1,
    .bpp = 4,

    .kern_scale = 0,
    .kern_dsc = NULL,
    .kern_classes = 0,

    .cache = &glyph_cache,
};


static int binsearch(const uint16_t *sortedSeq, int seqLength, uint16_t keyData) {
    int low = 0, mid, high = seqLength - 1;
    while (low <= high) {
        mid = (low + high)>>1;//右移1位等于是/2，奇数，无论奇偶，有个值就行
        if (keyData < sortedSeq[mid]) {
            high = mid - 1;//是mid-1，因为mid已经比较过了
        }
        else if (keyData > sortedSeq[mid]) {
            low = mid + 1;
        }
        else {
            return mid;
        }
    }
    return -1;
}


static const uint8_t * __user_font_get_bitmap(const lv_font_t * font, uint32_t unicode_letter) {
    lv_font_fmt_txt_dsc_t * fdsc = (lv_font_fmt_txt_dsc_t *) font->dsc;

    if( unicode_letter<fdsc->cmaps[0].range_start || unicode_letter>fdsc->cmaps[0].range_length ) return false;

    int i;
    if( unicode_letter==fdsc->cache->last_letter ){
        i = fdsc->cache->last_glyph_id;
    }
    else{
        i = binsearch(fdsc->cmaps[0].unicode_list, fdsc->cmaps[0].list_length, unicode_letter);
    }
    if( i != -1 ) {
        const lv_font_fmt_txt_glyph_dsc_t * gdsc = &fdsc->glyph_dsc[i];
        fdsc->cache->last_glyph_id = i;
        fdsc->cache->last_letter = unicode_letter;
        return &fdsc->glyph_bitmap[gdsc->bitmap_index];
    }
    return NULL;
}


static bool __user_font_get_glyph_dsc(const lv_font_t * font, lv_font_glyph_dsc_t * dsc_out, uint32_t unicode_letter, uint32_t unicode_letter_next) {
    lv_font_fmt_txt_dsc_t * fdsc = (lv_font_fmt_txt_dsc_t *) font->dsc;

    if( unicode_letter<fdsc->cmaps[0].range_start || unicode_letter>fdsc->cmaps[0].range_length ) return false;

    int i;
    if( unicode_letter==fdsc->cache->last_letter ){
        i = fdsc->cache->last_glyph_id;
    }
    else{
        i = binsearch(fdsc->cmaps[0].unicode_list, fdsc->cmaps[0].list_length, unicode_letter);
    }
    if( i != -1 ) {
        const lv_font_fmt_txt_glyph_dsc_t * gdsc = &fdsc->glyph_dsc[i];
        fdsc->cache->last_glyph_id = i;
        fdsc->cache->last_letter = unicode_letter;
        dsc_out->adv_w = gdsc->adv_w;
        dsc_out->box_h = gdsc->box_h;
        dsc_out->box_w = gdsc->box_w;
        dsc_out->ofs_x = gdsc->ofs_x;
        dsc_out->ofs_y = gdsc->ofs_y;
        dsc_out->bpp   = fdsc->bpp;
        return true;
    }
    return false;
}


//微软雅黑,Regular,20
//字模高度：43
//内部字体
//使用排序和二分查表
const lv_font_t setting_font_about1 = {
    .dsc = &font_dsc,
    .get_glyph_bitmap = __user_font_get_bitmap,
    .get_glyph_dsc = __user_font_get_glyph_dsc,
    .line_height = 43,
    .base_line = 0,
};

